adcode,parent_adcode,level,province,city,district,full_name,longitude,latitude,coordinate_system
110000,,PROVINCE,北京市,,,北京市,116.401144,39.902775,WGS84
110100,110000,CITY,北京市,北京市,,北京市,116.399042,39.903585,WGS84
110101,110100,COUNTY,北京市,北京市,东城区,北京市东城区,116.410090,39.926955,WGS84
110102,110100,COUNTY,北京市,北京市,西城区,北京市西城区,116.359648,39.911232,WGS84
110105,110100,COUNTY,北京市,北京市,朝阳区,北京市朝阳区,116.436927,39.920066,WGS84
110106,110100,COUNTY,北京市,北京市,丰台区,北京市丰台区,116.280688,39.857307,WGS84
110107,110100,COUNTY,北京市,北京市,石景山区,北京市石景山区,116.216950,39.905069,WGS84
110108,110100,COUNTY,北京市,北京市,海淀区,北京市海淀区,116.291634,39.958643,WGS84
110109,110100,COUNTY,北京市,北京市,门头沟区,北京市门头沟区,116.095338,39.939444,WGS84
110111,110100,COUNTY,北京市,北京市,房山区,北京市房山区,116.137177,39.747533,WGS84
110112,110100,COUNTY,北京市,北京市,通州区,北京市通州区,116.723175,39.915190,WGS84
110113,110100,COUNTY,北京市,北京市,顺义区,北京市顺义区,116.655562,40.148777,WGS84
110114,110100,COUNTY,北京市,北京市,昌平区,北京市昌平区,116.224943,40.219702,WGS84
110115,110100,COUNTY,北京市,北京市,大兴区,北京市大兴区,116.335355,39.725606,WGS84
110116,110100,COUNTY,北京市,北京市,怀柔区,北京市怀柔区,116.626109,40.315904,WGS84
110117,110100,COUNTY,北京市,北京市,平谷区,北京市平谷区,117.115026,40.139378,WGS84
110118,110100,COUNTY,北京市,北京市,密云区,北京市密云区,116.837307,40.375880,WGS84
110119,110100,COUNTY,北京市,北京市,延庆区,北京市延庆区,115.968513,40.455825,WGS84
120000,,PROVINCE,天津市,,,天津市,117.195202,39.084303,WGS84
120100,120000,CITY,天津市,天津市,,天津市,117.183850,39.124536,WGS84
120101,120100,COUNTY,天津市,天津市,和平区,天津市和平区,117.208422,39.115870,WGS84
120102,120100,COUNTY,天津市,天津市,河东区,天津市河东区,117.245312,39.127303,WGS84
120103,120100,COUNTY,天津市,天津市,河西区,天津市河西区,117.217099,39.108680,WGS84
120104,120100,COUNTY,天津市,天津市,南开区,天津市南开区,117.144234,39.137412,WGS84
120105,120100,COUNTY,天津市,天津市,河北区,天津市河北区,117.190551,39.146957,WGS84
120106,120100,COUNTY,天津市,天津市,红桥区,天津市红桥区,117.145160,39.166195,WGS84
120110,120100,COUNTY,天津市,天津市,东丽区,天津市东丽区,117.307203,39.085766,WGS84
120111,120100,COUNTY,天津市,天津市,西青区,天津市西青区,117.002848,39.140809,WGS84
120112,120100,COUNTY,天津市,天津市,津南区,天津市津南区,117.350221,38.935960,WGS84
120113,120100,COUNTY,天津市,天津市,北辰区,天津市北辰区,117.129180,39.223428,WGS84
120114,120100,COUNTY,天津市,天津市,武清区,天津市武清区,117.038234,39.382876,WGS84
120115,120100,COUNTY,天津市,天津市,宝坻区,天津市宝坻区,117.303313,39.715781,WGS84
120116,120100,COUNTY,天津市,天津市,滨海新区,天津市滨海新区,117.690170,39.016936,WGS84
120117,120100,COUNTY,天津市,天津市,宁河区,天津市宁河区,117.820460,39.328713,WGS84
120118,120100,COUNTY,天津市,天津市,静海区,天津市静海区,116.969497,38.946986,WGS84
120119,120100,COUNTY,天津市,天津市,蓟州区,天津市蓟州区,117.401744,40.045111,WGS84
130000,,PROVINCE,河北省,,,河北省,114.524464,38.037114,WGS84
130100,130000,CITY,河北省,石家庄市,,河北省石家庄市,114.508979,38.041370,WGS84
130102,130100,COUNTY,河北省,石家庄市,长安区,河北省石家庄市长安区,114.533051,38.036250,WGS84
130104,130100,COUNTY,河北省,石家庄市,桥西区,河北省石家庄市桥西区,114.443800,38.024433,WGS84
130105,130100,COUNTY,河北省,石家庄市,新华区,河北省石家庄市新华区,114.457704,38.049971,WGS84
130107,130100,COUNTY,河北省,石家庄市,井陉矿区,河北省石家庄市井陉矿区,114.055753,38.064651,WGS84
130108,130100,COUNTY,河北省,石家庄市,裕华区,河北省石家庄市裕华区,114.525672,38.006406,WGS84
130109,130100,COUNTY,河北省,石家庄市,藁城区,河北省石家庄市藁城区,114.840709,38.021620,WGS84
130110,130100,COUNTY,河北省,石家庄市,鹿泉区,河北省石家庄市鹿泉区,114.307353,38.085830,WGS84
130111,130100,COUNTY,河北省,石家庄市,栾城区,河北省石家庄市栾城区,114.642122,37.900367,WGS84
130121,130100,COUNTY,河北省,石家庄市,井陉县,河北省石家庄市井陉县,114.139228,38.031557,WGS84
130123,130100,COUNTY,河北省,石家庄市,正定县,河北省石家庄市正定县,114.564605,38.146506,WGS84
130125,130100,COUNTY,河北省,石家庄市,行唐县,河北省石家庄市行唐县,114.547141,38.437037,WGS84
130126,130100,COUNTY,河北省,石家庄市,灵寿县,河北省石家庄市灵寿县,114.376675,38.307116,WGS84
130127,130100,COUNTY,河北省,石家庄市,高邑县,河北省石家庄市高邑县,114.605931,37.615371,WGS84
130128,130100,COUNTY,河北省,石家庄市,深泽县,河北省石家庄市深泽县,115.194733,38.183869,WGS84
130129,130100,COUNTY,河北省,石家庄市,赞皇县,河北省石家庄市赞皇县,114.379850,37.665660,WGS84
130130,130100,COUNTY,河北省,石家庄市,无极县,河北省石家庄市无极县,114.970323,38.178291,WGS84
130131,130100,COUNTY,河北省,石家庄市,平山县,河北省石家庄市平山县,114.179661,38.259589,WGS84
130132,130100,COUNTY,河北省,石家庄市,元氏县,河北省石家庄市元氏县,114.519585,37.766677,WGS84
130133,130100,COUNTY,河北省,石家庄市,赵县,河北省石家庄市赵县,114.769959,37.756223,WGS84
130181,130100,COUNTY,河北省,石家庄市,辛集市,河北省石家庄市辛集市,115.211527,37.942513,WGS84
130183,130100,COUNTY,河北省,石家庄市,晋州市,河北省石家庄市晋州市,115.037966,38.033153,WGS84
130184,130100,COUNTY,河北省,石家庄市,新乐市,河北省石家庄市新乐市,114.677817,38.343410,WGS84
130200,130000,CITY,河北省,唐山市,,河北省唐山市,118.173852,39.629361,WGS84
130202,130200,COUNTY,河北省,唐山市,路南区,河北省唐山市路南区,118.147978,39.623623,WGS84
130203,130200,COUNTY,河北省,唐山市,路北区,河北省唐山市路北区,118.194849,39.623799,WGS84
130204,130200,COUNTY,河北省,唐山市,古冶区,河北省唐山市古冶区,118.440852,39.732517,WGS84
130205,130200,COUNTY,河北省,唐山市,开平区,河北省唐山市开平区,118.256100,39.670395,WGS84
130207,130200,COUNTY,河北省,唐山市,丰南区,河北省唐山市丰南区,118.078719,39.574640,WGS84
130208,130200,COUNTY,河北省,唐山市,丰润区,河北省唐山市丰润区,118.156051,39.831541,WGS84
130209,130200,COUNTY,河北省,唐山市,曹妃甸区,河北省唐山市曹妃甸区,118.454011,39.272301,WGS84
130224,130200,COUNTY,河北省,唐山市,滦南县,河北省唐山市滦南县,118.677708,39.519143,WGS84
130225,130200,COUNTY,河北省,唐山市,乐亭县,河北省唐山市乐亭县,118.906650,39.424749,WGS84
130227,130200,COUNTY,河北省,唐山市,迁西县,河北省唐山市迁西县,118.308412,40.140153,WGS84
130229,130200,COUNTY,河北省,唐山市,玉田县,河北省唐山市玉田县,117.731783,39.900584,WGS84
130281,130200,COUNTY,河北省,唐山市,遵化市,河北省唐山市遵化市,117.959661,40.187959,WGS84
130283,130200,COUNTY,河北省,唐山市,迁安市,河北省唐山市迁安市,118.694999,39.997638,WGS84
130284,130200,COUNTY,河北省,唐山市,滦州市,河北省唐山市滦州市,118.697016,39.739753,WGS84
130300,130000,CITY,河北省,秦皇岛市,,河北省秦皇岛市,119.514223,39.886997,WGS84
130302,130300,COUNTY,河北省,秦皇岛市,海港区,河北省秦皇岛市海港区,119.559122,39.946419,WGS84
130303,130300,COUNTY,河北省,秦皇岛市,山海关区,河北省秦皇岛市山海关区,119.769306,39.977590,WGS84
130304,130300,COUNTY,河北省,秦皇岛市,北戴河区,河北省秦皇岛市北戴河区,119.478345,39.833563,WGS84
130306,130300,COUNTY,河北省,秦皇岛市,抚宁区,河北省秦皇岛市抚宁区,119.238721,39.874969,WGS84
130321,130300,COUNTY,河北省,秦皇岛市,青龙满族自治县,河北省秦皇岛市青龙满族自治县,118.943872,40.406271,WGS84
130322,130300,COUNTY,河北省,秦皇岛市,昌黎县,河北省秦皇岛市昌黎县,119.193675,39.698359,WGS84
130324,130300,COUNTY,河北省,秦皇岛市,卢龙县,河北省秦皇岛市卢龙县,118.886070,39.891469,WGS84
130400,130000,CITY,河北省,邯郸市,,河北省邯郸市,114.533404,36.625756,WGS84
130402,130400,COUNTY,河北省,邯郸市,邯山区,河北省邯郸市邯山区,114.525290,36.594473,WGS84
130403,130400,COUNTY,河北省,邯郸市,丛台区,河北省邯郸市丛台区,114.486945,36.636201,WGS84
130404,130400,COUNTY,河北省,邯郸市,复兴区,河北省邯郸市复兴区,114.456538,36.638564,WGS84
130406,130400,COUNTY,河北省,邯郸市,峰峰矿区,河北省邯郸市峰峰矿区,114.206514,36.419184,WGS84
130407,130400,COUNTY,河北省,邯郸市,肥乡区,河北省邯郸市肥乡区,114.794410,36.548429,WGS84
130408,130400,COUNTY,河北省,邯郸市,永年区,河北省邯郸市永年区,114.530858,36.741708,WGS84
130423,130400,COUNTY,河北省,邯郸市,临漳县,河北省邯郸市临漳县,114.579913,36.322628,WGS84
130424,130400,COUNTY,河北省,邯郸市,成安县,河北省邯郸市成安县,114.664407,36.445331,WGS84
130425,130400,COUNTY,河北省,邯郸市,大名县,河北省邯郸市大名县,115.141937,36.286206,WGS84
130426,130400,COUNTY,河北省,邯郸市,涉县,河北省邯郸市涉县,113.685817,36.585991,WGS84
130427,130400,COUNTY,河北省,邯郸市,磁县,河北省邯郸市磁县,114.367858,36.374841,WGS84
130430,130400,COUNTY,河北省,邯郸市,邱县,河北省邯郸市邱县,115.194049,36.811408,WGS84
130431,130400,COUNTY,河北省,邯郸市,鸡泽县,河北省邯郸市鸡泽县,114.884291,36.911317,WGS84
130432,130400,COUNTY,河北省,邯郸市,广平县,河北省邯郸市广平县,114.915569,36.476789,WGS84
130433,130400,COUNTY,河北省,邯郸市,馆陶县,河北省邯郸市馆陶县,115.275886,36.548122,WGS84
130434,130400,COUNTY,河北省,邯郸市,魏县,河北省邯郸市魏县,114.933588,36.359350,WGS84
130435,130400,COUNTY,河北省,邯郸市,曲周县,河北省邯郸市曲周县,114.951833,36.766192,WGS84
130481,130400,COUNTY,河北省,邯郸市,武安市,河北省邯郸市武安市,114.197574,36.697317,WGS84
130500,130000,CITY,河北省,邢台市,,河北省邢台市,114.491462,37.059717,WGS84
130502,130500,COUNTY,河北省,邢台市,襄都区,河北省邢台市襄都区,114.501525,37.070827,WGS84
130503,130500,COUNTY,河北省,邢台市,信都区,河北省邢台市信都区,114.462154,37.093185,WGS84
130505,130500,COUNTY,河北省,邢台市,任泽区,河北省邢台市任泽区,114.665576,37.121535,WGS84
130506,130500,COUNTY,河北省,邢台市,南和区,河北省邢台市南和区,114.677905,37.005259,WGS84
130522,130500,COUNTY,河北省,邢台市,临城县,河北省邢台市临城县,114.492654,37.443806,WGS84
130523,130500,COUNTY,河北省,邢台市,内丘县,河北省邢台市内丘县,114.506303,37.287009,WGS84
130524,130500,COUNTY,河北省,邢台市,柏乡县,河北省邢台市柏乡县,114.687595,37.482246,WGS84
130525,130500,COUNTY,河北省,邢台市,隆尧县,河北省邢台市隆尧县,114.764595,37.350580,WGS84
130528,130500,COUNTY,河北省,邢台市,宁晋县,河北省邢台市宁晋县,114.934239,37.623961,WGS84
130529,130500,COUNTY,河北省,邢台市,巨鹿县,河北省邢台市巨鹿县,115.031824,37.220604,WGS84
130530,130500,COUNTY,河北省,邢台市,新河县,河北省邢台市新河县,115.244983,37.520172,WGS84
130531,130500,COUNTY,河北省,邢台市,广宗县,河北省邢台市广宗县,115.136620,37.074133,WGS84
130532,130500,COUNTY,河北省,邢台市,平乡县,河北省邢台市平乡县,115.024065,37.063203,WGS84
130533,130500,COUNTY,河北省,邢台市,威县,河北省邢台市威县,115.260865,36.974722,WGS84
130534,130500,COUNTY,河北省,邢台市,清河县,河北省邢台市清河县,115.659292,37.044721,WGS84
130535,130500,COUNTY,河北省,邢台市,临西县,河北省邢台市临西县,115.495288,36.870928,WGS84
130581,130500,COUNTY,河北省,邢台市,南宫市,河北省邢台市南宫市,115.402415,37.358050,WGS84
130582,130500,COUNTY,河北省,邢台市,沙河市,河北省邢台市沙河市,114.497110,36.855201,WGS84
130600,130000,CITY,河北省,保定市,,河北省保定市,115.458184,38.873561,WGS84
130602,130600,COUNTY,河北省,保定市,竞秀区,河北省保定市竞秀区,115.452315,38.876388,WGS84
130606,130600,COUNTY,河北省,保定市,莲池区,河北省保定市莲池区,115.490930,38.882696,WGS84
130607,130600,COUNTY,河北省,保定市,满城区,河北省保定市满城区,115.315956,38.948821,WGS84
130608,130600,COUNTY,河北省,保定市,清苑区,河北省保定市清苑区,115.483643,38.764479,WGS84
130609,130600,COUNTY,河北省,保定市,徐水区,河北省保定市徐水区,115.649774,39.018027,WGS84
130623,130600,COUNTY,河北省,保定市,涞水县,河北省保定市涞水县,115.707495,39.393238,WGS84
130624,130600,COUNTY,河北省,保定市,阜平县,河北省保定市阜平县,114.188729,38.848401,WGS84
130626,130600,COUNTY,河北省,保定市,定兴县,河北省保定市定兴县,115.802101,39.262229,WGS84
130627,130600,COUNTY,河北省,保定市,唐县,河北省保定市唐县,114.976944,38.747821,WGS84
130628,130600,COUNTY,河北省,保定市,高阳县,河北省保定市高阳县,115.773075,38.700136,WGS84
130629,130600,COUNTY,河北省,保定市,容城县,河北省保定市容城县,115.855727,39.042556,WGS84
130630,130600,COUNTY,河北省,保定市,涞源县,河北省保定市涞源县,114.688344,39.359624,WGS84
130631,130600,COUNTY,河北省,保定市,望都县,河北省保定市望都县,115.149104,38.695381,WGS84
130632,130600,COUNTY,河北省,保定市,安新县,河北省保定市安新县,115.929859,38.935425,WGS84
130633,130600,COUNTY,河北省,保定市,易县,河北省保定市易县,115.491208,39.349118,WGS84
130634,130600,COUNTY,河北省,保定市,曲阳县,河北省保定市曲阳县,114.734418,38.613748,WGS84
130635,130600,COUNTY,河北省,保定市,蠡县,河北省保定市蠡县,115.577799,38.487585,WGS84
130636,130600,COUNTY,河北省,保定市,顺平县,河北省保定市顺平县,115.128766,38.837051,WGS84
130637,130600,COUNTY,河北省,保定市,博野县,河北省保定市博野县,115.458007,38.457284,WGS84
130638,130600,COUNTY,河北省,保定市,雄县,河北省保定市雄县,116.102417,38.993757,WGS84
130681,130600,COUNTY,河北省,保定市,涿州市,河北省保定市涿州市,115.968465,39.484635,WGS84
130682,130600,COUNTY,河北省,保定市,定州市,河北省保定市定州市,114.984296,38.516146,WGS84
130683,130600,COUNTY,河北省,保定市,安国市,河北省保定市安国市,115.320851,38.418264,WGS84
130684,130600,COUNTY,河北省,保定市,高碑店市,河北省保定市高碑店市,115.867699,39.326323,WGS84
130700,130000,CITY,河北省,张家口市,,河北省张家口市,114.879780,40.767644,WGS84
130702,130700,COUNTY,河北省,张家口市,桥东区,河北省张家口市桥东区,114.888003,40.787175,WGS84
130703,130700,COUNTY,河北省,张家口市,桥西区,河北省张家口市桥西区,114.862458,40.818206,WGS84
130705,130700,COUNTY,河北省,张家口市,宣化区,河北省张家口市宣化区,115.092904,40.607903,WGS84
130706,130700,COUNTY,河北省,张家口市,下花园区,河北省张家口市下花园区,115.280714,40.501307,WGS84
130708,130700,COUNTY,河北省,张家口市,万全区,河北省张家口市万全区,114.734260,40.765924,WGS84
130709,130700,COUNTY,河北省,张家口市,崇礼区,河北省张家口市崇礼区,115.275876,40.973089,WGS84
130722,130700,COUNTY,河北省,张家口市,张北县,河北省张家口市张北县,114.713577,41.157284,WGS84
130723,130700,COUNTY,河北省,张家口市,康保县,河北省张家口市康保县,114.593939,41.851153,WGS84
130724,130700,COUNTY,河北省,张家口市,沽源县,河北省张家口市沽源县,115.682140,41.668511,WGS84
130725,130700,COUNTY,河北省,张家口市,尚义县,河北省张家口市尚义县,113.962119,41.075001,WGS84
130726,130700,COUNTY,河北省,张家口市,蔚县,河北省张家口市蔚县,114.583142,39.839160,WGS84
130727,130700,COUNTY,河北省,张家口市,阳原县,河北省张家口市阳原县,114.143576,40.102981,WGS84
130728,130700,COUNTY,河北省,张家口市,怀安县,河北省张家口市怀安县,114.379847,40.673713,WGS84
130730,130700,COUNTY,河北省,张家口市,怀来县,河北省张家口市怀来县,115.511535,40.414387,WGS84
130731,130700,COUNTY,河北省,张家口市,涿鹿县,河北省张家口市涿鹿县,115.190396,40.381368,WGS84
130732,130700,COUNTY,河北省,张家口市,赤城县,河北省张家口市赤城县,115.825029,40.911836,WGS84
130800,130000,CITY,河北省,承德市,,河北省承德市,117.956439,40.951378,WGS84
130802,130800,COUNTY,河北省,承德市,双桥区,河北省承德市双桥区,117.936848,40.973134,WGS84
130803,130800,COUNTY,河北省,承德市,双滦区,河北省承德市双滦区,117.793088,40.957773,WGS84
130804,130800,COUNTY,河北省,承德市,鹰手营子矿区,河北省承德市鹰手营子矿区,117.652985,40.545172,WGS84
130821,130800,COUNTY,河北省,承德市,承德县,河北省承德市承德县,118.167700,40.766442,WGS84
130822,130800,COUNTY,河北省,承德市,兴隆县,河北省承德市兴隆县,117.494021,40.416021,WGS84
130824,130800,COUNTY,河北省,承德市,滦平县,河北省承德市滦平县,117.325989,40.939894,WGS84
130825,130800,COUNTY,河北省,承德市,隆化县,河北省承德市隆化县,117.732421,41.312444,WGS84
130826,130800,COUNTY,河北省,承德市,丰宁满族自治县,河北省承德市丰宁满族自治县,116.639792,41.208237,WGS84
130827,130800,COUNTY,河北省,承德市,宽城满族自治县,河北省承德市宽城满族自治县,118.479201,40.609834,WGS84
130828,130800,COUNTY,河北省,承德市,围场满族蒙古族自治县,河北省承德市围场满族蒙古族自治县,117.752645,41.936252,WGS84
130881,130800,COUNTY,河北省,承德市,平泉市,河北省承德市平泉市,118.695875,41.016775,WGS84
130900,130000,CITY,河北省,沧州市,,河北省沧州市,116.832914,38.304107,WGS84
130902,130900,COUNTY,河北省,沧州市,新华区,河北省沧州市新华区,116.860553,38.313573,WGS84
130903,130900,COUNTY,河北省,沧州市,运河区,河北省沧州市运河区,116.837174,38.282893,WGS84
130921,130900,COUNTY,河北省,沧州市,沧县,河北省沧州市沧县,117.001451,38.219168,WGS84
130922,130900,COUNTY,河北省,沧州市,青县,河北省沧州市青县,116.798243,38.582997,WGS84
130923,130900,COUNTY,河北省,沧州市,东光县,河北省沧州市东光县,116.531482,37.888197,WGS84
130924,130900,COUNTY,河北省,沧州市,海兴县,河北省沧州市海兴县,117.491290,38.142575,WGS84
130925,130900,COUNTY,河北省,沧州市,盐山县,河北省沧州市盐山县,117.224536,38.057345,WGS84
130926,130900,COUNTY,河北省,沧州市,肃宁县,河北省沧州市肃宁县,115.823696,38.422478,WGS84
130927,130900,COUNTY,河北省,沧州市,南皮县,河北省沧州市南皮县,116.702815,38.038090,WGS84
130928,130900,COUNTY,河北省,沧州市,吴桥县,河北省沧州市吴桥县,116.385596,37.627291,WGS84
130929,130900,COUNTY,河北省,沧州市,献县,河北省沧州市献县,116.146022,38.179568,WGS84
130930,130900,COUNTY,河北省,沧州市,孟村回族自治县,河北省沧州市孟村回族自治县,117.098220,38.052537,WGS84
130981,130900,COUNTY,河北省,沧州市,泊头市,河北省沧州市泊头市,116.572737,38.083734,WGS84
130982,130900,COUNTY,河北省,沧州市,任丘市,河北省沧州市任丘市,116.078243,38.684429,WGS84
130983,130900,COUNTY,河北省,沧州市,黄骅市,河北省沧州市黄骅市,117.323724,38.371498,WGS84
130984,130900,COUNTY,河北省,沧州市,河间市,河北省沧州市河间市,116.093218,38.445812,WGS84
131000,130000,CITY,河北省,廊坊市,,河北省廊坊市,116.677647,39.537215,WGS84
131002,131000,COUNTY,河北省,廊坊市,安次区,河北省廊坊市安次区,116.688619,39.501470,WGS84
131003,131000,COUNTY,河北省,廊坊市,广阳区,河北省廊坊市广阳区,116.704699,39.522298,WGS84
131022,131000,COUNTY,河北省,廊坊市,固安县,河北省廊坊市固安县,116.292693,39.437634,WGS84
131023,131000,COUNTY,河北省,廊坊市,永清县,河北省廊坊市永清县,116.500145,39.329896,WGS84
131024,131000,COUNTY,河北省,廊坊市,香河县,河北省廊坊市香河县,116.999862,39.762550,WGS84
131025,131000,COUNTY,河北省,廊坊市,大城县,河北省廊坊市大城县,116.648198,38.704629,WGS84
131026,131000,COUNTY,河北省,廊坊市,文安县,河北省廊坊市文安县,116.451583,38.872234,WGS84
131028,131000,COUNTY,河北省,廊坊市,大厂回族自治县,河北省廊坊市大厂回族自治县,116.983458,39.885387,WGS84
131081,131000,COUNTY,河北省,廊坊市,霸州市,河北省廊坊市霸州市,116.385349,39.124089,WGS84
131082,131000,COUNTY,河北省,廊坊市,三河市,河北省廊坊市三河市,117.071765,39.981526,WGS84
131100,130000,CITY,河北省,衡水市,,河北省衡水市,115.663112,37.738739,WGS84
131102,131100,COUNTY,河北省,衡水市,桃城区,河北省衡水市桃城区,115.669321,37.734512,WGS84
131103,131100,COUNTY,河北省,衡水市,冀州区,河北省衡水市冀州区,115.573591,37.550363,WGS84
131121,131100,COUNTY,河北省,衡水市,枣强县,河北省衡水市枣强县,115.718419,37.513509,WGS84
131122,131100,COUNTY,河北省,衡水市,武邑县,河北省衡水市武邑县,115.881787,37.801475,WGS84
131123,131100,COUNTY,河北省,衡水市,武强县,河北省衡水市武强县,115.976291,38.040822,WGS84
131124,131100,COUNTY,河北省,衡水市,饶阳县,河北省衡水市饶阳县,115.719867,38.234675,WGS84
131125,131100,COUNTY,河北省,衡水市,安平县,河北省衡水市安平县,115.512860,38.234157,WGS84
131126,131100,COUNTY,河北省,衡水市,故城县,河北省衡水市故城县,115.960172,37.347306,WGS84
131127,131100,COUNTY,河北省,衡水市,景县,河北省衡水市景县,116.264790,37.692073,WGS84
131128,131100,COUNTY,河北省,衡水市,阜城县,河北省衡水市阜城县,116.169487,37.862151,WGS84
131182,131100,COUNTY,河北省,衡水市,深州市,河北省衡水市深州市,115.553682,38.000982,WGS84
140000,,PROVINCE,山西省,,,山西省,112.572533,37.813452,WGS84
140100,140000,CITY,山西省,太原市,,山西省太原市,112.543342,37.869914,WGS84
140105,140100,COUNTY,山西省,太原市,小店区,山西省太原市小店区,112.559264,37.736342,WGS84
140106,140100,COUNTY,山西省,太原市,迎泽区,山西省太原市迎泽区,112.557093,37.862797,WGS84
140107,140100,COUNTY,山西省,太原市,杏花岭区,山西省太原市杏花岭区,112.564142,37.893747,WGS84
140108,140100,COUNTY,山西省,太原市,尖草坪区,山西省太原市尖草坪区,112.479598,37.939349,WGS84
140109,140100,COUNTY,山西省,太原市,万柏林区,山西省太原市万柏林区,112.509213,37.859107,WGS84
140110,140100,COUNTY,山西省,太原市,晋源区,山西省太原市晋源区,112.471324,37.714762,WGS84
140121,140100,COUNTY,山西省,太原市,清徐县,山西省太原市清徐县,112.352764,37.607942,WGS84
140122,140100,COUNTY,山西省,太原市,阳曲县,山西省太原市阳曲县,112.666540,38.057994,WGS84
140123,140100,COUNTY,山西省,太原市,娄烦县,山西省太原市娄烦县,111.790623,38.066998,WGS84
140181,140100,COUNTY,山西省,太原市,古交市,山西省太原市古交市,112.168419,37.906671,WGS84
140200,140000,CITY,山西省,大同市,,山西省大同市,113.359591,40.095802,WGS84
140212,140200,COUNTY,山西省,大同市,新荣区,山西省大同市新荣区,113.132465,40.255021,WGS84
140213,140200,COUNTY,山西省,大同市,平城区,山西省大同市平城区,113.293177,40.075802,WGS84
140214,140200,COUNTY,山西省,大同市,云冈区,山西省大同市云冈区,113.142923,40.004549,WGS84
140215,140200,COUNTY,山西省,大同市,云州区,山西省大同市云州区,113.605840,40.039179,WGS84
140221,140200,COUNTY,山西省,大同市,阳高县,山西省大同市阳高县,113.742085,40.359847,WGS84
140222,140200,COUNTY,山西省,大同市,天镇县,山西省大同市天镇县,114.084042,40.419449,WGS84
140223,140200,COUNTY,山西省,大同市,广灵县,山西省大同市广灵县,114.276328,39.759230,WGS84
140224,140200,COUNTY,山西省,大同市,灵丘县,山西省大同市灵丘县,114.228088,39.441365,WGS84
140225,140200,COUNTY,山西省,大同市,浑源县,山西省大同市浑源县,113.685111,39.705413,WGS84
140226,140200,COUNTY,山西省,大同市,左云县,山西省大同市左云县,112.696307,40.012353,WGS84
140300,140000,CITY,山西省,阳泉市,,山西省阳泉市,113.574014,37.856585,WGS84
140302,140300,COUNTY,山西省,阳泉市,城区,山西省阳泉市城区,113.594307,37.846959,WGS84
140303,140300,COUNTY,山西省,阳泉市,矿区,山西省阳泉市矿区,113.548805,37.867947,WGS84
140311,140300,COUNTY,山西省,阳泉市,郊区,山西省阳泉市郊区,113.587594,37.943221,WGS84
140321,140300,COUNTY,山西省,阳泉市,平定县,山西省阳泉市平定县,113.623392,37.804468,WGS84
140322,140300,COUNTY,山西省,阳泉市,盂县,山西省阳泉市盂县,113.405345,38.085225,WGS84
140400,140000,CITY,山西省,长治市,,山西省长治市,113.110726,36.194972,WGS84
140403,140400,COUNTY,山西省,长治市,潞州区,山西省长治市潞州区,113.116059,36.203136,WGS84
140404,140400,COUNTY,山西省,长治市,上党区,山西省长治市上党区,113.044857,36.053026,WGS84
140405,140400,COUNTY,山西省,长治市,屯留区,山西省长治市屯留区,112.886143,36.316361,WGS84
140406,140400,COUNTY,山西省,长治市,潞城区,山西省长治市潞城区,113.222394,36.334552,WGS84
140423,140400,COUNTY,山西省,长治市,襄垣县,山西省长治市襄垣县,113.044684,36.535396,WGS84
140425,140400,COUNTY,山西省,长治市,平顺县,山西省长治市平顺县,113.429178,36.200205,WGS84
140426,140400,COUNTY,山西省,长治市,黎城县,山西省长治市黎城县,113.380295,36.501982,WGS84
140427,140400,COUNTY,山西省,长治市,壶关县,山西省长治市壶关县,113.200327,36.115630,WGS84
140428,140400,COUNTY,山西省,长治市,长子县,山西省长治市长子县,112.871774,36.122457,WGS84
140429,140400,COUNTY,山西省,长治市,武乡县,山西省长治市武乡县,112.857713,36.837718,WGS84
140430,140400,COUNTY,山西省,长治市,沁县,山西省长治市沁县,112.692879,36.755973,WGS84
140431,140400,COUNTY,山西省,长治市,沁源县,山西省长治市沁源县,112.331299,36.499810,WGS84
140500,140000,CITY,山西省,晋城市,,山西省晋城市,112.845903,35.491719,WGS84
140502,140500,COUNTY,山西省,晋城市,城区,山西省晋城市城区,112.847334,35.502879,WGS84
140521,140500,COUNTY,山西省,晋城市,沁水县,山西省晋城市沁水县,112.180395,35.690214,WGS84
140522,140500,COUNTY,山西省,晋城市,阳城县,山西省晋城市阳城县,112.408384,35.486380,WGS84
140524,140500,COUNTY,山西省,晋城市,陵川县,山西省晋城市陵川县,113.274313,35.775345,WGS84
140525,140500,COUNTY,山西省,晋城市,泽州县,山西省晋城市泽州县,112.947975,35.543877,WGS84
140581,140500,COUNTY,山西省,晋城市,高平市,山西省晋城市高平市,112.917684,35.799070,WGS84
140600,140000,CITY,山西省,朔州市,,山西省朔州市,112.426049,39.330565,WGS84
140602,140600,COUNTY,山西省,朔州市,朔城区,山西省朔州市朔城区,112.425214,39.319032,WGS84
140603,140600,COUNTY,山西省,朔州市,平鲁区,山西省朔州市平鲁区,112.281579,39.511134,WGS84
140621,140600,COUNTY,山西省,朔州市,山阴县,山西省朔州市山阴县,112.809759,39.526422,WGS84
140622,140600,COUNTY,山西省,朔州市,应县,山西省朔州市应县,113.183987,39.553301,WGS84
140623,140600,COUNTY,山西省,朔州市,右玉县,山西省朔州市右玉县,112.460060,39.987954,WGS84
140681,140600,COUNTY,山西省,朔州市,怀仁市,山西省朔州市怀仁市,113.125950,39.819213,WGS84
140700,140000,CITY,山西省,晋中市,,山西省晋中市,112.746143,37.687326,WGS84
140702,140700,COUNTY,山西省,晋中市,榆次区,山西省晋中市榆次区,112.701139,37.697999,WGS84
140703,140700,COUNTY,山西省,晋中市,太谷区,山西省晋中市太谷区,112.545040,37.420879,WGS84
140721,140700,COUNTY,山西省,晋中市,榆社县,山西省晋中市榆社县,112.968992,37.070838,WGS84
140722,140700,COUNTY,山西省,晋中市,左权县,山西省晋中市左权县,113.372622,37.082102,WGS84
140723,140700,COUNTY,山西省,晋中市,和顺县,山西省晋中市和顺县,113.563925,37.329233,WGS84
140724,140700,COUNTY,山西省,晋中市,昔阳县,山西省晋中市昔阳县,113.700668,37.611921,WGS84
140725,140700,COUNTY,山西省,晋中市,寿阳县,山西省晋中市寿阳县,113.169590,37.894427,WGS84
140727,140700,COUNTY,山西省,晋中市,祁县,山西省晋中市祁县,112.328706,37.357720,WGS84
140728,140700,COUNTY,山西省,晋中市,平遥县,山西省晋中市平遥县,112.169297,37.188994,WGS84
140729,140700,COUNTY,山西省,晋中市,灵石县,山西省晋中市灵石县,111.772281,36.847815,WGS84
140781,140700,COUNTY,山西省,晋中市,介休市,山西省晋中市介休市,111.910246,37.027312,WGS84
140800,140000,CITY,山西省,运城市,,山西省运城市,111.001265,35.027424,WGS84
140802,140800,COUNTY,山西省,运城市,盐湖区,山西省运城市盐湖区,110.992391,35.016343,WGS84
140821,140800,COUNTY,山西省,运城市,临猗县,山西省运城市临猗县,110.768988,35.145046,WGS84
140822,140800,COUNTY,山西省,运城市,万荣县,山西省运城市万荣县,110.832425,35.416280,WGS84
140823,140800,COUNTY,山西省,运城市,闻喜县,山西省运城市闻喜县,111.218446,35.357061,WGS84
140824,140800,COUNTY,山西省,运城市,稷山县,山西省运城市稷山县,110.977538,35.604821,WGS84
140825,140800,COUNTY,山西省,运城市,新绛县,山西省运城市新绛县,111.218702,35.616218,WGS84
140826,140800,COUNTY,山西省,运城市,绛县,山西省运城市绛县,111.562803,35.492222,WGS84
140827,140800,COUNTY,山西省,运城市,垣曲县,山西省运城市垣曲县,111.664105,35.298866,WGS84
140828,140800,COUNTY,山西省,运城市,夏县,山西省运城市夏县,111.213927,35.141338,WGS84
140829,140800,COUNTY,山西省,运城市,平陆县,山西省运城市平陆县,111.187943,34.830502,WGS84
140830,140800,COUNTY,山西省,运城市,芮城县,山西省运城市芮城县,110.689029,34.695351,WGS84
140881,140800,COUNTY,山西省,运城市,永济市,山西省运城市永济市,110.442260,34.867295,WGS84
140882,140800,COUNTY,山西省,运城市,河津市,山西省运城市河津市,110.706509,35.596640,WGS84
140900,140000,CITY,山西省,忻州市,,山西省忻州市,112.727589,38.415382,WGS84
140902,140900,COUNTY,山西省,忻州市,忻府区,山西省忻州市忻府区,112.739785,38.402915,WGS84
140921,140900,COUNTY,山西省,忻州市,定襄县,山西省忻州市定襄县,112.950744,38.471262,WGS84
140922,140900,COUNTY,山西省,忻州市,五台县,山西省忻州市五台县,113.248641,38.727379,WGS84
140923,140900,COUNTY,山西省,忻州市,代县,山西省忻州市代县,112.953530,39.066099,WGS84
140924,140900,COUNTY,山西省,忻州市,繁峙县,山西省忻州市繁峙县,113.258624,39.187894,WGS84
140925,140900,COUNTY,山西省,忻州市,宁武县,山西省忻州市宁武县,112.298081,39.000653,WGS84
140926,140900,COUNTY,山西省,忻州市,静乐县,山西省忻州市静乐县,111.933118,38.358903,WGS84
140927,140900,COUNTY,山西省,忻州市,神池县,山西省忻州市神池县,112.204324,39.090185,WGS84
140928,140900,COUNTY,山西省,忻州市,五寨县,山西省忻州市五寨县,111.840292,38.910486,WGS84
140929,140900,COUNTY,山西省,忻州市,岢岚县,山西省忻州市岢岚县,111.566564,38.703522,WGS84
140930,140900,COUNTY,山西省,忻州市,河曲县,山西省忻州市河曲县,111.131651,39.383365,WGS84
140931,140900,COUNTY,山西省,忻州市,保德县,山西省忻州市保德县,111.079425,39.021648,WGS84
140932,140900,COUNTY,山西省,忻州市,偏关县,山西省忻州市偏关县,111.502258,39.435901,WGS84
140981,140900,COUNTY,山西省,忻州市,原平市,山西省忻州市原平市,112.704468,38.730782,WGS84
141000,140000,CITY,山西省,临汾市,,山西省临汾市,111.513073,36.088687,WGS84
141002,141000,COUNTY,山西省,临汾市,尧都区,山西省临汾市尧都区,111.572701,36.082701,WGS84
141021,141000,COUNTY,山西省,临汾市,曲沃县,山西省临汾市曲沃县,111.469458,35.642005,WGS84
141022,141000,COUNTY,山西省,临汾市,翼城县,山西省临汾市翼城县,111.712782,35.739892,WGS84
141023,141000,COUNTY,山西省,临汾市,襄汾县,山西省临汾市襄汾县,111.435304,35.876252,WGS84
141024,141000,COUNTY,山西省,临汾市,洪洞县,山西省临汾市洪洞县,111.669484,36.254210,WGS84
141025,141000,COUNTY,山西省,临汾市,古县,山西省临汾市古县,111.914187,36.266964,WGS84
141026,141000,COUNTY,山西省,临汾市,安泽县,山西省临汾市安泽县,112.243967,36.147960,WGS84
141027,141000,COUNTY,山西省,临汾市,浮山县,山西省临汾市浮山县,111.842711,35.968333,WGS84
141028,141000,COUNTY,山西省,临汾市,吉县,山西省临汾市吉县,110.675033,36.097003,WGS84
141029,141000,COUNTY,山西省,临汾市,乡宁县,山西省临汾市乡宁县,110.841010,35.971059,WGS84
141030,141000,COUNTY,山西省,临汾市,大宁县,山西省临汾市大宁县,110.747229,36.465094,WGS84
141031,141000,COUNTY,山西省,临汾市,隰县,山西省临汾市隰县,110.935066,36.693345,WGS84
141032,141000,COUNTY,山西省,临汾市,永和县,山西省临汾市永和县,110.626571,36.759497,WGS84
141033,141000,COUNTY,山西省,临汾市,蒲县,山西省临汾市蒲县,111.090220,36.411630,WGS84
141034,141000,COUNTY,山西省,临汾市,汾西县,山西省临汾市汾西县,111.557814,36.652836,WGS84
141081,141000,COUNTY,山西省,临汾市,侯马市,山西省临汾市侯马市,111.365653,35.619171,WGS84
141082,141000,COUNTY,山西省,临汾市,霍州市,山西省临汾市霍州市,111.748721,36.568944,WGS84
141100,140000,CITY,山西省,吕梁市,,山西省吕梁市,111.138172,37.518210,WGS84
141102,141100,COUNTY,山西省,吕梁市,离石区,山西省吕梁市离石区,111.143962,37.517020,WGS84
141121,141100,COUNTY,山西省,吕梁市,文水县,山西省吕梁市文水县,112.022321,37.437404,WGS84
141122,141100,COUNTY,山西省,吕梁市,交城县,山西省吕梁市交城县,112.149237,37.550895,WGS84
141123,141100,COUNTY,山西省,吕梁市,兴县,山西省吕梁市兴县,111.120998,38.461089,WGS84
141124,141100,COUNTY,山西省,吕梁市,临县,山西省吕梁市临县,110.986688,37.950439,WGS84
141125,141100,COUNTY,山西省,吕梁市,柳林县,山西省吕梁市柳林县,110.883303,37.429388,WGS84
141126,141100,COUNTY,山西省,吕梁市,石楼县,山西省吕梁市石楼县,110.829017,36.998190,WGS84
141127,141100,COUNTY,山西省,吕梁市,岚县,山西省吕梁市岚县,111.665709,38.279129,WGS84
141128,141100,COUNTY,山西省,吕梁市,方山县,山西省吕梁市方山县,111.237996,37.894389,WGS84
141129,141100,COUNTY,山西省,吕梁市,中阳县,山西省吕梁市中阳县,111.172534,37.357138,WGS84
141130,141100,COUNTY,山西省,吕梁市,交口县,山西省吕梁市交口县,111.174980,36.981754,WGS84
141181,141100,COUNTY,山西省,吕梁市,孝义市,山西省吕梁市孝义市,111.772490,37.145575,WGS84
141182,141100,COUNTY,山西省,吕梁市,汾阳市,山西省吕梁市汾阳市,111.764369,37.260944,WGS84
150000,,PROVINCE,内蒙古自治区,,,内蒙古自治区,111.758313,40.816808,WGS84
150100,150000,CITY,内蒙古自治区,呼和浩特市,,内蒙古自治区呼和浩特市,111.741898,40.840683,WGS84
150102,150100,COUNTY,内蒙古自治区,呼和浩特市,新城区,内蒙古自治区呼和浩特市新城区,111.658572,40.856933,WGS84
150103,150100,COUNTY,内蒙古自治区,呼和浩特市,回民区,内蒙古自治区呼和浩特市回民区,111.616825,40.807667,WGS84
150104,150100,COUNTY,内蒙古自治区,呼和浩特市,玉泉区,内蒙古自治区呼和浩特市玉泉区,111.667395,40.751782,WGS84
150105,150100,COUNTY,内蒙古自治区,呼和浩特市,赛罕区,内蒙古自治区呼和浩特市赛罕区,111.694329,40.791156,WGS84
150121,150100,COUNTY,内蒙古自治区,呼和浩特市,土默特左旗,内蒙古自治区呼和浩特市土默特左旗,111.156989,40.727577,WGS84
150122,150100,COUNTY,内蒙古自治区,呼和浩特市,托克托县,内蒙古自治区呼和浩特市托克托县,111.187241,40.276505,WGS84
150123,150100,COUNTY,内蒙古自治区,呼和浩特市,和林格尔县,内蒙古自治区呼和浩特市和林格尔县,111.814930,40.378121,WGS84
150124,150100,COUNTY,内蒙古自治区,呼和浩特市,清水河县,内蒙古自治区呼和浩特市清水河县,111.640763,39.920262,WGS84
150125,150100,COUNTY,内蒙古自治区,呼和浩特市,武川县,内蒙古自治区呼和浩特市武川县,111.444174,41.094715,WGS84
150200,150000,CITY,内蒙古自治区,包头市,,内蒙古自治区包头市,109.947479,40.620222,WGS84
150202,150200,COUNTY,内蒙古自治区,包头市,东河区,内蒙古自治区包头市东河区,110.038020,40.574933,WGS84
150203,150200,COUNTY,内蒙古自治区,包头市,昆都仑区,内蒙古自治区包头市昆都仑区,109.834531,40.656917,WGS84
150204,150200,COUNTY,内蒙古自治区,包头市,青山区,内蒙古自治区包头市青山区,109.896542,40.643008,WGS84
150205,150200,COUNTY,内蒙古自治区,包头市,石拐区,内蒙古自治区包头市石拐区,110.054735,40.675310,WGS84
150206,150200,COUNTY,内蒙古自治区,包头市,白云鄂博矿区,内蒙古自治区包头市白云鄂博矿区,109.967329,41.768117,WGS84
150207,150200,COUNTY,内蒙古自治区,包头市,九原区,内蒙古自治区包头市九原区,109.962369,40.610214,WGS84
150221,150200,COUNTY,内蒙古自治区,包头市,土默特右旗,内蒙古自治区包头市土默特右旗,110.521946,40.577086,WGS84
150222,150200,COUNTY,内蒙古自治区,包头市,固阳县,内蒙古自治区包头市固阳县,110.053965,41.033049,WGS84
150223,150200,COUNTY,内蒙古自治区,包头市,达尔罕茂明安联合旗,内蒙古自治区包头市达尔罕茂明安联合旗,110.426341,41.696883,WGS84
150300,150000,CITY,内蒙古自治区,乌海市,,内蒙古自治区乌海市,106.789385,39.654099,WGS84
150302,150300,COUNTY,内蒙古自治区,乌海市,海勃湾区,内蒙古自治区乌海市海勃湾区,106.818069,39.689965,WGS84
150303,150300,COUNTY,内蒙古自治区,乌海市,海南区,内蒙古自治区乌海市海南区,106.886841,39.441062,WGS84
150304,150300,COUNTY,内蒙古自治区,乌海市,乌达区,内蒙古自治区乌海市乌达区,106.721330,39.504685,WGS84
150400,150000,CITY,内蒙古自治区,赤峰市,,内蒙古自治区赤峰市,118.881437,42.254936,WGS84
150402,150400,COUNTY,内蒙古自治区,赤峰市,红山区,内蒙古自治区赤峰市红山区,118.947748,42.294341,WGS84
150403,150400,COUNTY,内蒙古自治区,赤峰市,元宝山区,内蒙古自治区赤峰市元宝山区,119.282038,42.037436,WGS84
150404,150400,COUNTY,内蒙古自治区,赤峰市,松山区,内蒙古自治区赤峰市松山区,118.909980,42.297865,WGS84
150421,150400,COUNTY,内蒙古自治区,赤峰市,阿鲁科尔沁旗,内蒙古自治区赤峰市阿鲁科尔沁旗,120.059187,43.870048,WGS84
150422,150400,COUNTY,内蒙古自治区,赤峰市,巴林左旗,内蒙古自治区赤峰市巴林左旗,119.355949,43.959276,WGS84
150423,150400,COUNTY,内蒙古自治区,赤峰市,巴林右旗,内蒙古自治区赤峰市巴林右旗,118.657820,43.531987,WGS84
150424,150400,COUNTY,内蒙古自治区,赤峰市,林西县,内蒙古自治区赤峰市林西县,118.048464,43.615724,WGS84
150425,150400,COUNTY,内蒙古自治区,赤峰市,克什克腾旗,内蒙古自治区赤峰市克什克腾旗,117.538636,43.262880,WGS84
150426,150400,COUNTY,内蒙古自治区,赤峰市,翁牛特旗,内蒙古自治区赤峰市翁牛特旗,118.999660,42.934295,WGS84
150428,150400,COUNTY,内蒙古自治区,赤峰市,喀喇沁旗,内蒙古自治区赤峰市喀喇沁旗,118.695654,41.925010,WGS84
150429,150400,COUNTY,内蒙古自治区,赤峰市,宁城县,内蒙古自治区赤峰市宁城县,119.313621,41.597992,WGS84
150430,150400,COUNTY,内蒙古自治区,赤峰市,敖汉旗,内蒙古自治区赤峰市敖汉旗,119.915598,42.288773,WGS84
150500,150000,CITY,内蒙古自治区,通辽市,,内蒙古自治区通辽市,122.237753,43.651201,WGS84
150502,150500,COUNTY,内蒙古自治区,通辽市,科尔沁区,内蒙古自治区通辽市科尔沁区,122.249904,43.620760,WGS84
150521,150500,COUNTY,内蒙古自治区,通辽市,科尔沁左翼中旗,内蒙古自治区通辽市科尔沁左翼中旗,123.305944,44.124422,WGS84
150522,150500,COUNTY,内蒙古自治区,通辽市,科尔沁左翼后旗,内蒙古自治区通辽市科尔沁左翼后旗,122.351143,42.932649,WGS84
150523,150500,COUNTY,内蒙古自治区,通辽市,开鲁县,内蒙古自治区通辽市开鲁县,121.313338,43.599024,WGS84
150524,150500,COUNTY,内蒙古自治区,通辽市,库伦旗,内蒙古自治区通辽市库伦旗,121.805112,42.733367,WGS84
150525,150500,COUNTY,内蒙古自治区,通辽市,奈曼旗,内蒙古自治区通辽市奈曼旗,120.652388,42.865310,WGS84
150526,150500,COUNTY,内蒙古自治区,通辽市,扎鲁特旗,内蒙古自治区通辽市扎鲁特旗,120.912364,44.565385,WGS84
150581,150500,COUNTY,内蒙古自治区,通辽市,霍林郭勒市,内蒙古自治区通辽市霍林郭勒市,119.674598,45.531740,WGS84
150600,150000,CITY,内蒙古自治区,鄂尔多斯市,,内蒙古自治区鄂尔多斯市,109.776755,39.607722,WGS84
150602,150600,COUNTY,内蒙古自治区,鄂尔多斯市,东胜区,内蒙古自治区鄂尔多斯市东胜区,109.957793,39.822115,WGS84
150603,150600,COUNTY,内蒙古自治区,鄂尔多斯市,康巴什区,内蒙古自治区鄂尔多斯市康巴什区,109.853028,39.607032,WGS84
150621,150600,COUNTY,内蒙古自治区,鄂尔多斯市,达拉特旗,内蒙古自治区鄂尔多斯市达拉特旗,110.028197,40.411540,WGS84
150622,150600,COUNTY,内蒙古自治区,鄂尔多斯市,准格尔旗,内蒙古自治区鄂尔多斯市准格尔旗,111.267552,40.091397,WGS84
150623,150600,COUNTY,内蒙古自治区,鄂尔多斯市,鄂托克前旗,内蒙古自治区鄂尔多斯市鄂托克前旗,107.472101,38.181834,WGS84
150624,150600,COUNTY,内蒙古自治区,鄂尔多斯市,鄂托克旗,内蒙古自治区鄂尔多斯市鄂托克旗,107.970892,39.088870,WGS84
150625,150600,COUNTY,内蒙古自治区,鄂尔多斯市,杭锦旗,内蒙古自治区鄂尔多斯市杭锦旗,108.730794,39.832209,WGS84
150626,150600,COUNTY,内蒙古自治区,鄂尔多斯市,乌审旗,内蒙古自治区鄂尔多斯市乌审旗,108.814424,38.604063,WGS84
150627,150600,COUNTY,内蒙古自治区,鄂尔多斯市,伊金霍洛旗,内蒙古自治区鄂尔多斯市伊金霍洛旗,109.741709,39.564041,WGS84
150700,150000,CITY,内蒙古自治区,呼伦贝尔市,,内蒙古自治区呼伦贝尔市,119.771128,49.164601,WGS84
150702,150700,COUNTY,内蒙古自治区,呼伦贝尔市,海拉尔区,内蒙古自治区呼伦贝尔市海拉尔区,119.817354,49.232841,WGS84
150703,150700,COUNTY,内蒙古自治区,呼伦贝尔市,扎赉诺尔区,内蒙古自治区呼伦贝尔市扎赉诺尔区,117.662077,49.509488,WGS84
150721,150700,COUNTY,内蒙古自治区,呼伦贝尔市,阿荣旗,内蒙古自治区呼伦贝尔市阿荣旗,123.451811,48.124322,WGS84
150722,150700,COUNTY,内蒙古自治区,呼伦贝尔市,莫力达瓦达斡尔族自治旗,内蒙古自治区呼伦贝尔市莫力达瓦达斡尔族自治旗,124.512174,48.475725,WGS84
150723,150700,COUNTY,内蒙古自治区,呼伦贝尔市,鄂伦春自治旗,内蒙古自治区呼伦贝尔市鄂伦春自治旗,123.718190,50.590172,WGS84
150724,150700,COUNTY,内蒙古自治区,呼伦贝尔市,鄂温克族自治旗,内蒙古自治区呼伦贝尔市鄂温克族自治旗,119.747900,49.144751,WGS84
150725,150700,COUNTY,内蒙古自治区,呼伦贝尔市,陈巴尔虎旗,内蒙古自治区呼伦贝尔市陈巴尔虎旗,119.416135,49.326805,WGS84
150726,150700,COUNTY,内蒙古自治区,呼伦贝尔市,新巴尔虎左旗,内蒙古自治区呼伦贝尔市新巴尔虎左旗,118.262303,48.216354,WGS84
150727,150700,COUNTY,内蒙古自治区,呼伦贝尔市,新巴尔虎右旗,内蒙古自治区呼伦贝尔市新巴尔虎右旗,116.816327,48.670141,WGS84
150781,150700,COUNTY,内蒙古自治区,呼伦贝尔市,满洲里市,内蒙古自治区呼伦贝尔市满洲里市,117.370852,49.596660,WGS84
150782,150700,COUNTY,内蒙古自治区,呼伦贝尔市,牙克石市,内蒙古自治区呼伦贝尔市牙克石市,120.705094,49.284009,WGS84
150783,150700,COUNTY,内蒙古自治区,呼伦贝尔市,扎兰屯市,内蒙古自治区呼伦贝尔市扎兰屯市,122.702207,48.026321,WGS84
150784,150700,COUNTY,内蒙古自治区,呼伦贝尔市,额尔古纳市,内蒙古自治区呼伦贝尔市额尔古纳市,120.173262,50.241538,WGS84
150785,150700,COUNTY,内蒙古自治区,呼伦贝尔市,根河市,内蒙古自治区呼伦贝尔市根河市,121.513232,50.778426,WGS84
150800,150000,CITY,内蒙古自治区,巴彦淖尔市,,内蒙古自治区巴彦淖尔市,107.382181,40.741545,WGS84
150802,150800,COUNTY,内蒙古自治区,巴彦淖尔市,临河区,内蒙古自治区巴彦淖尔市临河区,107.357998,40.749551,WGS84
150821,150800,COUNTY,内蒙古自治区,巴彦淖尔市,五原县,内蒙古自治区巴彦淖尔市五原县,108.262178,41.086875,WGS84
150822,150800,COUNTY,内蒙古自治区,巴彦淖尔市,磴口县,内蒙古自治区巴彦淖尔市磴口县,107.003225,40.329477,WGS84
150823,150800,COUNTY,内蒙古自治区,巴彦淖尔市,乌拉特前旗,内蒙古自治区巴彦淖尔市乌拉特前旗,108.647014,40.735866,WGS84
150824,150800,COUNTY,内蒙古自治区,巴彦淖尔市,乌拉特中旗,内蒙古自治区巴彦淖尔市乌拉特中旗,108.508352,41.586287,WGS84
150825,150800,COUNTY,内蒙古自治区,巴彦淖尔市,乌拉特后旗,内蒙古自治区巴彦淖尔市乌拉特后旗,107.069344,41.082418,WGS84
150826,150800,COUNTY,内蒙古自治区,巴彦淖尔市,杭锦后旗,内蒙古自治区巴彦淖尔市杭锦后旗,107.145886,40.885082,WGS84
150900,150000,CITY,内蒙古自治区,乌兰察布市,,内蒙古自治区乌兰察布市,113.124951,40.992751,WGS84
150902,150900,COUNTY,内蒙古自治区,乌兰察布市,集宁区,内蒙古自治区乌兰察布市集宁区,113.161760,40.999017,WGS84
150921,150900,COUNTY,内蒙古自治区,乌兰察布市,卓资县,内蒙古自治区乌兰察布市卓资县,112.571085,40.893278,WGS84
150922,150900,COUNTY,内蒙古自治区,乌兰察布市,化德县,内蒙古自治区乌兰察布市化德县,114.003411,41.902082,WGS84
150923,150900,COUNTY,内蒙古自治区,乌兰察布市,商都县,内蒙古自治区乌兰察布市商都县,113.570881,41.560361,WGS84
150924,150900,COUNTY,内蒙古自治区,乌兰察布市,兴和县,内蒙古自治区乌兰察布市兴和县,113.827430,40.870873,WGS84
150925,150900,COUNTY,内蒙古自治区,乌兰察布市,凉城县,内蒙古自治区乌兰察布市凉城县,112.497438,40.531097,WGS84
150926,150900,COUNTY,内蒙古自治区,乌兰察布市,察哈尔右翼前旗,内蒙古自治区乌兰察布市察哈尔右翼前旗,113.205319,40.782082,WGS84
150927,150900,COUNTY,内蒙古自治区,乌兰察布市,察哈尔右翼中旗,内蒙古自治区乌兰察布市察哈尔右翼中旗,112.628650,41.275798,WGS84
150928,150900,COUNTY,内蒙古自治区,乌兰察布市,察哈尔右翼后旗,内蒙古自治区乌兰察布市察哈尔右翼后旗,113.184280,41.433943,WGS84
150929,150900,COUNTY,内蒙古自治区,乌兰察布市,四子王旗,内蒙古自治区乌兰察布市四子王旗,111.699713,41.531657,WGS84
150981,150900,COUNTY,内蒙古自治区,乌兰察布市,丰镇市,内蒙古自治区乌兰察布市丰镇市,113.102665,40.435613,WGS84
152200,150000,CITY,内蒙古自治区,兴安盟,,内蒙古自治区兴安盟,122.031690,46.080416,WGS84
152201,152200,COUNTY,内蒙古自治区,兴安盟,乌兰浩特市,内蒙古自治区兴安盟乌兰浩特市,122.087096,46.070181,WGS84
152202,152200,COUNTY,内蒙古自治区,兴安盟,阿尔山市,内蒙古自治区兴安盟阿尔山市,119.937014,47.175564,WGS84
152221,152200,COUNTY,内蒙古自治区,兴安盟,科尔沁右翼前旗,内蒙古自治区兴安盟科尔沁右翼前旗,121.946828,46.077940,WGS84
152222,152200,COUNTY,内蒙古自治区,兴安盟,科尔沁右翼中旗,内蒙古自治区兴安盟科尔沁右翼中旗,121.470232,45.058693,WGS84
152223,152200,COUNTY,内蒙古自治区,兴安盟,扎赉特旗,内蒙古自治区兴安盟扎赉特旗,122.893637,46.721439,WGS84
152224,152200,COUNTY,内蒙古自治区,兴安盟,突泉县,内蒙古自治区兴安盟突泉县,121.588195,45.380098,WGS84
152500,150000,CITY,内蒙古自治区,锡林郭勒盟,,内蒙古自治区锡林郭勒盟,116.040568,43.931041,WGS84
152501,152500,COUNTY,内蒙古自治区,锡林郭勒盟,二连浩特市,内蒙古自治区锡林郭勒盟二连浩特市,111.942488,43.640901,WGS84
152502,152500,COUNTY,内蒙古自治区,锡林郭勒盟,锡林浩特市,内蒙古自治区锡林郭勒盟锡林浩特市,116.078926,43.931182,WGS84
152522,152500,COUNTY,内蒙古自治区,锡林郭勒盟,阿巴嘎旗,内蒙古自治区锡林郭勒盟阿巴嘎旗,114.943573,44.021004,WGS84
152523,152500,COUNTY,内蒙古自治区,锡林郭勒盟,苏尼特左旗,内蒙古自治区锡林郭勒盟苏尼特左旗,113.659906,43.857797,WGS84
152524,152500,COUNTY,内蒙古自治区,锡林郭勒盟,苏尼特右旗,内蒙古自治区锡林郭勒盟苏尼特右旗,112.634891,42.740563,WGS84
152525,152500,COUNTY,内蒙古自治区,锡林郭勒盟,东乌珠穆沁旗,内蒙古自治区锡林郭勒盟东乌珠穆沁旗,116.968368,45.495545,WGS84
152526,152500,COUNTY,内蒙古自治区,锡林郭勒盟,西乌珠穆沁旗,内蒙古自治区锡林郭勒盟西乌珠穆沁旗,117.601793,44.586132,WGS84
152527,152500,COUNTY,内蒙古自治区,锡林郭勒盟,太仆寺旗,内蒙古自治区锡林郭勒盟太仆寺旗,115.276580,41.874813,WGS84
152528,152500,COUNTY,内蒙古自治区,锡林郭勒盟,镶黄旗,内蒙古自治区锡林郭勒盟镶黄旗,113.840394,42.230496,WGS84
152529,152500,COUNTY,内蒙古自治区,锡林郭勒盟,正镶白旗,内蒙古自治区锡林郭勒盟正镶白旗,115.023076,42.285407,WGS84
152530,152500,COUNTY,内蒙古自治区,锡林郭勒盟,正蓝旗,内蒙古自治区锡林郭勒盟正蓝旗,115.985262,42.239814,WGS84
152531,152500,COUNTY,内蒙古自治区,锡林郭勒盟,多伦县,内蒙古自治区锡林郭勒盟多伦县,116.479162,42.201332,WGS84
152900,150000,CITY,内蒙古自治区,阿拉善盟,,内蒙古自治区阿拉善盟,105.724872,38.850993,WGS84
152921,152900,COUNTY,内蒙古自治区,阿拉善盟,阿拉善左旗,内蒙古自治区阿拉善盟阿拉善左旗,105.662108,38.833140,WGS84
152922,152900,COUNTY,内蒙古自治区,阿拉善盟,阿拉善右旗,内蒙古自治区阿拉善盟阿拉善右旗,101.664963,39.215592,WGS84
152923,152900,COUNTY,内蒙古自治区,阿拉善盟,额济纳旗,内蒙古自治区阿拉善盟额济纳旗,101.053654,41.952111,WGS84
210000,,PROVINCE,辽宁省,,,辽宁省,123.428950,41.834311,WGS84
210100,210000,CITY,辽宁省,沈阳市,,辽宁省沈阳市,123.458614,41.675210,WGS84
210102,210100,COUNTY,辽宁省,沈阳市,和平区,辽宁省沈阳市和平区,123.414254,41.787323,WGS84
210103,210100,COUNTY,辽宁省,沈阳市,沈河区,辽宁省沈阳市沈河区,123.452747,41.793297,WGS84
210104,210100,COUNTY,辽宁省,沈阳市,大东区,辽宁省沈阳市大东区,123.463764,41.802926,WGS84
210105,210100,COUNTY,辽宁省,沈阳市,皇姑区,辽宁省沈阳市皇姑区,123.435336,41.822151,WGS84
210106,210100,COUNTY,辽宁省,沈阳市,铁西区,辽宁省沈阳市铁西区,123.328789,41.819365,WGS84
210111,210100,COUNTY,辽宁省,沈阳市,苏家屯区,辽宁省沈阳市苏家屯区,123.337938,41.662795,WGS84
210112,210100,COUNTY,辽宁省,沈阳市,浑南区,辽宁省沈阳市浑南区,123.443495,41.712326,WGS84
210113,210100,COUNTY,辽宁省,沈阳市,沈北新区,辽宁省沈阳市沈北新区,123.578472,41.910983,WGS84
210114,210100,COUNTY,辽宁省,沈阳市,于洪区,辽宁省沈阳市于洪区,123.302154,41.791619,WGS84
210115,210100,COUNTY,辽宁省,沈阳市,辽中区,辽宁省沈阳市辽中区,122.760765,41.515261,WGS84
210123,210100,COUNTY,辽宁省,沈阳市,康平县,辽宁省沈阳市康平县,123.337552,42.724860,WGS84
210124,210100,COUNTY,辽宁省,沈阳市,法库县,辽宁省沈阳市法库县,123.434062,42.498685,WGS84
210181,210100,COUNTY,辽宁省,沈阳市,新民市,辽宁省沈阳市新民市,122.830590,41.983616,WGS84
210200,210000,CITY,辽宁省,大连市,,辽宁省大连市,121.609845,38.913188,WGS84
210202,210200,COUNTY,辽宁省,大连市,中山区,辽宁省大连市中山区,121.640022,38.917548,WGS84
210203,210200,COUNTY,辽宁省,大连市,西岗区,辽宁省大连市西岗区,121.607521,38.913978,WGS84
210204,210200,COUNTY,辽宁省,大连市,沙河口区,辽宁省大连市沙河口区,121.589259,38.904004,WGS84
210211,210200,COUNTY,辽宁省,大连市,甘井子区,辽宁省大连市甘井子区,121.520353,38.952081,WGS84
210212,210200,COUNTY,辽宁省,大连市,旅顺口区,辽宁省大连市旅顺口区,121.256804,38.850829,WGS84
210213,210200,COUNTY,辽宁省,大连市,金州区,辽宁省大连市金州区,121.777392,39.049182,WGS84
210214,210200,COUNTY,辽宁省,大连市,普兰店区,辽宁省大连市普兰店区,121.933392,39.390492,WGS84
210224,210200,COUNTY,辽宁省,大连市,长海县,辽宁省大连市长海县,122.583688,39.271767,WGS84
210281,210200,COUNTY,辽宁省,大连市,瓦房店市,辽宁省大连市瓦房店市,121.974432,39.625771,WGS84
210283,210200,COUNTY,辽宁省,大连市,庄河市,辽宁省大连市庄河市,122.960707,39.679590,WGS84
210300,210000,CITY,辽宁省,鞍山市,,辽宁省鞍山市,122.988710,41.106338,WGS84
210302,210300,COUNTY,辽宁省,鞍山市,铁东区,辽宁省鞍山市铁东区,122.985433,41.087702,WGS84
210303,210300,COUNTY,辽宁省,鞍山市,铁西区,辽宁省鞍山市铁西区,122.964167,41.117877,WGS84
210304,210300,COUNTY,辽宁省,鞍山市,立山区,辽宁省鞍山市立山区,123.023449,41.148362,WGS84
210311,210300,COUNTY,辽宁省,鞍山市,千山区,辽宁省鞍山市千山区,122.939482,41.067154,WGS84
210321,210300,COUNTY,辽宁省,鞍山市,台安县,辽宁省鞍山市台安县,122.430566,41.410565,WGS84
210323,210300,COUNTY,辽宁省,鞍山市,岫岩满族自治县,辽宁省鞍山市岫岩满族自治县,123.275288,40.289569,WGS84
210381,210300,COUNTY,辽宁省,鞍山市,海城市,辽宁省鞍山市海城市,122.680012,40.880891,WGS84
210400,210000,CITY,辽宁省,抚顺市,,辽宁省抚顺市,123.951293,41.879168,WGS84
210402,210400,COUNTY,辽宁省,抚顺市,新抚区,辽宁省抚顺市新抚区,123.907232,41.859832,WGS84
210403,210400,COUNTY,辽宁省,抚顺市,东洲区,辽宁省抚顺市东洲区,124.032458,41.850630,WGS84
210404,210400,COUNTY,辽宁省,抚顺市,望花区,辽宁省抚顺市望花区,123.778287,41.851228,WGS84
210411,210400,COUNTY,辽宁省,抚顺市,顺城区,辽宁省抚顺市顺城区,123.939307,41.881255,WGS84
210421,210400,COUNTY,辽宁省,抚顺市,抚顺县,辽宁省抚顺市抚顺县,123.894239,41.728009,WGS84
210422,210400,COUNTY,辽宁省,抚顺市,新宾满族自治县,辽宁省抚顺市新宾满族自治县,125.033876,41.731637,WGS84
210423,210400,COUNTY,辽宁省,抚顺市,清原满族自治县,辽宁省抚顺市清原满族自治县,124.918278,42.098704,WGS84
210500,210000,CITY,辽宁省,本溪市,,辽宁省本溪市,123.760779,41.292031,WGS84
210502,210500,COUNTY,辽宁省,本溪市,平山区,辽宁省本溪市平山区,123.763192,41.297563,WGS84
210503,210500,COUNTY,辽宁省,本溪市,溪湖区,辽宁省本溪市溪湖区,123.761923,41.327196,WGS84
210504,210500,COUNTY,辽宁省,本溪市,明山区,辽宁省本溪市明山区,123.856054,41.341640,WGS84
210505,210500,COUNTY,辽宁省,本溪市,南芬区,辽宁省本溪市南芬区,123.738956,41.098330,WGS84
210521,210500,COUNTY,辽宁省,本溪市,本溪满族自治县,辽宁省本溪市本溪满族自治县,124.113498,41.299266,WGS84
210522,210500,COUNTY,辽宁省,本溪市,桓仁满族自治县,辽宁省本溪市桓仁满族自治县,125.354859,41.264792,WGS84
210600,210000,CITY,辽宁省,丹东市,,辽宁省丹东市,124.348660,39.999110,WGS84
210602,210600,COUNTY,辽宁省,丹东市,元宝区,辽宁省丹东市元宝区,124.389739,40.134953,WGS84
210603,210600,COUNTY,辽宁省,丹东市,振兴区,辽宁省丹东市振兴区,124.377556,40.128120,WGS84
210604,210600,COUNTY,辽宁省,丹东市,振安区,辽宁省丹东市振安区,124.464264,40.200014,WGS84
210624,210600,COUNTY,辽宁省,丹东市,宽甸满族自治县,辽宁省丹东市宽甸满族自治县,124.777949,40.729668,WGS84
210681,210600,COUNTY,辽宁省,丹东市,东港市,辽宁省丹东市东港市,124.146789,39.861661,WGS84
210682,210600,COUNTY,辽宁省,丹东市,凤城市,辽宁省丹东市凤城市,124.060960,40.450541,WGS84
210700,210000,CITY,辽宁省,锦州市,,辽宁省锦州市,121.121210,41.094060,WGS84
210702,210700,COUNTY,辽宁省,锦州市,古塔区,辽宁省锦州市古塔区,121.122764,41.115411,WGS84
210703,210700,COUNTY,辽宁省,锦州市,凌河区,辽宁省锦州市凌河区,121.145454,41.113020,WGS84
210711,210700,COUNTY,辽宁省,锦州市,太和区,辽宁省锦州市太和区,121.097784,41.107157,WGS84
210726,210700,COUNTY,辽宁省,锦州市,黑山县,辽宁省锦州市黑山县,122.121094,41.651164,WGS84
210727,210700,COUNTY,辽宁省,锦州市,义县,辽宁省锦州市义县,121.234054,41.531389,WGS84
210781,210700,COUNTY,辽宁省,锦州市,凌海市,辽宁省锦州市凌海市,121.349350,41.158565,WGS84
210782,210700,COUNTY,辽宁省,锦州市,北镇市,辽宁省锦州市北镇市,121.772066,41.586476,WGS84
210800,210000,CITY,辽宁省,营口市,,辽宁省营口市,122.213951,40.623471,WGS84
210802,210800,COUNTY,辽宁省,营口市,站前区,辽宁省营口市站前区,122.253894,40.671498,WGS84
210803,210800,COUNTY,辽宁省,营口市,西市区,辽宁省营口市西市区,122.201203,40.665106,WGS84
210804,210800,COUNTY,辽宁省,营口市,鲅鱼圈区,辽宁省营口市鲅鱼圈区,122.116387,40.225156,WGS84
210811,210800,COUNTY,辽宁省,营口市,老边区,辽宁省营口市老边区,122.302736,40.669666,WGS84
210881,210800,COUNTY,辽宁省,营口市,盖州市,辽宁省营口市盖州市,122.343169,40.398712,WGS84
210882,210800,COUNTY,辽宁省,营口市,大石桥市,辽宁省营口市大石桥市,122.477140,40.663219,WGS84
210900,210000,CITY,辽宁省,阜新市,,辽宁省阜新市,121.664656,42.019928,WGS84
210902,210900,COUNTY,辽宁省,阜新市,海州区,辽宁省阜新市海州区,121.657215,42.015707,WGS84
210903,210900,COUNTY,辽宁省,阜新市,新邱区,辽宁省阜新市新邱区,121.786591,42.085369,WGS84
210904,210900,COUNTY,辽宁省,阜新市,太平区,辽宁省阜新市太平区,121.673223,42.008571,WGS84
210905,210900,COUNTY,辽宁省,阜新市,清河门区,辽宁省阜新市清河门区,121.410314,41.780704,WGS84
210911,210900,COUNTY,辽宁省,阜新市,细河区,辽宁省阜新市细河区,121.674738,42.023293,WGS84
210921,210900,COUNTY,辽宁省,阜新市,阜新蒙古族自治县,辽宁省阜新市阜新蒙古族自治县,121.752383,42.062970,WGS84
210922,210900,COUNTY,辽宁省,阜新市,彰武县,辽宁省阜新市彰武县,122.533296,42.384157,WGS84
211000,210000,CITY,辽宁省,辽阳市,,辽宁省辽阳市,123.233933,41.265328,WGS84
211002,211000,COUNTY,辽宁省,辽阳市,白塔区,辽宁省辽阳市白塔区,123.168532,41.268233,WGS84
211003,211000,COUNTY,辽宁省,辽阳市,文圣区,辽宁省辽阳市文圣区,123.225522,41.280294,WGS84
211004,211000,COUNTY,辽宁省,辽阳市,宏伟区,辽宁省辽阳市宏伟区,123.190955,41.215767,WGS84
211005,211000,COUNTY,辽宁省,辽阳市,弓长岭区,辽宁省辽阳市弓长岭区,123.413509,41.149625,WGS84
211011,211000,COUNTY,辽宁省,辽阳市,太子河区,辽宁省辽阳市太子河区,123.175634,41.292855,WGS84
211021,211000,COUNTY,辽宁省,辽阳市,辽阳县,辽宁省辽阳市辽阳县,123.100561,41.204046,WGS84
211081,211000,COUNTY,辽宁省,辽阳市,灯塔市,辽宁省辽阳市灯塔市,123.333446,41.424270,WGS84
211100,210000,CITY,辽宁省,盘锦市,,辽宁省盘锦市,122.165400,40.717858,WGS84
211102,211100,COUNTY,辽宁省,盘锦市,双台子区,辽宁省盘锦市双台子区,122.070466,41.210238,WGS84
211103,211100,COUNTY,辽宁省,盘锦市,兴隆台区,辽宁省盘锦市兴隆台区,122.065200,41.118178,WGS84
211104,211100,COUNTY,辽宁省,盘锦市,大洼区,辽宁省盘锦市大洼区,122.076743,41.000680,WGS84
211122,211100,COUNTY,辽宁省,盘锦市,盘山县,辽宁省盘锦市盘山县,121.991127,41.241377,WGS84
211200,210000,CITY,辽宁省,铁岭市,,辽宁省铁岭市,123.720005,42.221488,WGS84
211202,211200,COUNTY,辽宁省,铁岭市,银州区,辽宁省铁岭市银州区,123.836600,42.284449,WGS84
211204,211200,COUNTY,辽宁省,铁岭市,清河区,辽宁省铁岭市清河区,124.153087,42.544754,WGS84
211221,211200,COUNTY,辽宁省,铁岭市,铁岭县,辽宁省铁岭市铁岭县,123.722926,42.221171,WGS84
211223,211200,COUNTY,辽宁省,铁岭市,西丰县,辽宁省铁岭市西丰县,124.721509,42.735878,WGS84
211224,211200,COUNTY,辽宁省,铁岭市,昌图县,辽宁省铁岭市昌图县,124.080361,42.776844,WGS84
211281,211200,COUNTY,辽宁省,铁岭市,调兵山市,辽宁省铁岭市调兵山市,123.561200,42.465929,WGS84
211282,211200,COUNTY,辽宁省,铁岭市,开原市,辽宁省铁岭市开原市,124.045710,42.575261,WGS84
211300,210000,CITY,辽宁省,朝阳市,,辽宁省朝阳市,120.483244,41.599643,WGS84
211302,211300,COUNTY,辽宁省,朝阳市,双塔区,辽宁省朝阳市双塔区,120.448030,41.563525,WGS84
211303,211300,COUNTY,辽宁省,朝阳市,龙城区,辽宁省朝阳市龙城区,120.407604,41.574412,WGS84
211321,211300,COUNTY,辽宁省,朝阳市,朝阳县,辽宁省朝阳市朝阳县,120.384232,41.495620,WGS84
211322,211300,COUNTY,辽宁省,朝阳市,建平县,辽宁省朝阳市建平县,119.637305,41.400984,WGS84
211324,211300,COUNTY,辽宁省,朝阳市,喀喇沁左翼蒙古族自治县,辽宁省朝阳市喀喇沁左翼蒙古族自治县,119.735161,41.126280,WGS84
211381,211300,COUNTY,辽宁省,朝阳市,北票市,辽宁省朝阳市北票市,120.765943,41.798924,WGS84
211382,211300,COUNTY,辽宁省,朝阳市,凌源市,辽宁省朝阳市凌源市,119.395052,41.243305,WGS84
211400,210000,CITY,辽宁省,葫芦岛市,,辽宁省葫芦岛市,120.831595,40.709516,WGS84
211402,211400,COUNTY,辽宁省,葫芦岛市,连山区,辽宁省葫芦岛市连山区,120.864032,40.773333,WGS84
211403,211400,COUNTY,辽宁省,葫芦岛市,龙港区,辽宁省葫芦岛市龙港区,120.888963,40.734320,WGS84
211404,211400,COUNTY,辽宁省,葫芦岛市,南票区,辽宁省葫芦岛市南票区,120.744345,41.105330,WGS84
211421,211400,COUNTY,辽宁省,葫芦岛市,绥中县,辽宁省葫芦岛市绥中县,120.338755,40.324107,WGS84
211422,211400,COUNTY,辽宁省,葫芦岛市,建昌县,辽宁省葫芦岛市建昌县,119.830856,40.822962,WGS84
211481,211400,COUNTY,辽宁省,葫芦岛市,兴城市,辽宁省葫芦岛市兴城市,120.751356,40.608501,WGS84
220000,,PROVINCE,吉林省,,,吉林省,125.319295,43.894542,WGS84
220100,220000,CITY,吉林省,长春市,,吉林省长春市,125.317154,43.814555,WGS84
220102,220100,COUNTY,吉林省,长春市,南关区,吉林省长春市南关区,125.300788,43.796244,WGS84
220103,220100,COUNTY,吉林省,长春市,宽城区,吉林省长春市宽城区,125.320097,43.941148,WGS84
220104,220100,COUNTY,吉林省,长春市,朝阳区,吉林省长春市朝阳区,125.281759,43.831469,WGS84
220105,220100,COUNTY,吉林省,长春市,二道区,吉林省长春市二道区,125.367568,43.863409,WGS84
220106,220100,COUNTY,吉林省,长春市,绿园区,吉林省长春市绿园区,125.249830,43.878717,WGS84
220112,220100,COUNTY,吉林省,长春市,双阳区,吉林省长春市双阳区,125.658455,43.522999,WGS84
220113,220100,COUNTY,吉林省,长春市,九台区,吉林省长春市九台区,125.833401,44.149593,WGS84
220122,220100,COUNTY,吉林省,长春市,农安县,吉林省长春市农安县,125.178356,44.430711,WGS84
220182,220100,COUNTY,吉林省,长春市,榆树市,吉林省长春市榆树市,126.527209,44.838298,WGS84
220183,220100,COUNTY,吉林省,长春市,德惠市,吉林省长春市德惠市,125.722154,44.519775,WGS84
220184,220100,COUNTY,吉林省,长春市,公主岭市,吉林省长春市公主岭市,124.787687,43.492671,WGS84
220200,220000,CITY,吉林省,吉林市,,吉林省吉林市,126.544013,43.835865,WGS84
220202,220200,COUNTY,吉林省,吉林市,昌邑区,吉林省吉林市昌邑区,126.568763,43.879698,WGS84
220203,220200,COUNTY,吉林省,吉林市,龙潭区,吉林省吉林市龙潭区,126.556449,43.908543,WGS84
220204,220200,COUNTY,吉林省,吉林市,船营区,吉林省吉林市船营区,126.535174,43.831516,WGS84
220211,220200,COUNTY,吉林省,吉林市,丰满区,吉林省吉林市丰满区,126.555681,43.818940,WGS84
220221,220200,COUNTY,吉林省,吉林市,永吉县,吉林省吉林市永吉县,126.492012,43.669709,WGS84
220281,220200,COUNTY,吉林省,吉林市,蛟河市,吉林省吉林市蛟河市,127.338453,43.721241,WGS84
220282,220200,COUNTY,吉林省,吉林市,桦甸市,吉林省吉林市桦甸市,126.740476,42.969830,WGS84
220283,220200,COUNTY,吉林省,吉林市,舒兰市,吉林省吉林市舒兰市,126.959594,44.403943,WGS84
220284,220200,COUNTY,吉林省,吉林市,磐石市,吉林省吉林市磐石市,126.054178,42.944048,WGS84
220300,220000,CITY,吉林省,四平市,,吉林省四平市,124.344408,43.164199,WGS84
220302,220300,COUNTY,吉林省,四平市,铁西区,吉林省四平市铁西区,124.339817,43.143736,WGS84
220303,220300,COUNTY,吉林省,四平市,铁东区,吉林省四平市铁东区,124.403584,43.160038,WGS84
220322,220300,COUNTY,吉林省,四平市,梨树县,吉林省四平市梨树县,124.329214,43.304500,WGS84
220323,220300,COUNTY,吉林省,四平市,伊通满族自治县,吉林省四平市伊通满族自治县,125.299024,43.343220,WGS84
220382,220300,COUNTY,吉林省,四平市,双辽市,吉林省四平市双辽市,123.496197,43.515857,WGS84
220400,220000,CITY,吉林省,辽源市,,吉林省辽源市,125.138270,42.885434,WGS84
220402,220400,COUNTY,吉林省,辽源市,龙山区,吉林省辽源市龙山区,125.130611,42.899652,WGS84
220403,220400,COUNTY,吉林省,辽源市,西安区,吉林省辽源市西安区,125.143084,42.924719,WGS84
220421,220400,COUNTY,吉林省,辽源市,东丰县,吉林省辽源市东丰县,125.524852,42.675008,WGS84
220422,220400,COUNTY,吉林省,辽源市,东辽县,吉林省辽源市东辽县,124.984966,42.923298,WGS84
220500,220000,CITY,吉林省,通化市,,吉林省通化市,125.934072,41.726156,WGS84
220502,220500,COUNTY,吉林省,通化市,东昌区,吉林省通化市东昌区,125.921552,41.700734,WGS84
220503,220500,COUNTY,吉林省,通化市,二道江区,吉林省通化市二道江区,126.036607,41.771561,WGS84
220521,220500,COUNTY,吉林省,通化市,通化县,吉林省通化市通化县,125.752955,41.677828,WGS84
220523,220500,COUNTY,吉林省,通化市,辉南县,吉林省通化市辉南县,126.039927,42.682261,WGS84
220524,220500,COUNTY,吉林省,通化市,柳河县,吉林省通化市柳河县,125.738591,42.282313,WGS84
220581,220500,COUNTY,吉林省,通化市,梅河口市,吉林省通化市梅河口市,125.705056,42.536924,WGS84
220582,220500,COUNTY,吉林省,通化市,集安市,吉林省通化市集安市,126.187472,41.123715,WGS84
220600,220000,CITY,吉林省,白山市,,吉林省白山市,126.408403,41.941617,WGS84
220602,220600,COUNTY,吉林省,白山市,浑江区,吉林省白山市浑江区,126.410223,41.942894,WGS84
220605,220600,COUNTY,吉林省,白山市,江源区,吉林省白山市江源区,126.585804,42.054603,WGS84
220621,220600,COUNTY,吉林省,白山市,抚松县,吉林省白山市抚松县,127.443217,42.218561,WGS84
220622,220600,COUNTY,吉林省,白山市,靖宇县,吉林省白山市靖宇县,126.807628,42.386649,WGS84
220623,220600,COUNTY,吉林省,白山市,长白朝鲜族自治县,吉林省白山市长白朝鲜族自治县,128.194760,41.417925,WGS84
220681,220600,COUNTY,吉林省,白山市,临江市,吉林省白山市临江市,126.912657,41.809814,WGS84
220700,220000,CITY,吉林省,松原市,,吉林省松原市,124.819020,45.139929,WGS84
220702,220700,COUNTY,吉林省,松原市,宁江区,吉林省松原市宁江区,124.869754,45.207526,WGS84
220721,220700,COUNTY,吉林省,松原市,前郭尔罗斯蒙古族自治县,吉林省松原市前郭尔罗斯蒙古族自治县,124.817116,45.116082,WGS84
220722,220700,COUNTY,吉林省,松原市,长岭县,吉林省松原市长岭县,123.961111,44.274335,WGS84
220723,220700,COUNTY,吉林省,松原市,乾安县,吉林省松原市乾安县,124.034135,45.001435,WGS84
220781,220700,COUNTY,吉林省,松原市,扶余市,吉林省松原市扶余市,126.043088,44.986880,WGS84
220800,220000,CITY,吉林省,白城市,,吉林省白城市,122.832218,45.618210,WGS84
220802,220800,COUNTY,吉林省,白城市,洮北区,吉林省白城市洮北区,122.845245,45.619648,WGS84
220821,220800,COUNTY,吉林省,白城市,镇赉县,吉林省白城市镇赉县,123.193217,45.846165,WGS84
220822,220800,COUNTY,吉林省,白城市,通榆县,吉林省白城市通榆县,123.081724,44.810786,WGS84
220881,220800,COUNTY,吉林省,白城市,洮南市,吉林省白城市洮南市,122.792538,45.354847,WGS84
220882,220800,COUNTY,吉林省,白城市,大安市,吉林省白城市大安市,124.284609,45.504906,WGS84
222400,220000,CITY,吉林省,延边朝鲜族自治州,,吉林省延边朝鲜族自治州,129.463517,42.906832,WGS84
222401,222400,COUNTY,吉林省,延边朝鲜族自治州,延吉市,吉林省延边朝鲜族自治州延吉市,129.500695,42.888551,WGS84
222402,222400,COUNTY,吉林省,延边朝鲜族自治州,图们市,吉林省延边朝鲜族自治州图们市,129.836917,42.965629,WGS84
222403,222400,COUNTY,吉林省,延边朝鲜族自治州,敦化市,吉林省延边朝鲜族自治州敦化市,128.226101,43.370091,WGS84
222404,222400,COUNTY,吉林省,延边朝鲜族自治州,珲春市,吉林省延边朝鲜族自治州珲春市,130.358673,42.859906,WGS84
222405,222400,COUNTY,吉林省,延边朝鲜族自治州,龙井市,吉林省延边朝鲜族自治州龙井市,129.419390,42.764552,WGS84
222406,222400,COUNTY,吉林省,延边朝鲜族自治州,和龙市,吉林省延边朝鲜族自治州和龙市,129.004423,42.544043,WGS84
222424,222400,COUNTY,吉林省,延边朝鲜族自治州,汪清县,吉林省延边朝鲜族自治州汪清县,129.778056,43.314624,WGS84
222426,222400,COUNTY,吉林省,延边朝鲜族自治州,安图县,吉林省延边朝鲜族自治州安图县,128.893528,43.109618,WGS84
230000,,PROVINCE,黑龙江省,,,黑龙江省,126.655996,45.740274,WGS84
230100,230000,CITY,黑龙江省,哈尔滨市,,黑龙江省哈尔滨市,126.528987,45.800983,WGS84
230102,230100,COUNTY,黑龙江省,哈尔滨市,道里区,黑龙江省哈尔滨市道里区,126.610995,45.753916,WGS84
230103,230100,COUNTY,黑龙江省,哈尔滨市,南岗区,黑龙江省哈尔滨市南岗区,126.662796,45.757980,WGS84
230104,230100,COUNTY,黑龙江省,哈尔滨市,道外区,黑龙江省哈尔滨市道外区,126.643117,45.790408,WGS84
230108,230100,COUNTY,黑龙江省,哈尔滨市,平房区,黑龙江省哈尔滨市平房区,126.630831,45.595560,WGS84
230109,230100,COUNTY,黑龙江省,哈尔滨市,松北区,黑龙江省哈尔滨市松北区,126.510464,45.792939,WGS84
230110,230100,COUNTY,黑龙江省,哈尔滨市,香坊区,黑龙江省哈尔滨市香坊区,126.656960,45.705882,WGS84
230111,230100,COUNTY,黑龙江省,哈尔滨市,呼兰区,黑龙江省哈尔滨市呼兰区,126.581764,45.887680,WGS84
230112,230100,COUNTY,黑龙江省,哈尔滨市,阿城区,黑龙江省哈尔滨市阿城区,126.951912,45.546654,WGS84
230113,230100,COUNTY,黑龙江省,哈尔滨市,双城区,黑龙江省哈尔滨市双城区,126.306536,45.380686,WGS84
230123,230100,COUNTY,黑龙江省,哈尔滨市,依兰县,黑龙江省哈尔滨市依兰县,129.560387,46.323662,WGS84
230124,230100,COUNTY,黑龙江省,哈尔滨市,方正县,黑龙江省哈尔滨市方正县,128.822777,45.849626,WGS84
230125,230100,COUNTY,黑龙江省,哈尔滨市,宾县,黑龙江省哈尔滨市宾县,127.459679,45.744076,WGS84
230126,230100,COUNTY,黑龙江省,哈尔滨市,巴彦县,黑龙江省哈尔滨市巴彦县,127.396684,46.083982,WGS84
230127,230100,COUNTY,黑龙江省,哈尔滨市,木兰县,黑龙江省哈尔滨市木兰县,128.036495,45.948469,WGS84
230128,230100,COUNTY,黑龙江省,哈尔滨市,通河县,黑龙江省哈尔滨市通河县,128.739493,45.988132,WGS84
230129,230100,COUNTY,黑龙江省,哈尔滨市,延寿县,黑龙江省哈尔滨市延寿县,128.304536,45.443716,WGS84
230183,230100,COUNTY,黑龙江省,哈尔滨市,尚志市,黑龙江省哈尔滨市尚志市,128.002777,45.207033,WGS84
230184,230100,COUNTY,黑龙江省,哈尔滨市,五常市,黑龙江省哈尔滨市五常市,127.161068,44.929973,WGS84
230200,230000,CITY,黑龙江省,齐齐哈尔市,,黑龙江省齐齐哈尔市,123.911647,47.352857,WGS84
230202,230200,COUNTY,黑龙江省,齐齐哈尔市,龙沙区,黑龙江省齐齐哈尔市龙沙区,123.951842,47.315027,WGS84
230203,230200,COUNTY,黑龙江省,齐齐哈尔市,建华区,黑龙江省齐齐哈尔市建华区,123.948946,47.352130,WGS84
230204,230200,COUNTY,黑龙江省,齐齐哈尔市,铁锋区,黑龙江省齐齐哈尔市铁锋区,123.971406,47.338587,WGS84
230205,230200,COUNTY,黑龙江省,齐齐哈尔市,昂昂溪区,黑龙江省齐齐哈尔市昂昂溪区,123.815440,47.152741,WGS84
230206,230200,COUNTY,黑龙江省,齐齐哈尔市,富拉尔基区,黑龙江省齐齐哈尔市富拉尔基区,123.622361,47.206748,WGS84
230207,230200,COUNTY,黑龙江省,齐齐哈尔市,碾子山区,黑龙江省齐齐哈尔市碾子山区,122.881428,47.514571,WGS84
230208,230200,COUNTY,黑龙江省,齐齐哈尔市,梅里斯达斡尔族区,黑龙江省齐齐哈尔市梅里斯达斡尔族区,123.745645,47.307557,WGS84
230221,230200,COUNTY,黑龙江省,齐齐哈尔市,龙江县,黑龙江省齐齐哈尔市龙江县,123.198254,47.336274,WGS84
230223,230200,COUNTY,黑龙江省,齐齐哈尔市,依安县,黑龙江省齐齐哈尔市依安县,125.299010,47.891161,WGS84
230224,230200,COUNTY,黑龙江省,齐齐哈尔市,泰来县,黑龙江省齐齐哈尔市泰来县,123.409757,46.391662,WGS84
230225,230200,COUNTY,黑龙江省,齐齐哈尔市,甘南县,黑龙江省齐齐哈尔市甘南县,123.501020,47.919525,WGS84
230227,230200,COUNTY,黑龙江省,齐齐哈尔市,富裕县,黑龙江省齐齐哈尔市富裕县,124.467503,47.771698,WGS84
230229,230200,COUNTY,黑龙江省,齐齐哈尔市,克山县,黑龙江省齐齐哈尔市克山县,125.868405,48.035704,WGS84
230230,230200,COUNTY,黑龙江省,齐齐哈尔市,克东县,黑龙江省齐齐哈尔市克东县,126.242452,48.039345,WGS84
230231,230200,COUNTY,黑龙江省,齐齐哈尔市,拜泉县,黑龙江省齐齐哈尔市拜泉县,126.092089,47.593360,WGS84
230281,230200,COUNTY,黑龙江省,齐齐哈尔市,讷河市,黑龙江省齐齐哈尔市讷河市,124.876164,48.464948,WGS84
230300,230000,CITY,黑龙江省,鸡西市,,黑龙江省鸡西市,130.961960,45.292942,WGS84
230302,230300,COUNTY,黑龙江省,鸡西市,鸡冠区,黑龙江省鸡西市鸡冠区,130.973865,45.301714,WGS84
230303,230300,COUNTY,黑龙江省,鸡西市,恒山区,黑龙江省鸡西市恒山区,130.897392,45.209137,WGS84
230304,230300,COUNTY,黑龙江省,鸡西市,滴道区,黑龙江省鸡西市滴道区,130.836825,45.346924,WGS84
230305,230300,COUNTY,黑龙江省,鸡西市,梨树区,黑龙江省鸡西市梨树区,130.689665,45.089900,WGS84
230306,230300,COUNTY,黑龙江省,鸡西市,城子河区,黑龙江省鸡西市城子河区,131.003853,45.334534,WGS84
230307,230300,COUNTY,黑龙江省,鸡西市,麻山区,黑龙江省鸡西市麻山区,130.470192,45.209551,WGS84
230321,230300,COUNTY,黑龙江省,鸡西市,鸡东县,黑龙江省鸡西市鸡东县,131.116188,45.257984,WGS84
230381,230300,COUNTY,黑龙江省,鸡西市,虎林市,黑龙江省鸡西市虎林市,132.930020,45.761158,WGS84
230382,230300,COUNTY,黑龙江省,鸡西市,密山市,黑龙江省鸡西市密山市,131.839406,45.527314,WGS84
230400,230000,CITY,黑龙江省,鹤岗市,,黑龙江省鹤岗市,130.289850,47.348228,WGS84
230402,230400,COUNTY,黑龙江省,鹤岗市,向阳区,黑龙江省鹤岗市向阳区,130.286502,47.340054,WGS84
230403,230400,COUNTY,黑龙江省,鹤岗市,工农区,黑龙江省鹤岗市工农区,130.266922,47.316574,WGS84
230404,230400,COUNTY,黑龙江省,鹤岗市,南山区,黑龙江省鹤岗市南山区,130.278181,47.312715,WGS84
230405,230400,COUNTY,黑龙江省,鹤岗市,兴安区,黑龙江省鹤岗市兴安区,130.231499,47.250432,WGS84
230406,230400,COUNTY,黑龙江省,鹤岗市,东山区,黑龙江省鹤岗市东山区,130.309273,47.336112,WGS84
230407,230400,COUNTY,黑龙江省,鹤岗市,兴山区,黑龙江省鹤岗市兴山区,130.295748,47.355256,WGS84
230421,230400,COUNTY,黑龙江省,鹤岗市,萝北县,黑龙江省鹤岗市萝北县,130.812700,47.576589,WGS84
230422,230400,COUNTY,黑龙江省,鹤岗市,绥滨县,黑龙江省鹤岗市绥滨县,131.845114,47.287220,WGS84
230500,230000,CITY,黑龙江省,双鸭山市,,黑龙江省双鸭山市,131.133398,46.673880,WGS84
230502,230500,COUNTY,黑龙江省,双鸭山市,尖山区,黑龙江省双鸭山市尖山区,131.150244,46.643841,WGS84
230503,230500,COUNTY,黑龙江省,双鸭山市,岭东区,黑龙江省双鸭山市岭东区,131.156965,46.590448,WGS84
230505,230500,COUNTY,黑龙江省,双鸭山市,四方台区,黑龙江省双鸭山市四方台区,131.329524,46.594947,WGS84
230506,230500,COUNTY,黑龙江省,双鸭山市,宝山区,黑龙江省双鸭山市宝山区,131.393352,46.574888,WGS84
230521,230500,COUNTY,黑龙江省,双鸭山市,集贤县,黑龙江省双鸭山市集贤县,131.133276,46.726152,WGS84
230522,230500,COUNTY,黑龙江省,双鸭山市,友谊县,黑龙江省双鸭山市友谊县,131.800020,46.765171,WGS84
230523,230500,COUNTY,黑龙江省,双鸭山市,宝清县,黑龙江省双鸭山市宝清县,132.189358,46.325172,WGS84
230524,230500,COUNTY,黑龙江省,双鸭山市,饶河县,黑龙江省双鸭山市饶河县,134.006687,46.794991,WGS84
230600,230000,CITY,黑龙江省,大庆市,,黑龙江省大庆市,125.097027,46.587394,WGS84
230602,230600,COUNTY,黑龙江省,大庆市,萨尔图区,黑龙江省大庆市萨尔图区,125.128224,46.627184,WGS84
230603,230600,COUNTY,黑龙江省,大庆市,龙凤区,黑龙江省大庆市龙凤区,125.128060,46.560289,WGS84
230604,230600,COUNTY,黑龙江省,大庆市,让胡路区,黑龙江省大庆市让胡路区,124.883423,46.640817,WGS84
230605,230600,COUNTY,黑龙江省,大庆市,红岗区,黑龙江省大庆市红岗区,124.884648,46.396854,WGS84
230606,230600,COUNTY,黑龙江省,大庆市,大同区,黑龙江省大庆市大同区,124.805744,46.038068,WGS84
230621,230600,COUNTY,黑龙江省,大庆市,肇州县,黑龙江省大庆市肇州县,125.261760,45.697466,WGS84
230622,230600,COUNTY,黑龙江省,大庆市,肇源县,黑龙江省大庆市肇源县,125.071483,45.516716,WGS84
230623,230600,COUNTY,黑龙江省,大庆市,林甸县,黑龙江省大庆市林甸县,124.857068,47.169649,WGS84
230624,230600,COUNTY,黑龙江省,大庆市,杜尔伯特蒙古族自治县,黑龙江省大庆市杜尔伯特蒙古族自治县,124.435991,46.860185,WGS84
230700,230000,CITY,黑龙江省,伊春市,,黑龙江省伊春市,128.833798,47.726052,WGS84
230717,230700,COUNTY,黑龙江省,伊春市,伊美区,黑龙江省伊春市伊美区,128.900137,47.726054,WGS84
230718,230700,COUNTY,黑龙江省,伊春市,乌翠区,黑龙江省伊春市乌翠区,128.673102,47.727031,WGS84
230719,230700,COUNTY,黑龙江省,伊春市,友好区,黑龙江省伊春市友好区,128.829247,47.838537,WGS84
230722,230700,COUNTY,黑龙江省,伊春市,嘉荫县,黑龙江省伊春市嘉荫县,130.394005,48.886196,WGS84
230723,230700,COUNTY,黑龙江省,伊春市,汤旺县,黑龙江省伊春市汤旺县,129.554214,48.454592,WGS84
230724,230700,COUNTY,黑龙江省,伊春市,丰林县,黑龙江省伊春市丰林县,129.525773,48.288412,WGS84
230725,230700,COUNTY,黑龙江省,伊春市,大箐山县,黑龙江省伊春市大箐山县,129.013178,47.026051,WGS84
230726,230700,COUNTY,黑龙江省,伊春市,南岔县,黑龙江省伊春市南岔县,129.275983,47.136710,WGS84
230751,230700,COUNTY,黑龙江省,伊春市,金林区,黑龙江省伊春市金林区,129.420824,47.410448,WGS84
230781,230700,COUNTY,黑龙江省,伊春市,铁力市,黑龙江省伊春市铁力市,128.025708,46.984357,WGS84
230800,230000,CITY,黑龙江省,佳木斯市,,黑龙江省佳木斯市,130.311144,46.797796,WGS84
230803,230800,COUNTY,黑龙江省,佳木斯市,向阳区,黑龙江省佳木斯市向阳区,130.357369,46.805513,WGS84
230804,230800,COUNTY,黑龙江省,佳木斯市,前进区,黑龙江省佳木斯市前进区,130.367338,46.811738,WGS84
230805,230800,COUNTY,黑龙江省,佳木斯市,东风区,黑龙江省佳木斯市东风区,130.395636,46.820269,WGS84
230811,230800,COUNTY,黑龙江省,佳木斯市,郊区,黑龙江省佳木斯市郊区,130.319387,46.807370,WGS84
230822,230800,COUNTY,黑龙江省,佳木斯市,桦南县,黑龙江省佳木斯市桦南县,130.546066,46.237373,WGS84
230826,230800,COUNTY,黑龙江省,佳木斯市,桦川县,黑龙江省佳木斯市桦川县,130.711320,47.020759,WGS84
230828,230800,COUNTY,黑龙江省,佳木斯市,汤原县,黑龙江省佳木斯市汤原县,129.897284,46.728705,WGS84
230881,230800,COUNTY,黑龙江省,佳木斯市,同江市,黑龙江省佳木斯市同江市,132.502565,47.639979,WGS84
230882,230800,COUNTY,黑龙江省,佳木斯市,富锦市,黑龙江省佳木斯市富锦市,132.029758,47.247640,WGS84
230883,230800,COUNTY,黑龙江省,佳木斯市,抚远市,黑龙江省佳木斯市抚远市,134.300157,48.362628,WGS84
230900,230000,CITY,黑龙江省,七台河市,,黑龙江省七台河市,130.995348,45.768976,WGS84
230902,230900,COUNTY,黑龙江省,七台河市,新兴区,黑龙江省七台河市新兴区,130.924848,45.814552,WGS84
230903,230900,COUNTY,黑龙江省,七台河市,桃山区,黑龙江省七台河市桃山区,131.012300,45.763479,WGS84
230904,230900,COUNTY,黑龙江省,七台河市,茄子河区,黑龙江省七台河市茄子河区,131.059607,45.783390,WGS84
230921,230900,COUNTY,黑龙江省,七台河市,勃利县,黑龙江省七台河市勃利县,130.584764,45.753829,WGS84
231000,230000,CITY,黑龙江省,牡丹江市,,黑龙江省牡丹江市,129.625866,44.549528,WGS84
231002,231000,COUNTY,黑龙江省,牡丹江市,东安区,黑龙江省牡丹江市东安区,129.619594,44.579303,WGS84
231003,231000,COUNTY,黑龙江省,牡丹江市,阳明区,黑龙江省牡丹江市阳明区,129.628760,44.593896,WGS84
231004,231000,COUNTY,黑龙江省,牡丹江市,爱民区,黑龙江省牡丹江市爱民区,129.584186,44.593958,WGS84
231005,231000,COUNTY,黑龙江省,牡丹江市,西安区,黑龙江省牡丹江市西安区,129.608977,44.575671,WGS84
231025,231000,COUNTY,黑龙江省,牡丹江市,林口县,黑龙江省牡丹江市林口县,130.274882,45.277511,WGS84
231081,231000,COUNTY,黑龙江省,牡丹江市,绥芬河市,黑龙江省牡丹江市绥芬河市,131.144110,44.410141,WGS84
231083,231000,COUNTY,黑龙江省,牡丹江市,海林市,黑龙江省牡丹江市海林市,129.373340,44.591735,WGS84
231084,231000,COUNTY,黑龙江省,牡丹江市,宁安市,黑龙江省牡丹江市宁安市,129.475204,44.338360,WGS84
231085,231000,COUNTY,黑龙江省,牡丹江市,穆棱市,黑龙江省牡丹江市穆棱市,130.517202,44.916728,WGS84
231086,231000,COUNTY,黑龙江省,牡丹江市,东宁市,黑龙江省牡丹江市东宁市,131.117170,44.087825,WGS84
231100,230000,CITY,黑龙江省,黑河市,,黑龙江省黑河市,127.520913,50.243243,WGS84
231102,231100,COUNTY,黑龙江省,黑河市,爱辉区,黑龙江省黑河市爱辉区,127.493267,50.250640,WGS84
231123,231100,COUNTY,黑龙江省,黑河市,逊克县,黑龙江省黑河市逊克县,128.471277,49.562050,WGS84
231124,231100,COUNTY,黑龙江省,黑河市,孙吴县,黑龙江省黑河市孙吴县,127.328843,49.423387,WGS84
231181,231100,COUNTY,黑龙江省,黑河市,北安市,黑龙江省黑河市北安市,126.484306,48.238968,WGS84
231182,231100,COUNTY,黑龙江省,黑河市,五大连池市,黑龙江省黑河市五大连池市,126.198591,48.515210,WGS84
231183,231100,COUNTY,黑龙江省,黑河市,嫩江市,黑龙江省黑河市嫩江市,125.213836,49.183629,WGS84
231200,230000,CITY,黑龙江省,绥化市,,黑龙江省绥化市,126.962418,46.652263,WGS84
231202,231200,COUNTY,黑龙江省,绥化市,北林区,黑龙江省绥化市北林区,126.978630,46.636191,WGS84
231221,231200,COUNTY,黑龙江省,绥化市,望奎县,黑龙江省绥化市望奎县,126.479884,46.830077,WGS84
231222,231200,COUNTY,黑龙江省,绥化市,兰西县,黑龙江省绥化市兰西县,126.281375,46.251004,WGS84
231223,231200,COUNTY,黑龙江省,绥化市,青冈县,黑龙江省绥化市青冈县,126.092517,46.701813,WGS84
231224,231200,COUNTY,黑龙江省,绥化市,庆安县,黑龙江省绥化市庆安县,127.499119,46.861988,WGS84
231225,231200,COUNTY,黑龙江省,绥化市,明水县,黑龙江省绥化市明水县,125.899524,47.171628,WGS84
231226,231200,COUNTY,黑龙江省,绥化市,绥棱县,黑龙江省绥化市绥棱县,127.108024,47.233364,WGS84
231281,231200,COUNTY,黑龙江省,绥化市,安达市,黑龙江省绥化市安达市,125.300740,46.449933,WGS84
231282,231200,COUNTY,黑龙江省,绥化市,肇东市,黑龙江省绥化市肇东市,125.956075,46.048799,WGS84
231283,231200,COUNTY,黑龙江省,绥化市,海伦市,黑龙江省绥化市海伦市,126.923877,47.448506,WGS84
232700,230000,CITY,黑龙江省,大兴安岭地区,,黑龙江省大兴安岭地区,124.110230,50.409594,WGS84
232701,232700,COUNTY,黑龙江省,大兴安岭地区,漠河市,黑龙江省大兴安岭地区漠河市,122.532261,52.970937,WGS84
232721,232700,COUNTY,黑龙江省,大兴安岭地区,呼玛县,黑龙江省大兴安岭地区呼玛县,126.644768,51.724450,WGS84
232722,232700,COUNTY,黑龙江省,大兴安岭地区,塔河县,黑龙江省大兴安岭地区塔河县,124.702037,52.333116,WGS84
232761,232700,COUNTY,黑龙江省,大兴安岭地区,加格达奇区,黑龙江省大兴安岭地区加格达奇区,124.132151,50.407145,WGS84
310000,,PROVINCE,上海市,,,上海市,121.469129,31.232454,WGS84
310100,310000,CITY,上海市,上海市,,上海市,121.468103,31.233632,WGS84
310101,310100,COUNTY,上海市,上海市,黄浦区,上海市黄浦区,121.479917,31.233619,WGS84
310104,310100,COUNTY,上海市,上海市,徐汇区,上海市徐汇区,121.431682,31.190208,WGS84
310105,310100,COUNTY,上海市,上海市,长宁区,上海市长宁区,121.420109,31.222383,WGS84
310106,310100,COUNTY,上海市,上海市,静安区,上海市静安区,121.442740,31.229590,WGS84
310107,310100,COUNTY,上海市,上海市,普陀区,上海市普陀区,121.390820,31.251447,WGS84
310109,310100,COUNTY,上海市,上海市,虹口区,上海市虹口区,121.500562,31.266921,WGS84
310110,310100,COUNTY,上海市,上海市,杨浦区,上海市杨浦区,121.521050,31.261655,WGS84
310112,310100,COUNTY,上海市,上海市,闵行区,上海市闵行区,121.376232,31.114742,WGS84
310113,310100,COUNTY,上海市,上海市,宝山区,上海市宝山区,121.484931,31.407151,WGS84
310114,310100,COUNTY,上海市,上海市,嘉定区,上海市嘉定区,121.260834,31.377529,WGS84
310115,310100,COUNTY,上海市,上海市,浦东新区,上海市浦东新区,121.540051,31.223595,WGS84
310116,310100,COUNTY,上海市,上海市,金山区,上海市金山区,121.337252,30.744949,WGS84
310117,310100,COUNTY,上海市,上海市,松江区,上海市松江区,121.223255,31.034684,WGS84
310118,310100,COUNTY,上海市,上海市,青浦区,上海市青浦区,121.119647,31.152868,WGS84
310120,310100,COUNTY,上海市,上海市,奉贤区,上海市奉贤区,121.469435,30.920508,WGS84
310151,310100,COUNTY,上海市,上海市,崇明区,上海市崇明区,121.392978,31.625606,WGS84
320000,,PROVINCE,江苏省,,,江苏省,118.758338,32.063416,WGS84
320100,320000,CITY,江苏省,南京市,,江苏省南京市,118.791431,32.061412,WGS84
320102,320100,COUNTY,江苏省,南京市,玄武区,江苏省南京市玄武区,118.792589,32.050711,WGS84
320104,320100,COUNTY,江苏省,南京市,秦淮区,江苏省南京市秦淮区,118.789598,32.041126,WGS84
320105,320100,COUNTY,江苏省,南京市,建邺区,江苏省南京市建邺区,118.726434,32.005379,WGS84
320106,320100,COUNTY,江苏省,南京市,鼓楼区,江苏省南京市鼓楼区,118.764720,32.068857,WGS84
320111,320100,COUNTY,江苏省,南京市,浦口区,江苏省南京市浦口区,118.622142,32.062009,WGS84
320113,320100,COUNTY,江苏省,南京市,栖霞区,江苏省南京市栖霞区,118.904090,32.098651,WGS84
320114,320100,COUNTY,江苏省,南京市,雨花台区,江苏省南京市雨花台区,118.773878,31.993324,WGS84
320115,320100,COUNTY,江苏省,南京市,江宁区,江苏省南京市江宁区,118.834412,31.955313,WGS84
320116,320100,COUNTY,江苏省,南京市,六合区,江苏省南京市六合区,118.817072,32.325382,WGS84
320117,320100,COUNTY,江苏省,南京市,溧水区,江苏省南京市溧水区,119.023117,31.653002,WGS84
320118,320100,COUNTY,江苏省,南京市,高淳区,江苏省南京市高淳区,118.887112,31.330875,WGS84
320200,320000,CITY,江苏省,无锡市,,江苏省无锡市,120.307287,31.492961,WGS84
320205,320200,COUNTY,江苏省,无锡市,锡山区,江苏省无锡市锡山区,120.353053,31.591287,WGS84
320206,320200,COUNTY,江苏省,无锡市,惠山区,江苏省无锡市惠山区,120.293827,31.682192,WGS84
320211,320200,COUNTY,江苏省,无锡市,滨湖区,江苏省无锡市滨湖区,120.279802,31.529778,WGS84
320213,320200,COUNTY,江苏省,无锡市,梁溪区,江苏省无锡市梁溪区,120.298953,31.568128,WGS84
320214,320200,COUNTY,江苏省,无锡市,新吴区,江苏省无锡市新吴区,120.359624,31.492652,WGS84
320281,320200,COUNTY,江苏省,无锡市,江阴市,江苏省无锡市江阴市,120.280181,31.923608,WGS84
320282,320200,COUNTY,江苏省,无锡市,宜兴市,江苏省无锡市宜兴市,119.817025,31.340502,WGS84
320300,320000,CITY,江苏省,徐州市,,江苏省徐州市,117.278009,34.205521,WGS84
320302,320300,COUNTY,江苏省,徐州市,鼓楼区,江苏省徐州市鼓楼区,117.179858,34.289937,WGS84
320303,320300,COUNTY,江苏省,徐州市,云龙区,江苏省徐州市云龙区,117.245798,34.254931,WGS84
320305,320300,COUNTY,江苏省,徐州市,贾汪区,江苏省徐州市贾汪区,117.459200,34.437575,WGS84
320311,320300,COUNTY,江苏省,徐州市,泉山区,江苏省徐州市泉山区,117.188642,34.227792,WGS84
320312,320300,COUNTY,江苏省,徐州市,铜山区,江苏省徐州市铜山区,117.163896,34.182374,WGS84
320321,320300,COUNTY,江苏省,徐州市,丰县,江苏省徐州市丰县,116.652808,34.698367,WGS84
320322,320300,COUNTY,江苏省,徐州市,沛县,江苏省徐州市沛县,116.930957,34.761865,WGS84
320324,320300,COUNTY,江苏省,徐州市,睢宁县,江苏省徐州市睢宁县,117.935907,33.915262,WGS84
320381,320300,COUNTY,江苏省,徐州市,新沂市,江苏省徐州市新沂市,118.349082,34.370672,WGS84
320382,320300,COUNTY,江苏省,徐州市,邳州市,江苏省徐州市邳州市,118.006828,34.340429,WGS84
320400,320000,CITY,江苏省,常州市,,江苏省常州市,119.969352,31.813367,WGS84
320402,320400,COUNTY,江苏省,常州市,天宁区,江苏省常州市天宁区,119.994639,31.794298,WGS84
320404,320400,COUNTY,江苏省,常州市,钟楼区,江苏省常州市钟楼区,119.897391,31.804758,WGS84
320411,320400,COUNTY,江苏省,常州市,新北区,江苏省常州市新北区,119.956207,31.865646,WGS84
320412,320400,COUNTY,江苏省,常州市,武进区,江苏省常州市武进区,119.937762,31.703360,WGS84
320413,320400,COUNTY,江苏省,常州市,金坛区,江苏省常州市金坛区,119.582582,31.724523,WGS84
320481,320400,COUNTY,江苏省,常州市,溧阳市,江苏省常州市溧阳市,119.478939,31.418885,WGS84
320500,320000,CITY,江苏省,苏州市,,江苏省苏州市,120.581112,31.301939,WGS84
320505,320500,COUNTY,江苏省,苏州市,虎丘区,江苏省苏州市虎丘区,120.429591,31.331426,WGS84
320506,320500,COUNTY,江苏省,苏州市,吴中区,江苏省苏州市吴中区,120.627912,31.265787,WGS84
320507,320500,COUNTY,江苏省,苏州市,相城区,江苏省苏州市相城区,120.638186,31.371319,WGS84
320508,320500,COUNTY,江苏省,苏州市,姑苏区,江苏省苏州市姑苏区,120.613191,31.337816,WGS84
320509,320500,COUNTY,江苏省,苏州市,吴江区,江苏省苏州市吴江区,120.641537,31.140750,WGS84
320581,320500,COUNTY,江苏省,苏州市,常熟市,江苏省苏州市常熟市,120.748116,31.657952,WGS84
320582,320500,COUNTY,江苏省,苏州市,张家港市,江苏省苏州市张家港市,120.551693,31.878846,WGS84
320583,320500,COUNTY,江苏省,苏州市,昆山市,江苏省苏州市昆山市,120.976483,31.387512,WGS84
320585,320500,COUNTY,江苏省,苏州市,太仓市,江苏省苏州市太仓市,121.125721,31.459820,WGS84
320600,320000,CITY,江苏省,南通市,,江苏省南通市,120.890305,31.983438,WGS84
320612,320600,COUNTY,江苏省,南通市,通州区,江苏省南通市通州区,121.069079,32.067809,WGS84
320613,320600,COUNTY,江苏省,南通市,崇川区,江苏省南通市崇川区,120.852987,32.012411,WGS84
320614,320600,COUNTY,江苏省,南通市,海门区,江苏省南通市海门区,121.177448,31.871292,WGS84
320623,320600,COUNTY,江苏省,南通市,如东县,江苏省南通市如东县,121.180347,32.333542,WGS84
320681,320600,COUNTY,江苏省,南通市,启东市,江苏省南通市启东市,121.650932,31.794900,WGS84
320682,320600,COUNTY,江苏省,南通市,如皋市,江苏省南通市如皋市,120.569740,32.373705,WGS84
320685,320600,COUNTY,江苏省,南通市,海安市,江苏省南通市海安市,120.463128,32.534771,WGS84
320700,320000,CITY,江苏省,连云港市,,江苏省连云港市,119.215947,34.597667,WGS84
320703,320700,COUNTY,江苏省,连云港市,连云区,江苏省连云港市连云区,119.333256,34.761108,WGS84
320706,320700,COUNTY,江苏省,连云港市,海州区,江苏省连云港市海州区,119.157835,34.573455,WGS84
320707,320700,COUNTY,江苏省,连云港市,赣榆区,江苏省连云港市赣榆区,119.167509,34.842047,WGS84
320722,320700,COUNTY,江苏省,连云港市,东海县,江苏省连云港市东海县,118.747402,34.543295,WGS84
320723,320700,COUNTY,江苏省,连云港市,灌云县,江苏省连云港市灌云县,119.233939,34.285315,WGS84
320724,320700,COUNTY,江苏省,连云港市,灌南县,江苏省连云港市灌南县,119.310056,34.088502,WGS84
320800,320000,CITY,江苏省,淮安市,,江苏省淮安市,119.107541,33.552774,WGS84
320803,320800,COUNTY,江苏省,淮安市,淮安区,江苏省淮安市淮安区,119.162268,33.532394,WGS84
320804,320800,COUNTY,江苏省,淮安市,淮阴区,江苏省淮安市淮阴区,119.029386,33.633935,WGS84
320812,320800,COUNTY,江苏省,淮安市,清江浦区,江苏省淮安市清江浦区,119.021189,33.553979,WGS84
320813,320800,COUNTY,江苏省,淮安市,洪泽区,江苏省淮安市洪泽区,118.867971,33.295859,WGS84
320826,320800,COUNTY,江苏省,淮安市,涟水县,江苏省淮安市涟水县,119.255159,33.783031,WGS84
320830,320800,COUNTY,江苏省,淮安市,盱眙县,江苏省淮安市盱眙县,118.539353,33.013817,WGS84
320831,320800,COUNTY,江苏省,淮安市,金湖县,江苏省淮安市金湖县,119.015033,33.026403,WGS84
320900,320000,CITY,江苏省,盐城市,,江苏省盐城市,120.157669,33.349603,WGS84
320902,320900,COUNTY,江苏省,盐城市,亭湖区,江苏省盐城市亭湖区,120.191285,33.392878,WGS84
320903,320900,COUNTY,江苏省,盐城市,盐都区,江苏省盐城市盐都区,120.148580,33.339955,WGS84
320904,320900,COUNTY,江苏省,盐城市,大丰区,江苏省盐城市大丰区,120.496163,33.201672,WGS84
320921,320900,COUNTY,江苏省,盐城市,响水县,江苏省盐城市响水县,119.573164,34.200616,WGS84
320922,320900,COUNTY,江苏省,盐城市,滨海县,江苏省盐城市滨海县,119.815616,33.991769,WGS84
320923,320900,COUNTY,江苏省,盐城市,阜宁县,江苏省盐城市阜宁县,119.797143,33.760276,WGS84
320924,320900,COUNTY,江苏省,盐城市,射阳县,江苏省盐城市射阳县,120.321510,33.767564,WGS84
320925,320900,COUNTY,江苏省,盐城市,建湖县,江苏省盐城市建湖县,119.783613,33.440455,WGS84
320981,320900,COUNTY,江苏省,盐城市,东台市,江苏省盐城市东台市,120.315572,32.869644,WGS84
321000,320000,CITY,江苏省,扬州市,,江苏省扬州市,119.407350,32.396282,WGS84
321002,321000,COUNTY,江苏省,扬州市,广陵区,江苏省扬州市广陵区,119.426321,32.397544,WGS84
321003,321000,COUNTY,江苏省,扬州市,邗江区,江苏省扬州市邗江区,119.392450,32.379290,WGS84
321012,321000,COUNTY,江苏省,扬州市,江都区,江苏省扬州市江都区,119.564666,32.437926,WGS84
321023,321000,COUNTY,江苏省,扬州市,宝应县,江苏省扬州市宝应县,119.352861,33.242614,WGS84
321081,321000,COUNTY,江苏省,扬州市,仪征市,江苏省扬州市仪征市,119.179088,32.274818,WGS84
321084,321000,COUNTY,江苏省,扬州市,高邮市,江苏省扬州市高邮市,119.453481,32.783414,WGS84
321100,320000,CITY,江苏省,镇江市,,江苏省镇江市,119.418987,32.190014,WGS84
321102,321100,COUNTY,江苏省,镇江市,京口区,江苏省镇江市京口区,119.464838,32.200237,WGS84
321111,321100,COUNTY,江苏省,镇江市,润州区,江苏省镇江市润州区,119.405917,32.197014,WGS84
321112,321100,COUNTY,江苏省,镇江市,丹徒区,江苏省镇江市丹徒区,119.428419,32.133991,WGS84
321181,321100,COUNTY,江苏省,镇江市,丹阳市,江苏省镇江市丹阳市,119.601141,32.012233,WGS84
321182,321100,COUNTY,江苏省,镇江市,扬中市,江苏省镇江市扬中市,119.791818,32.238560,WGS84
321183,321100,COUNTY,江苏省,镇江市,句容市,江苏省镇江市句容市,119.163309,31.947627,WGS84
321200,320000,CITY,江苏省,泰州市,,江苏省泰州市,119.918147,32.458918,WGS84
321202,321200,COUNTY,江苏省,泰州市,海陵区,江苏省泰州市海陵区,119.919086,32.494699,WGS84
321203,321200,COUNTY,江苏省,泰州市,高港区,江苏省泰州市高港区,119.876771,32.321458,WGS84
321204,321200,COUNTY,江苏省,泰州市,姜堰区,江苏省泰州市姜堰区,120.123097,32.512152,WGS84
321281,321200,COUNTY,江苏省,泰州市,兴化市,江苏省泰州市兴化市,119.847653,32.913931,WGS84
321282,321200,COUNTY,江苏省,泰州市,靖江市,江苏省泰州市靖江市,120.272509,31.985237,WGS84
321283,321200,COUNTY,江苏省,泰州市,泰兴市,江苏省泰州市泰兴市,120.046519,32.174985,WGS84
321300,320000,CITY,江苏省,宿迁市,,江苏省宿迁市,118.269725,33.964538,WGS84
321302,321300,COUNTY,江苏省,宿迁市,宿城区,江苏省宿迁市宿城区,118.236535,33.965247,WGS84
321311,321300,COUNTY,江苏省,宿迁市,宿豫区,江苏省宿迁市宿豫区,118.324846,33.949403,WGS84
321322,321300,COUNTY,江苏省,宿迁市,沭阳县,江苏省宿迁市沭阳县,118.798944,34.111998,WGS84
321323,321300,COUNTY,江苏省,宿迁市,泗阳县,江苏省宿迁市泗阳县,118.698308,33.725031,WGS84
321324,321300,COUNTY,江苏省,宿迁市,泗洪县,江苏省宿迁市泗洪县,118.218451,33.478067,WGS84
330000,,PROVINCE,浙江省,,,浙江省,120.147861,30.268936,WGS84
330100,330000,CITY,浙江省,杭州市,,浙江省杭州市,120.205355,30.248986,WGS84
330102,330100,COUNTY,浙江省,杭州市,上城区,浙江省杭州市上城区,120.192740,30.228945,WGS84
330105,330100,COUNTY,浙江省,杭州市,拱墅区,浙江省杭州市拱墅区,120.136755,30.321420,WGS84
330106,330100,COUNTY,浙江省,杭州市,西湖区,浙江省杭州市西湖区,120.125628,30.261528,WGS84
330108,330100,COUNTY,浙江省,杭州市,滨江区,浙江省杭州市滨江区,120.207441,30.210758,WGS84
330109,330100,COUNTY,浙江省,杭州市,萧山区,浙江省杭州市萧山区,120.259800,30.186576,WGS84
330110,330100,COUNTY,浙江省,杭州市,余杭区,浙江省杭州市余杭区,119.974123,30.276237,WGS84
330111,330100,COUNTY,浙江省,杭州市,富阳区,浙江省杭州市富阳区,119.955657,30.051391,WGS84
330112,330100,COUNTY,浙江省,杭州市,临安区,浙江省杭州市临安区,119.719565,30.236856,WGS84
330113,330100,COUNTY,浙江省,杭州市,临平区,浙江省杭州市临平区,120.294725,30.421548,WGS84
330114,330100,COUNTY,浙江省,杭州市,钱塘区,浙江省杭州市钱塘区,120.489564,30.325452,WGS84
330122,330100,COUNTY,浙江省,杭州市,桐庐县,浙江省杭州市桐庐县,119.686934,29.796726,WGS84
330127,330100,COUNTY,浙江省,杭州市,淳安县,浙江省杭州市淳安县,119.036857,29.612100,WGS84
330182,330100,COUNTY,浙江省,杭州市,建德市,浙江省杭州市建德市,119.276150,29.477526,WGS84
330200,330000,CITY,浙江省,宁波市,,浙江省宁波市,121.620442,29.862881,WGS84
330203,330200,COUNTY,浙江省,宁波市,海曙区,浙江省宁波市海曙区,121.546317,29.876280,WGS84
330205,330200,COUNTY,浙江省,宁波市,江北区,浙江省宁波市江北区,121.550910,29.889314,WGS84
330206,330200,COUNTY,浙江省,宁波市,北仑区,浙江省宁波市北仑区,121.840500,29.902108,WGS84
330211,330200,COUNTY,浙江省,宁波市,镇海区,浙江省宁波市镇海区,121.592585,29.967841,WGS84
330212,330200,COUNTY,浙江省,宁波市,鄞州区,浙江省宁波市鄞州区,121.542443,29.819872,WGS84
330213,330200,COUNTY,浙江省,宁波市,奉化区,浙江省宁波市奉化区,121.401633,29.657589,WGS84
330225,330200,COUNTY,浙江省,宁波市,象山县,浙江省宁波市象山县,121.865239,29.479524,WGS84
330226,330200,COUNTY,浙江省,宁波市,宁海县,浙江省宁波市宁海县,121.425255,29.290410,WGS84
330281,330200,COUNTY,浙江省,宁波市,余姚市,浙江省宁波市余姚市,121.150105,30.040282,WGS84
330282,330200,COUNTY,浙江省,宁波市,慈溪市,浙江省宁波市慈溪市,121.262182,30.173138,WGS84
330300,330000,CITY,浙江省,温州市,,浙江省温州市,120.695228,27.997138,WGS84
330302,330300,COUNTY,浙江省,温州市,鹿城区,浙江省温州市鹿城区,120.651232,28.019150,WGS84
330303,330300,COUNTY,浙江省,温州市,龙湾区,浙江省温州市龙湾区,120.808296,27.936546,WGS84
330304,330300,COUNTY,浙江省,温州市,瓯海区,浙江省温州市瓯海区,120.611233,27.970861,WGS84
330305,330300,COUNTY,浙江省,温州市,洞头区,浙江省温州市洞头区,121.153119,27.839490,WGS84
330324,330300,COUNTY,浙江省,温州市,永嘉县,浙江省温州市永嘉县,120.687312,28.157235,WGS84
330326,330300,COUNTY,浙江省,温州市,平阳县,浙江省温州市平阳县,120.561225,27.665743,WGS84
330327,330300,COUNTY,浙江省,温州市,苍南县,浙江省温州市苍南县,120.421604,27.521652,WGS84
330328,330300,COUNTY,浙江省,温州市,文成县,浙江省温州市文成县,120.086314,27.789886,WGS84
330329,330300,COUNTY,浙江省,温州市,泰顺县,浙江省温州市泰顺县,119.712973,27.559803,WGS84
330381,330300,COUNTY,浙江省,温州市,瑞安市,浙江省温州市瑞安市,120.651295,27.782304,WGS84
330382,330300,COUNTY,浙江省,温州市,乐清市,浙江省温州市乐清市,120.982223,28.115821,WGS84
330383,330300,COUNTY,浙江省,温州市,龙港市,浙江省温州市龙港市,120.548993,27.581702,WGS84
330400,330000,CITY,浙江省,嘉兴市,,浙江省嘉兴市,120.751303,30.749112,WGS84
330402,330400,COUNTY,浙江省,嘉兴市,南湖区,浙江省嘉兴市南湖区,120.778649,30.750050,WGS84
330411,330400,COUNTY,浙江省,嘉兴市,秀洲区,浙江省嘉兴市秀洲区,120.704765,30.767136,WGS84
330421,330400,COUNTY,浙江省,嘉兴市,嘉善县,浙江省嘉兴市嘉善县,120.921897,30.833276,WGS84
330424,330400,COUNTY,浙江省,嘉兴市,海盐县,浙江省嘉兴市海盐县,120.942137,30.529180,WGS84
330481,330400,COUNTY,浙江省,嘉兴市,海宁市,浙江省嘉兴市海宁市,120.676017,30.514021,WGS84
330482,330400,COUNTY,浙江省,嘉兴市,平湖市,浙江省嘉兴市平湖市,121.011240,30.680099,WGS84
330483,330400,COUNTY,浙江省,嘉兴市,桐乡市,浙江省嘉兴市桐乡市,120.560965,30.632886,WGS84
330500,330000,CITY,浙江省,湖州市,,浙江省湖州市,120.082009,30.896224,WGS84
330502,330500,COUNTY,浙江省,湖州市,吴兴区,浙江省湖州市吴兴区,120.180941,30.859352,WGS84
330503,330500,COUNTY,浙江省,湖州市,南浔区,浙江省湖州市南浔区,120.413614,30.852899,WGS84
330521,330500,COUNTY,浙江省,湖州市,德清县,浙江省湖州市德清县,119.972762,30.544988,WGS84
330522,330500,COUNTY,浙江省,湖州市,长兴县,浙江省湖州市长兴县,119.906597,31.029296,WGS84
330523,330500,COUNTY,浙江省,湖州市,安吉县,浙江省湖州市安吉县,119.675385,30.641256,WGS84
330600,330000,CITY,浙江省,绍兴市,,浙江省绍兴市,120.578801,30.054183,WGS84
330602,330600,COUNTY,浙江省,绍兴市,越城区,浙江省绍兴市越城区,120.578257,29.991726,WGS84
330603,330600,COUNTY,浙江省,绍兴市,柯桥区,浙江省绍兴市柯桥区,120.491181,30.085471,WGS84
330604,330600,COUNTY,浙江省,绍兴市,上虞区,浙江省绍兴市上虞区,120.864485,30.036473,WGS84
330624,330600,COUNTY,浙江省,绍兴市,新昌县,浙江省绍兴市新昌县,120.899901,29.503252,WGS84
330681,330600,COUNTY,浙江省,绍兴市,诸暨市,浙江省绍兴市诸暨市,120.242165,29.711882,WGS84
330683,330600,COUNTY,浙江省,绍兴市,嵊州市,浙江省绍兴市嵊州市,120.826382,29.564128,WGS84
330700,330000,CITY,浙江省,金华市,,浙江省金华市,119.642566,29.082177,WGS84
330702,330700,COUNTY,浙江省,金华市,婺城区,浙江省金华市婺城区,119.566850,29.090304,WGS84
330703,330700,COUNTY,浙江省,金华市,金东区,浙江省金华市金东区,119.688055,29.102704,WGS84
330723,330700,COUNTY,浙江省,金华市,武义县,浙江省金华市武义县,119.811683,28.895609,WGS84
330726,330700,COUNTY,浙江省,金华市,浦江县,浙江省金华市浦江县,119.888084,29.456121,WGS84
330727,330700,COUNTY,浙江省,金华市,磐安县,浙江省金华市磐安县,120.445514,29.057192,WGS84
330781,330700,COUNTY,浙江省,金华市,兰溪市,浙江省金华市兰溪市,119.455295,29.211672,WGS84
330782,330700,COUNTY,浙江省,金华市,义乌市,浙江省金华市义乌市,120.070944,29.308787,WGS84
330783,330700,COUNTY,浙江省,金华市,东阳市,浙江省金华市东阳市,120.237381,29.292824,WGS84
330784,330700,COUNTY,浙江省,金华市,永康市,浙江省金华市永康市,120.042688,28.891854,WGS84
330800,330000,CITY,浙江省,衢州市,,浙江省衢州市,118.854504,28.973304,WGS84
330802,330800,COUNTY,浙江省,衢州市,柯城区,浙江省衢州市柯城区,118.869361,28.940060,WGS84
330803,330800,COUNTY,浙江省,衢州市,衢江区,浙江省衢州市衢江区,118.954305,28.983405,WGS84
330822,330800,COUNTY,浙江省,衢州市,常山县,浙江省衢州市常山县,118.506281,28.905457,WGS84
330824,330800,COUNTY,浙江省,衢州市,开化县,浙江省衢州市开化县,118.401635,29.120535,WGS84
330825,330800,COUNTY,浙江省,衢州市,龙游县,浙江省衢州市龙游县,119.167185,29.030993,WGS84
330881,330800,COUNTY,浙江省,衢州市,江山市,浙江省衢州市江山市,118.622486,28.741243,WGS84
330900,330000,CITY,浙江省,舟山市,,浙江省舟山市,122.203229,29.987975,WGS84
330902,330900,COUNTY,浙江省,舟山市,定海区,浙江省舟山市定海区,122.102480,30.022047,WGS84
330903,330900,COUNTY,浙江省,舟山市,普陀区,浙江省舟山市普陀区,122.319105,29.972928,WGS84
330921,330900,COUNTY,浙江省,舟山市,岱山县,浙江省舟山市岱山县,122.221561,30.266944,WGS84
330922,330900,COUNTY,浙江省,舟山市,嵊泗县,浙江省舟山市嵊泗县,122.446991,30.727821,WGS84
331000,330000,CITY,浙江省,台州市,,浙江省台州市,121.416358,28.658662,WGS84
331002,331000,COUNTY,浙江省,台州市,椒江区,浙江省台州市椒江区,121.438454,28.676294,WGS84
331003,331000,COUNTY,浙江省,台州市,黄岩区,浙江省台州市黄岩区,121.257584,28.652564,WGS84
331004,331000,COUNTY,浙江省,台州市,路桥区,浙江省台州市路桥区,121.333536,28.581307,WGS84
331022,331000,COUNTY,浙江省,台州市,三门县,浙江省台州市三门县,121.391140,29.107497,WGS84
331023,331000,COUNTY,浙江省,台州市,天台县,浙江省台州市天台县,121.002433,29.147352,WGS84
331024,331000,COUNTY,浙江省,台州市,仙居县,浙江省台州市仙居县,120.724575,28.849875,WGS84
331081,331000,COUNTY,浙江省,台州市,温岭市,浙江省台州市温岭市,121.381030,28.375864,WGS84
331082,331000,COUNTY,浙江省,台州市,临海市,浙江省台州市临海市,121.140237,28.861884,WGS84
331083,331000,COUNTY,浙江省,台州市,玉环市,浙江省台州市玉环市,121.227729,28.139942,WGS84
331100,330000,CITY,浙江省,丽水市,,浙江省丽水市,119.918844,28.471102,WGS84
331102,331100,COUNTY,浙江省,丽水市,莲都区,浙江省丽水市莲都区,119.907860,28.449520,WGS84
331121,331100,COUNTY,浙江省,丽水市,青田县,浙江省丽水市青田县,120.285385,28.142837,WGS84
331122,331100,COUNTY,浙江省,丽水市,缙云县,浙江省丽水市缙云县,120.087001,28.662253,WGS84
331123,331100,COUNTY,浙江省,丽水市,遂昌县,浙江省丽水市遂昌县,119.270898,28.595567,WGS84
331124,331100,COUNTY,浙江省,丽水市,松阳县,浙江省丽水市松阳县,119.476430,28.452054,WGS84
331125,331100,COUNTY,浙江省,丽水市,云和县,浙江省丽水市云和县,119.568812,28.119457,WGS84
331126,331100,COUNTY,浙江省,丽水市,庆元县,浙江省丽水市庆元县,119.057527,27.622273,WGS84
331127,331100,COUNTY,浙江省,丽水市,景宁畲族自治县,浙江省丽水市景宁畲族自治县,119.631086,27.977005,WGS84
331181,331100,COUNTY,浙江省,丽水市,龙泉市,浙江省丽水市龙泉市,119.136165,28.078027,WGS84
340000,,PROVINCE,安徽省,,,安徽省,117.324536,31.736466,WGS84
340100,340000,CITY,安徽省,合肥市,,安徽省合肥市,117.221781,31.822562,WGS84
340102,340100,COUNTY,安徽省,合肥市,瑶海区,安徽省合肥市瑶海区,117.303876,31.860076,WGS84
340103,340100,COUNTY,安徽省,合肥市,庐阳区,安徽省合肥市庐阳区,117.259596,31.880740,WGS84
340104,340100,COUNTY,安徽省,合肥市,蜀山区,安徽省合肥市蜀山区,117.255044,31.853225,WGS84
340111,340100,COUNTY,安徽省,合肥市,包河区,安徽省合肥市包河区,117.304574,31.795753,WGS84
340121,340100,COUNTY,安徽省,合肥市,长丰县,安徽省合肥市长丰县,117.161997,32.480322,WGS84
340122,340100,COUNTY,安徽省,合肥市,肥东县,安徽省合肥市肥东县,117.472258,31.880537,WGS84
340123,340100,COUNTY,安徽省,合肥市,肥西县,安徽省合肥市肥西县,117.152839,31.708871,WGS84
340124,340100,COUNTY,安徽省,合肥市,庐江县,安徽省合肥市庐江县,117.282700,31.259027,WGS84
340181,340100,COUNTY,安徽省,合肥市,巢湖市,安徽省合肥市巢湖市,117.884997,31.626622,WGS84
340200,340000,CITY,安徽省,芜湖市,,安徽省芜湖市,118.427674,31.354459,WGS84
340202,340200,COUNTY,安徽省,芜湖市,镜湖区,安徽省芜湖市镜湖区,118.379725,31.342405,WGS84
340207,340200,COUNTY,安徽省,芜湖市,鸠江区,安徽省芜湖市鸠江区,118.386922,31.371582,WGS84
340209,340200,COUNTY,安徽省,芜湖市,弋江区,安徽省芜湖市弋江区,118.367271,31.313291,WGS84
340210,340200,COUNTY,安徽省,芜湖市,湾沚区,安徽省芜湖市湾沚区,118.571175,31.137087,WGS84
340212,340200,COUNTY,安徽省,芜湖市,繁昌区,安徽省芜湖市繁昌区,118.193216,31.103844,WGS84
340223,340200,COUNTY,安徽省,芜湖市,南陵县,安徽省芜湖市南陵县,118.328789,30.916764,WGS84
340281,340200,COUNTY,安徽省,芜湖市,无为市,安徽省芜湖市无为市,117.897066,31.306687,WGS84
340300,340000,CITY,安徽省,蚌埠市,,安徽省蚌埠市,117.382725,32.918529,WGS84
340302,340300,COUNTY,安徽省,蚌埠市,龙子湖区,安徽省蚌埠市龙子湖区,117.448738,32.910383,WGS84
340303,340300,COUNTY,安徽省,蚌埠市,蚌山区,安徽省蚌埠市蚌山区,117.367529,32.918118,WGS84
340304,340300,COUNTY,安徽省,蚌埠市,禹会区,安徽省蚌埠市禹会区,117.336112,32.931484,WGS84
340311,340300,COUNTY,安徽省,蚌埠市,淮上区,安徽省蚌埠市淮上区,117.353558,32.967283,WGS84
340321,340300,COUNTY,安徽省,蚌埠市,怀远县,安徽省蚌埠市怀远县,117.199462,32.973350,WGS84
340322,340300,COUNTY,安徽省,蚌埠市,五河县,安徽省蚌埠市五河县,117.875919,33.128434,WGS84
340323,340300,COUNTY,安徽省,蚌埠市,固镇县,安徽省蚌埠市固镇县,117.310863,33.319922,WGS84
340400,340000,CITY,安徽省,淮南市,,安徽省淮南市,117.013125,32.587408,WGS84
340402,340400,COUNTY,安徽省,淮南市,大通区,安徽省淮南市大通区,117.047706,32.633435,WGS84
340403,340400,COUNTY,安徽省,淮南市,田家庵区,安徽省淮南市田家庵区,117.011785,32.649461,WGS84
340404,340400,COUNTY,安徽省,淮南市,谢家集区,安徽省淮南市谢家集区,116.854849,32.601376,WGS84
340405,340400,COUNTY,安徽省,淮南市,八公山区,安徽省淮南市八公山区,116.827755,32.633065,WGS84
340406,340400,COUNTY,安徽省,淮南市,潘集区,安徽省淮南市潘集区,116.829481,32.774160,WGS84
340421,340400,COUNTY,安徽省,淮南市,凤台县,安徽省淮南市凤台县,116.705701,32.712588,WGS84
340422,340400,COUNTY,安徽省,淮南市,寿县,安徽省淮南市寿县,116.792933,32.547138,WGS84
340500,340000,CITY,安徽省,马鞍山市,,安徽省马鞍山市,118.501652,31.670741,WGS84
340503,340500,COUNTY,安徽省,马鞍山市,花山区,安徽省马鞍山市花山区,118.506182,31.702119,WGS84
340504,340500,COUNTY,安徽省,马鞍山市,雨山区,安徽省马鞍山市雨山区,118.493445,31.684326,WGS84
340506,340500,COUNTY,安徽省,马鞍山市,博望区,安徽省马鞍山市博望区,118.813169,31.553204,WGS84
340521,340500,COUNTY,安徽省,马鞍山市,当涂县,安徽省马鞍山市当涂县,118.492650,31.572806,WGS84
340522,340500,COUNTY,安徽省,马鞍山市,含山县,安徽省马鞍山市含山县,118.095872,31.737357,WGS84
340523,340500,COUNTY,安徽省,马鞍山市,和县,安徽省马鞍山市和县,118.348263,31.744329,WGS84
340600,340000,CITY,安徽省,淮北市,,安徽省淮北市,116.792958,33.957683,WGS84
340602,340600,COUNTY,安徽省,淮北市,杜集区,安徽省淮北市杜集区,116.822588,33.992874,WGS84
340603,340600,COUNTY,安徽省,淮北市,相山区,安徽省淮北市相山区,116.789825,33.961341,WGS84
340604,340600,COUNTY,安徽省,淮北市,烈山区,安徽省淮北市烈山区,116.807844,33.896863,WGS84
340621,340600,COUNTY,安徽省,淮北市,濉溪县,安徽省淮北市濉溪县,116.760738,33.917010,WGS84
340700,340000,CITY,安徽省,铜陵市,,安徽省铜陵市,117.805943,30.947496,WGS84
340705,340700,COUNTY,安徽省,铜陵市,铜官区,安徽省铜陵市铜官区,117.851300,30.939141,WGS84
340706,340700,COUNTY,安徽省,铜陵市,义安区,安徽省铜陵市义安区,117.932230,30.953007,WGS84
340711,340700,COUNTY,安徽省,铜陵市,郊区,安徽省铜陵市郊区,117.762502,30.824003,WGS84
340722,340700,COUNTY,安徽省,铜陵市,枞阳县,安徽省铜陵市枞阳县,117.244813,30.707835,WGS84
340800,340000,CITY,安徽省,安庆市,,安徽省安庆市,117.109841,30.534089,WGS84
340802,340800,COUNTY,安徽省,安庆市,迎江区,安徽省安庆市迎江区,117.085385,30.515036,WGS84
340803,340800,COUNTY,安徽省,安庆市,大观区,安徽省安庆市大观区,117.008196,30.556109,WGS84
340811,340800,COUNTY,安徽省,安庆市,宜秀区,安徽省安庆市宜秀区,116.982295,30.615656,WGS84
340822,340800,COUNTY,安徽省,安庆市,怀宁县,安徽省安庆市怀宁县,116.824551,30.737288,WGS84
340825,340800,COUNTY,安徽省,安庆市,太湖县,安徽省安庆市太湖县,116.303704,30.456626,WGS84
340826,340800,COUNTY,安徽省,安庆市,宿松县,安徽省安庆市宿松县,116.129219,30.174015,WGS84
340827,340800,COUNTY,安徽省,安庆市,望江县,安徽省安庆市望江县,116.701400,30.130956,WGS84
340828,340800,COUNTY,安徽省,安庆市,岳西县,安徽省安庆市岳西县,116.354493,30.851879,WGS84
340881,340800,COUNTY,安徽省,安庆市,桐城市,安徽省安庆市桐城市,116.931536,31.037830,WGS84
340882,340800,COUNTY,安徽省,安庆市,潜山市,安徽省安庆市潜山市,116.576362,30.633610,WGS84
341000,340000,CITY,安徽省,黄山市,,安徽省黄山市,118.332447,29.717294,WGS84
341002,341000,COUNTY,安徽省,黄山市,屯溪区,安徽省黄山市屯溪区,118.309858,29.699004,WGS84
341003,341000,COUNTY,安徽省,黄山市,黄山区,安徽省黄山市黄山区,118.136243,30.275317,WGS84
341004,341000,COUNTY,安徽省,黄山市,徽州区,安徽省黄山市徽州区,118.331595,29.829685,WGS84
341021,341000,COUNTY,安徽省,黄山市,歙县,安徽省黄山市歙县,118.409981,29.863662,WGS84
341022,341000,COUNTY,安徽省,黄山市,休宁县,安徽省黄山市休宁县,118.188317,29.786970,WGS84
341023,341000,COUNTY,安徽省,黄山市,黟县,安徽省黄山市黟县,117.933052,29.927429,WGS84
341024,341000,COUNTY,安徽省,黄山市,祁门县,安徽省黄山市祁门县,117.712134,29.856707,WGS84
341100,340000,CITY,安徽省,滁州市,,安徽省滁州市,118.328022,32.257887,WGS84
341102,341100,COUNTY,安徽省,滁州市,琅琊区,安徽省滁州市琅琊区,118.315748,32.336485,WGS84
341103,341100,COUNTY,安徽省,滁州市,南谯区,安徽省滁州市南谯区,118.411225,32.201970,WGS84
341122,341100,COUNTY,安徽省,滁州市,来安县,安徽省滁州市来安县,118.427089,32.424976,WGS84
341124,341100,COUNTY,安徽省,滁州市,全椒县,安徽省滁州市全椒县,118.268828,32.087974,WGS84
341125,341100,COUNTY,安徽省,滁州市,定远县,安徽省滁州市定远县,117.692995,32.532864,WGS84
341126,341100,COUNTY,安徽省,滁州市,凤阳县,安徽省滁州市凤阳县,117.526235,32.877701,WGS84
341181,341100,COUNTY,安徽省,滁州市,天长市,安徽省滁州市天长市,118.999530,32.669410,WGS84
341182,341100,COUNTY,安徽省,滁州市,明光市,安徽省滁州市明光市,118.012652,32.783851,WGS84
341200,340000,CITY,安徽省,阜阳市,,安徽省阜阳市,115.808868,32.893019,WGS84
341202,341200,COUNTY,安徽省,阜阳市,颍州区,安徽省阜阳市颍州区,115.801514,32.885302,WGS84
341203,341200,COUNTY,安徽省,阜阳市,颍东区,安徽省阜阳市颍东区,115.851453,32.913781,WGS84
341204,341200,COUNTY,安徽省,阜阳市,颍泉区,安徽省阜阳市颍泉区,115.802011,32.927414,WGS84
341221,341200,COUNTY,安徽省,阜阳市,临泉县,安徽省阜阳市临泉县,115.257564,33.040720,WGS84
341222,341200,COUNTY,安徽省,阜阳市,太和县,安徽省阜阳市太和县,115.616607,33.162250,WGS84
341225,341200,COUNTY,安徽省,阜阳市,阜南县,安徽省阜阳市阜南县,115.590716,32.661923,WGS84
341226,341200,COUNTY,安徽省,阜阳市,颍上县,安徽省阜阳市颍上县,116.251518,32.655261,WGS84
341282,341200,COUNTY,安徽省,阜阳市,界首市,安徽省阜阳市界首市,115.368910,33.259320,WGS84
341300,340000,CITY,安徽省,宿州市,,安徽省宿州市,116.958825,33.649303,WGS84
341302,341300,COUNTY,安徽省,宿州市,埇桥区,安徽省宿州市埇桥区,116.971629,33.641752,WGS84
341321,341300,COUNTY,安徽省,宿州市,砀山县,安徽省宿州市砀山县,116.360671,34.443201,WGS84
341322,341300,COUNTY,安徽省,宿州市,萧县,安徽省宿州市萧县,116.941923,34.190312,WGS84
341323,341300,COUNTY,安徽省,宿州市,灵璧县,安徽省宿州市灵璧县,117.543750,33.556072,WGS84
341324,341300,COUNTY,安徽省,宿州市,泗县,安徽省宿州市泗县,117.904878,33.485383,WGS84
341500,340000,CITY,安徽省,六安市,,安徽省六安市,116.514630,31.737943,WGS84
341502,341500,COUNTY,安徽省,六安市,金安区,安徽省六安市金安区,116.534419,31.752247,WGS84
341503,341500,COUNTY,安徽省,六安市,裕安区,安徽省六安市裕安区,116.474270,31.740722,WGS84
341504,341500,COUNTY,安徽省,六安市,叶集区,安徽省六安市叶集区,115.920168,31.865909,WGS84
341522,341500,COUNTY,安徽省,六安市,霍邱县,安徽省六安市霍邱县,116.272734,32.355466,WGS84
341523,341500,COUNTY,安徽省,六安市,舒城县,安徽省六安市舒城县,116.943513,31.464192,WGS84
341524,341500,COUNTY,安徽省,六安市,金寨县,安徽省六安市金寨县,115.929156,31.729479,WGS84
341525,341500,COUNTY,安徽省,六安市,霍山县,安徽省六安市霍山县,116.343008,31.411576,WGS84
341600,340000,CITY,安徽省,亳州市,,安徽省亳州市,115.773040,33.847723,WGS84
341602,341600,COUNTY,安徽省,亳州市,谯城区,安徽省亳州市谯城区,115.773530,33.877867,WGS84
341621,341600,COUNTY,安徽省,亳州市,涡阳县,安徽省亳州市涡阳县,116.211274,33.495643,WGS84
341622,341600,COUNTY,安徽省,亳州市,蒙城县,安徽省亳州市蒙城县,116.559224,33.267482,WGS84
341623,341600,COUNTY,安徽省,亳州市,利辛县,安徽省亳州市利辛县,116.201031,33.160119,WGS84
341700,340000,CITY,安徽省,池州市,,安徽省池州市,117.490190,30.676615,WGS84
341702,341700,COUNTY,安徽省,池州市,贵池区,安徽省池州市贵池区,117.562827,30.690768,WGS84
341721,341700,COUNTY,安徽省,池州市,东至县,安徽省池州市东至县,117.022244,30.113622,WGS84
341722,341700,COUNTY,安徽省,池州市,石台县,安徽省池州市石台县,117.480749,30.212657,WGS84
341723,341700,COUNTY,安徽省,池州市,青阳县,安徽省池州市青阳县,117.842129,30.641518,WGS84
341800,340000,CITY,安徽省,宣城市,,安徽省宣城市,118.754003,30.941496,WGS84
341802,341800,COUNTY,安徽省,宣城市,宣州区,安徽省宣城市宣州区,118.780992,30.946588,WGS84
341821,341800,COUNTY,安徽省,宣城市,郎溪县,安徽省宣城市郎溪县,119.179051,31.145010,WGS84
341823,341800,COUNTY,安徽省,宣城市,泾县,安徽省宣城市泾县,118.414205,30.690972,WGS84
341824,341800,COUNTY,安徽省,宣城市,绩溪县,安徽省宣城市绩溪县,118.573664,30.070190,WGS84
341825,341800,COUNTY,安徽省,宣城市,旌德县,安徽省宣城市旌德县,118.545110,30.300885,WGS84
341881,341800,COUNTY,安徽省,宣城市,宁国市,安徽省宣城市宁国市,118.978039,30.636474,WGS84
341882,341800,COUNTY,安徽省,宣城市,广德市,安徽省宣城市广德市,119.415464,30.879672,WGS84
350000,,PROVINCE,福建省,,,福建省,119.291400,26.104211,WGS84
350100,350000,CITY,福建省,福州市,,福建省福州市,119.291618,26.077397,WGS84
350102,350100,COUNTY,福建省,福州市,鼓楼区,福建省福州市鼓楼区,119.299701,26.085770,WGS84
350103,350100,COUNTY,福建省,福州市,台江区,福建省福州市台江区,119.309370,26.055894,WGS84
350104,350100,COUNTY,福建省,福州市,仓山区,福建省福州市仓山区,119.268454,26.050145,WGS84
350105,350100,COUNTY,福建省,福州市,马尾区,福建省福州市马尾区,119.434358,26.001585,WGS84
350111,350100,COUNTY,福建省,福州市,晋安区,福建省福州市晋安区,119.323741,26.085024,WGS84
350112,350100,COUNTY,福建省,福州市,长乐区,福建省福州市长乐区,119.589134,25.891471,WGS84
350121,350100,COUNTY,福建省,福州市,闽侯县,福建省福州市闽侯县,119.126406,26.153452,WGS84
350122,350100,COUNTY,福建省,福州市,连江县,福建省福州市连江县,119.534955,26.201055,WGS84
350123,350100,COUNTY,福建省,福州市,罗源县,福建省福州市罗源县,119.544550,26.493682,WGS84
350124,350100,COUNTY,福建省,福州市,闽清县,福建省福州市闽清县,118.858749,26.224486,WGS84
350125,350100,COUNTY,福建省,福州市,永泰县,福建省福州市永泰县,118.928203,25.870374,WGS84
350128,350100,COUNTY,福建省,福州市,平潭县,福建省福州市平潭县,119.785427,25.501601,WGS84
350181,350100,COUNTY,福建省,福州市,福清市,福建省福州市福清市,119.379479,25.722818,WGS84
350200,350000,CITY,福建省,厦门市,,福建省厦门市,118.083933,24.482277,WGS84
350203,350200,COUNTY,福建省,厦门市,思明区,福建省厦门市思明区,118.077773,24.448325,WGS84
350205,350200,COUNTY,福建省,厦门市,海沧区,福建省厦门市海沧区,118.027988,24.487439,WGS84
350206,350200,COUNTY,福建省,厦门市,湖里区,福建省厦门市湖里区,118.141909,24.515545,WGS84
350211,350200,COUNTY,福建省,厦门市,集美区,福建省厦门市集美区,118.092423,24.578633,WGS84
350212,350200,COUNTY,福建省,厦门市,同安区,福建省厦门市同安区,118.145900,24.725999,WGS84
350213,350200,COUNTY,福建省,厦门市,翔安区,福建省厦门市翔安区,118.243192,24.621424,WGS84
350300,350000,CITY,福建省,莆田市,,福建省莆田市,119.002944,25.456999,WGS84
350302,350300,COUNTY,福建省,莆田市,城厢区,福建省莆田市城厢区,118.989591,25.421892,WGS84
350303,350300,COUNTY,福建省,莆田市,涵江区,福建省莆田市涵江区,119.111256,25.461682,WGS84
350304,350300,COUNTY,福建省,莆田市,荔城区,福建省莆田市荔城区,119.010080,25.435039,WGS84
350305,350300,COUNTY,福建省,莆田市,秀屿区,福建省莆田市秀屿区,119.100267,25.321247,WGS84
350322,350300,COUNTY,福建省,莆田市,仙游县,福建省莆田市仙游县,118.685143,25.376236,WGS84
350400,350000,CITY,福建省,三明市,,福建省三明市,117.634026,26.266889,WGS84
350404,350400,COUNTY,福建省,三明市,三元区,福建省三明市三元区,117.641249,26.275081,WGS84
350405,350400,COUNTY,福建省,三明市,沙县区,福建省三明市沙县区,117.787535,26.400202,WGS84
350421,350400,COUNTY,福建省,三明市,明溪县,福建省三明市明溪县,117.197065,26.359213,WGS84
350423,350400,COUNTY,福建省,三明市,清流县,福建省三明市清流县,116.812049,26.180956,WGS84
350424,350400,COUNTY,福建省,三明市,宁化县,福建省三明市宁化县,116.649779,26.265717,WGS84
350425,350400,COUNTY,福建省,三明市,大田县,福建省三明市大田县,117.841988,25.695567,WGS84
350426,350400,COUNTY,福建省,三明市,尤溪县,福建省三明市尤溪县,118.184839,26.171856,WGS84
350428,350400,COUNTY,福建省,三明市,将乐县,福建省三明市将乐县,117.465911,26.732205,WGS84
350429,350400,COUNTY,福建省,三明市,泰宁县,福建省三明市泰宁县,117.170310,26.903509,WGS84
350430,350400,COUNTY,福建省,三明市,建宁县,福建省三明市建宁县,116.843768,26.837069,WGS84
350481,350400,COUNTY,福建省,三明市,永安市,福建省三明市永安市,117.359852,25.944592,WGS84
350500,350000,CITY,福建省,泉州市,,福建省泉州市,118.671186,24.877369,WGS84
350502,350500,COUNTY,福建省,泉州市,鲤城区,福建省泉州市鲤城区,118.582067,24.911130,WGS84
350503,350500,COUNTY,福建省,泉州市,丰泽区,福建省泉州市丰泽区,118.608561,24.893375,WGS84
350504,350500,COUNTY,福建省,泉州市,洛江区,福建省泉州市洛江区,118.666635,24.942235,WGS84
350505,350500,COUNTY,福建省,泉州市,泉港区,福建省泉州市泉港区,118.911331,25.123369,WGS84
350521,350500,COUNTY,福建省,泉州市,惠安县,福建省泉州市惠安县,118.776396,25.015263,WGS84
350524,350500,COUNTY,福建省,泉州市,安溪县,福建省泉州市安溪县,118.181436,25.058789,WGS84
350525,350500,COUNTY,福建省,泉州市,永春县,福建省泉州市永春县,118.289379,25.324612,WGS84
350526,350500,COUNTY,福建省,泉州市,德化县,福建省泉州市德化县,118.236316,25.494922,WGS84
350527,350500,COUNTY,福建省,泉州市,金门县,福建省泉州市金门县,118.319151,24.437111,WGS84
350581,350500,COUNTY,福建省,泉州市,石狮市,福建省泉州市石狮市,118.643471,24.734950,WGS84
350582,350500,COUNTY,福建省,泉州市,晋江市,福建省泉州市晋江市,118.547155,24.784596,WGS84
350583,350500,COUNTY,福建省,泉州市,南安市,福建省泉州市南安市,118.381042,24.962692,WGS84
350600,350000,CITY,福建省,漳州市,,福建省漳州市,117.642519,24.518284,WGS84
350602,350600,COUNTY,福建省,漳州市,芗城区,福建省漳州市芗城区,117.648938,24.513913,WGS84
350603,350600,COUNTY,福建省,漳州市,龙文区,福建省漳州市龙文区,117.706298,24.506395,WGS84
350604,350600,COUNTY,福建省,漳州市,龙海区,福建省漳州市龙海区,117.813666,24.449734,WGS84
350605,350600,COUNTY,福建省,漳州市,长泰区,福建省漳州市长泰区,117.754196,24.628836,WGS84
350622,350600,COUNTY,福建省,漳州市,云霄县,福建省漳州市云霄县,117.329371,23.937987,WGS84
350623,350600,COUNTY,福建省,漳州市,漳浦县,福建省漳州市漳浦县,117.609066,24.120317,WGS84
350624,350600,COUNTY,福建省,漳州市,诏安县,福建省漳州市诏安县,117.170410,23.714157,WGS84
350626,350600,COUNTY,福建省,漳州市,东山县,福建省漳州市东山县,117.424431,23.704436,WGS84
350627,350600,COUNTY,福建省,漳州市,南靖县,福建省漳州市南靖县,117.351989,24.517804,WGS84
350628,350600,COUNTY,福建省,漳州市,平和县,福建省漳州市平和县,117.309834,24.366584,WGS84
350629,350600,COUNTY,福建省,漳州市,华安县,福建省漳州市华安县,117.529221,25.007348,WGS84
350700,350000,CITY,福建省,南平市,,福建省南平市,118.076131,27.385887,WGS84
350702,350700,COUNTY,福建省,南平市,延平区,福建省南平市延平区,118.176817,26.640797,WGS84
350703,350700,COUNTY,福建省,南平市,建阳区,福建省南平市建阳区,118.115216,27.335058,WGS84
350721,350700,COUNTY,福建省,南平市,顺昌县,福建省南平市顺昌县,117.804420,26.796881,WGS84
350722,350700,COUNTY,福建省,南平市,浦城县,福建省南平市浦城县,118.536315,27.921159,WGS84
350723,350700,COUNTY,福建省,南平市,光泽县,福建省南平市光泽县,117.328564,27.544194,WGS84
350724,350700,COUNTY,福建省,南平市,松溪县,福建省南平市松溪县,118.780606,27.529257,WGS84
350725,350700,COUNTY,福建省,南平市,政和县,福建省南平市政和县,118.853023,27.369488,WGS84
350781,350700,COUNTY,福建省,南平市,邵武市,福建省南平市邵武市,117.487579,27.343881,WGS84
350782,350700,COUNTY,福建省,南平市,武夷山市,福建省南平市武夷山市,118.030173,27.759567,WGS84
350783,350700,COUNTY,福建省,南平市,建瓯市,福建省南平市建瓯市,118.299791,27.026508,WGS84
350800,350000,CITY,福建省,龙岩市,,福建省龙岩市,117.012505,25.078656,WGS84
350802,350800,COUNTY,福建省,龙岩市,新罗区,福建省龙岩市新罗区,117.031887,25.101657,WGS84
350803,350800,COUNTY,福建省,龙岩市,永定区,福建省龙岩市永定区,116.727569,24.727011,WGS84
350821,350800,COUNTY,福建省,龙岩市,长汀县,福建省龙岩市长汀县,116.352743,25.836402,WGS84
350823,350800,COUNTY,福建省,龙岩市,上杭县,福建省龙岩市上杭县,116.414623,25.052503,WGS84
350824,350800,COUNTY,福建省,龙岩市,武平县,福建省龙岩市武平县,116.095310,25.098769,WGS84
350825,350800,COUNTY,福建省,龙岩市,连城县,福建省龙岩市连城县,116.749738,25.713470,WGS84
350881,350800,COUNTY,福建省,龙岩市,漳平市,福建省龙岩市漳平市,117.414632,25.293096,WGS84
350900,350000,CITY,福建省,宁德市,,福建省宁德市,119.543133,26.669707,WGS84
350902,350900,COUNTY,福建省,宁德市,蕉城区,福建省宁德市蕉城区,119.521616,26.664087,WGS84
350921,350900,COUNTY,福建省,宁德市,霞浦县,福建省宁德市霞浦县,120.000848,26.889303,WGS84
350922,350900,COUNTY,福建省,宁德市,古田县,福建省宁德市古田县,118.741264,26.581504,WGS84
350923,350900,COUNTY,福建省,宁德市,屏南县,福建省宁德市屏南县,118.981007,26.911653,WGS84
350924,350900,COUNTY,福建省,宁德市,寿宁县,福建省宁德市寿宁县,119.509817,27.457907,WGS84
350925,350900,COUNTY,福建省,宁德市,周宁县,福建省宁德市周宁县,119.334050,27.107975,WGS84
350926,350900,COUNTY,福建省,宁德市,柘荣县,福建省宁德市柘荣县,119.896273,27.237637,WGS84
350981,350900,COUNTY,福建省,宁德市,福安市,福建省宁德市福安市,119.643326,27.091705,WGS84
350982,350900,COUNTY,福建省,宁德市,福鼎市,福建省宁德市福鼎市,120.212256,27.327989,WGS84
360000,,PROVINCE,江西省,,,江西省,115.811575,28.640504,WGS84
360100,360000,CITY,江西省,南昌市,,江西省南昌市,115.853060,28.686296,WGS84
360102,360100,COUNTY,江西省,南昌市,东湖区,江西省南昌市东湖区,115.898733,28.702142,WGS84
360103,360100,COUNTY,江西省,南昌市,西湖区,江西省南昌市西湖区,115.872127,28.660367,WGS84
360104,360100,COUNTY,江西省,南昌市,青云谱区,江西省南昌市青云谱区,115.920873,28.625211,WGS84
360111,360100,COUNTY,江西省,南昌市,青山湖区,江西省南昌市青山湖区,115.957247,28.686165,WGS84
360112,360100,COUNTY,江西省,南昌市,新建区,江西省南昌市新建区,115.810224,28.696428,WGS84
360113,360100,COUNTY,江西省,南昌市,红谷滩区,江西省南昌市红谷滩区,115.853214,28.701499,WGS84
360121,360100,COUNTY,江西省,南昌市,南昌县,江西省南昌市南昌县,115.928654,28.561335,WGS84
360123,360100,COUNTY,江西省,南昌市,安义县,江西省南昌市安义县,115.544115,28.848780,WGS84
360124,360100,COUNTY,江西省,南昌市,进贤县,江西省南昌市进贤县,116.237569,28.380922,WGS84
360200,360000,CITY,江西省,景德镇市,,江西省景德镇市,117.179577,29.277040,WGS84
360202,360200,COUNTY,江西省,景德镇市,昌江区,江西省景德镇市昌江区,117.177329,29.276319,WGS84
360203,360200,COUNTY,江西省,景德镇市,珠山区,江西省景德镇市珠山区,117.266095,29.307884,WGS84
360222,360200,COUNTY,江西省,景德镇市,浮梁县,江西省景德镇市浮梁县,117.209706,29.355132,WGS84
360281,360200,COUNTY,江西省,景德镇市,乐平市,江西省景德镇市乐平市,117.146155,28.981329,WGS84
360300,360000,CITY,江西省,萍乡市,,江西省萍乡市,113.881901,27.662169,WGS84
360302,360300,COUNTY,江西省,萍乡市,安源区,江西省萍乡市安源区,113.865445,27.618427,WGS84
360313,360300,COUNTY,江西省,萍乡市,湘东区,江西省萍乡市湘东区,113.727514,27.643356,WGS84
360321,360300,COUNTY,江西省,萍乡市,莲花县,江西省萍乡市莲花县,113.956375,27.131956,WGS84
360322,360300,COUNTY,江西省,萍乡市,上栗县,江西省萍乡市上栗县,113.789802,27.883551,WGS84
360323,360300,COUNTY,江西省,萍乡市,芦溪县,江西省萍乡市芦溪县,114.023934,27.634470,WGS84
360400,360000,CITY,江西省,九江市,,江西省九江市,115.948609,29.663851,WGS84
360402,360400,COUNTY,江西省,九江市,濂溪区,江西省九江市濂溪区,115.987685,29.670597,WGS84
360403,360400,COUNTY,江西省,九江市,浔阳区,江西省九江市浔阳区,115.996598,29.708024,WGS84
360404,360400,COUNTY,江西省,九江市,柴桑区,江西省九江市柴桑区,115.906094,29.611528,WGS84
360423,360400,COUNTY,江西省,九江市,武宁县,江西省九江市武宁县,115.087248,29.249369,WGS84
360424,360400,COUNTY,江西省,九江市,修水县,江西省九江市修水县,114.541515,29.029225,WGS84
360425,360400,COUNTY,江西省,九江市,永修县,江西省九江市永修县,115.827067,29.014423,WGS84
360426,360400,COUNTY,江西省,九江市,德安县,江西省九江市德安县,115.761960,29.301323,WGS84
360428,360400,COUNTY,江西省,九江市,都昌县,江西省九江市都昌县,116.198969,29.276490,WGS84
360429,360400,COUNTY,江西省,九江市,湖口县,江西省九江市湖口县,116.247204,29.733729,WGS84
360430,360400,COUNTY,江西省,九江市,彭泽县,江西省九江市彭泽县,116.559034,29.880072,WGS84
360481,360400,COUNTY,江西省,九江市,瑞昌市,江西省九江市瑞昌市,115.676102,29.678666,WGS84
360482,360400,COUNTY,江西省,九江市,共青城市,江西省九江市共青城市,115.779142,29.237863,WGS84
360483,360400,COUNTY,江西省,九江市,庐山市,江西省九江市庐山市,116.039938,29.450744,WGS84
360500,360000,CITY,江西省,新余市,,江西省新余市,114.911822,27.822014,WGS84
360502,360500,COUNTY,江西省,新余市,渝水区,江西省新余市渝水区,114.939620,27.802955,WGS84
360521,360500,COUNTY,江西省,新余市,分宜县,江西省新余市分宜县,114.687677,27.818068,WGS84
360600,360000,CITY,江西省,鹰潭市,,江西省鹰潭市,117.034353,28.275295,WGS84
360602,360600,COUNTY,江西省,鹰潭市,月湖区,江西省鹰潭市月湖区,117.097160,28.270114,WGS84
360603,360600,COUNTY,江西省,鹰潭市,余江区,江西省鹰潭市余江区,116.849762,28.203096,WGS84
360681,360600,COUNTY,江西省,鹰潭市,贵溪市,江西省鹰潭市贵溪市,117.240006,28.295692,WGS84
360700,360000,CITY,江西省,赣州市,,江西省赣州市,114.928776,25.834331,WGS84
360702,360700,COUNTY,江西省,赣州市,章贡区,江西省赣州市章贡区,114.915724,25.821443,WGS84
360703,360700,COUNTY,江西省,赣州市,南康区,江西省赣州市南康区,114.760170,25.664297,WGS84
360704,360700,COUNTY,江西省,赣州市,赣县区,江西省赣州市赣县区,115.016221,25.857485,WGS84
360722,360700,COUNTY,江西省,赣州市,信丰县,江西省赣州市信丰县,114.917811,25.389771,WGS84
360723,360700,COUNTY,江西省,赣州市,大余县,江西省赣州市大余县,114.357192,25.404661,WGS84
360724,360700,COUNTY,江西省,赣州市,上犹县,江西省赣州市上犹县,114.547004,25.787880,WGS84
360725,360700,COUNTY,江西省,赣州市,崇义县,江西省赣州市崇义县,114.303079,25.685171,WGS84
360726,360700,COUNTY,江西省,赣州市,安远县,江西省赣州市安远县,115.388877,25.139492,WGS84
360728,360700,COUNTY,江西省,赣州市,定南县,江西省赣州市定南县,115.022986,24.786169,WGS84
360729,360700,COUNTY,江西省,赣州市,全南县,江西省赣州市全南县,114.525388,24.745300,WGS84
360730,360700,COUNTY,江西省,赣州市,宁都县,江西省赣州市宁都县,116.004320,26.474228,WGS84
360731,360700,COUNTY,江西省,赣州市,于都县,江西省赣州市于都县,115.409968,25.955479,WGS84
360732,360700,COUNTY,江西省,赣州市,兴国县,江西省赣州市兴国县,115.358309,26.341316,WGS84
360733,360700,COUNTY,江西省,赣州市,会昌县,江西省赣州市会昌县,115.804470,25.590273,WGS84
360734,360700,COUNTY,江西省,赣州市,寻乌县,江西省赣州市寻乌县,115.633839,24.972508,WGS84
360735,360700,COUNTY,江西省,赣州市,石城县,江西省赣州市石城县,116.342756,26.318102,WGS84
360781,360700,COUNTY,江西省,赣州市,瑞金市,江西省赣州市瑞金市,116.022254,25.889212,WGS84
360783,360700,COUNTY,江西省,赣州市,龙南市,江西省赣州市龙南市,114.799696,24.904112,WGS84
360800,360000,CITY,江西省,吉安市,,江西省吉安市,114.961928,27.094687,WGS84
360802,360800,COUNTY,江西省,吉安市,吉州区,江西省吉安市吉州区,114.990014,27.147556,WGS84
360803,360800,COUNTY,江西省,吉安市,青原区,江西省吉安市青原区,115.009793,27.085321,WGS84
360821,360800,COUNTY,江西省,吉安市,吉安县,江西省吉安市吉安县,114.903555,27.043403,WGS84
360822,360800,COUNTY,江西省,吉安市,吉水县,江西省吉安市吉水县,115.130737,27.232831,WGS84
360823,360800,COUNTY,江西省,吉安市,峡江县,江西省吉安市峡江县,115.311403,27.586088,WGS84
360824,360800,COUNTY,江西省,吉安市,新干县,江西省吉安市新干县,115.381547,27.743453,WGS84
360825,360800,COUNTY,江西省,吉安市,永丰县,江西省吉安市永丰县,115.416322,27.320395,WGS84
360826,360800,COUNTY,江西省,吉安市,泰和县,江西省吉安市泰和县,114.918214,26.805272,WGS84
360827,360800,COUNTY,江西省,吉安市,遂川县,江西省吉安市遂川县,114.515924,26.316793,WGS84
360828,360800,COUNTY,江西省,吉安市,万安县,江西省吉安市万安县,114.754813,26.460207,WGS84
360829,360800,COUNTY,江西省,吉安市,安福县,江西省吉安市安福县,114.615007,27.396736,WGS84
360830,360800,COUNTY,江西省,吉安市,永新县,江西省吉安市永新县,114.237288,26.948538,WGS84
360881,360800,COUNTY,江西省,吉安市,井冈山市,江西省吉安市井冈山市,114.284449,26.751529,WGS84
360900,360000,CITY,江西省,宜春市,,江西省宜春市,114.411516,27.819346,WGS84
360902,360900,COUNTY,江西省,宜春市,袁州区,江西省宜春市袁州区,114.422644,27.799449,WGS84
360921,360900,COUNTY,江西省,宜春市,奉新县,江西省宜春市奉新县,115.395233,28.691253,WGS84
360922,360900,COUNTY,江西省,宜春市,万载县,江西省宜春市万载县,114.440190,28.109376,WGS84
360923,360900,COUNTY,江西省,宜春市,上高县,江西省宜春市上高县,114.943126,28.242067,WGS84
360924,360900,COUNTY,江西省,宜春市,宜丰县,江西省宜春市宜丰县,114.798001,28.397819,WGS84
360925,360900,COUNTY,江西省,宜春市,靖安县,江西省宜春市靖安县,115.357273,28.864214,WGS84
360926,360900,COUNTY,江西省,宜春市,铜鼓县,江西省宜春市铜鼓县,114.349284,28.516440,WGS84
360981,360900,COUNTY,江西省,宜春市,丰城市,江西省宜春市丰城市,115.766072,28.163374,WGS84
360982,360900,COUNTY,江西省,宜春市,樟树市,江西省宜春市樟树市,115.541185,28.058056,WGS84
360983,360900,COUNTY,江西省,宜春市,高安市,江西省宜春市高安市,115.361527,28.451193,WGS84
361000,360000,CITY,江西省,抚州市,,江西省抚州市,116.353057,27.952122,WGS84
361002,361000,COUNTY,江西省,抚州市,临川区,江西省抚州市临川区,116.307024,27.938323,WGS84
361003,361000,COUNTY,江西省,抚州市,东乡区,江西省抚州市东乡区,116.598493,28.252551,WGS84
361021,361000,COUNTY,江西省,抚州市,南城县,江西省抚州市南城县,116.632577,27.573428,WGS84
361022,361000,COUNTY,江西省,抚州市,黎川县,江西省抚州市黎川县,116.902732,27.286179,WGS84
361023,361000,COUNTY,江西省,抚州市,南丰县,江西省抚州市南丰县,116.521185,27.221797,WGS84
361024,361000,COUNTY,江西省,抚州市,崇仁县,江西省抚州市崇仁县,116.071268,27.757502,WGS84
361025,361000,COUNTY,江西省,抚州市,乐安县,江西省抚州市乐安县,115.826107,27.432025,WGS84
361026,361000,COUNTY,江西省,抚州市,宜黄县,江西省抚州市宜黄县,116.231332,27.557978,WGS84
361027,361000,COUNTY,江西省,抚州市,金溪县,江西省抚州市金溪县,116.750120,27.923003,WGS84
361028,361000,COUNTY,江西省,抚州市,资溪县,江西省抚州市资溪县,117.055135,27.709182,WGS84
361030,361000,COUNTY,江西省,抚州市,广昌县,江西省抚州市广昌县,116.331683,26.847256,WGS84
361100,360000,CITY,江西省,上饶市,,江西省上饶市,117.938092,28.458544,WGS84
361102,361100,COUNTY,江西省,上饶市,信州区,江西省上饶市信州区,117.960985,28.434068,WGS84
361103,361100,COUNTY,江西省,上饶市,广丰区,江西省上饶市广丰区,118.184615,28.466879,WGS84
361104,361100,COUNTY,江西省,上饶市,广信区,江西省上饶市广信区,117.902500,28.452338,WGS84
361123,361100,COUNTY,江西省,上饶市,玉山县,江西省上饶市玉山县,118.239706,28.685085,WGS84
361124,361100,COUNTY,江西省,上饶市,铅山县,江西省上饶市铅山县,117.729539,28.301713,WGS84
361125,361100,COUNTY,江西省,上饶市,横峰县,江西省上饶市横峰县,117.591398,28.410575,WGS84
361126,361100,COUNTY,江西省,上饶市,弋阳县,江西省上饶市弋阳县,117.443945,28.381176,WGS84
361127,361100,COUNTY,江西省,上饶市,余干县,江西省上饶市余干县,116.690916,28.706047,WGS84
361128,361100,COUNTY,江西省,上饶市,鄱阳县,江西省上饶市鄱阳县,116.698818,29.008653,WGS84
361129,361100,COUNTY,江西省,上饶市,万年县,江西省上饶市万年县,117.053173,28.697599,WGS84
361130,361100,COUNTY,江西省,上饶市,婺源县,江西省上饶市婺源县,117.856448,29.251365,WGS84
361181,361100,COUNTY,江西省,上饶市,德兴市,江西省上饶市德兴市,117.589470,28.933722,WGS84
370000,,PROVINCE,山东省,,,山东省,117.014819,36.669892,WGS84
370100,370000,CITY,山东省,济南市,,山东省济南市,117.113998,36.651634,WGS84
370102,370100,COUNTY,山东省,济南市,历下区,山东省济南市历下区,117.070228,36.665964,WGS84
370103,370100,COUNTY,山东省,济南市,市中区,山东省济南市市中区,116.991668,36.650894,WGS84
370104,370100,COUNTY,山东省,济南市,槐荫区,山东省济南市槐荫区,116.895507,36.652197,WGS84
370105,370100,COUNTY,山东省,济南市,天桥区,山东省济南市天桥区,116.981343,36.678451,WGS84
370112,370100,COUNTY,山东省,济南市,历城区,山东省济南市历城区,117.059166,36.680308,WGS84
370113,370100,COUNTY,山东省,济南市,长清区,山东省济南市长清区,116.746411,36.554058,WGS84
370114,370100,COUNTY,山东省,济南市,章丘区,山东省济南市章丘区,117.520252,36.681037,WGS84
370115,370100,COUNTY,山东省,济南市,济阳区,山东省济南市济阳区,117.167621,36.977717,WGS84
370116,370100,COUNTY,山东省,济南市,莱芜区,山东省济南市莱芜区,117.669962,36.214911,WGS84
370117,370100,COUNTY,山东省,济南市,钢城区,山东省济南市钢城区,117.805738,36.059398,WGS84
370124,370100,COUNTY,山东省,济南市,平阴县,山东省济南市平阴县,116.450112,36.289600,WGS84
370126,370100,COUNTY,山东省,济南市,商河县,山东省济南市商河县,117.150996,37.308875,WGS84
370200,370000,CITY,山东省,青岛市,,山东省青岛市,120.377534,36.066666,WGS84
370202,370200,COUNTY,山东省,青岛市,市南区,山东省青岛市市南区,120.406873,36.075581,WGS84
370203,370200,COUNTY,山东省,青岛市,市北区,山东省青岛市市北区,120.369548,36.087383,WGS84
370211,370200,COUNTY,山东省,青岛市,黄岛区,山东省青岛市黄岛区,120.192659,35.960562,WGS84
370212,370200,COUNTY,山东省,青岛市,崂山区,山东省青岛市崂山区,120.464281,36.106857,WGS84
370213,370200,COUNTY,山东省,青岛市,李沧区,山东省青岛市李沧区,120.427544,36.145698,WGS84
370214,370200,COUNTY,山东省,青岛市,城阳区,山东省青岛市城阳区,120.391095,36.307280,WGS84
370215,370200,COUNTY,山东省,青岛市,即墨区,山东省青岛市即墨区,120.442593,36.389877,WGS84
370281,370200,COUNTY,山东省,青岛市,胶州市,山东省青岛市胶州市,120.028059,36.264457,WGS84
370283,370200,COUNTY,山东省,青岛市,平度市,山东省青岛市平度市,119.964983,36.753618,WGS84
370285,370200,COUNTY,山东省,青岛市,莱西市,山东省青岛市莱西市,120.512694,36.888722,WGS84
370300,370000,CITY,山东省,淄博市,,山东省淄博市,118.048925,36.813275,WGS84
370302,370300,COUNTY,山东省,淄博市,淄川区,山东省淄博市淄川区,117.961184,36.644053,WGS84
370303,370300,COUNTY,山东省,淄博市,张店区,山东省淄博市张店区,118.011910,36.806601,WGS84
370304,370300,COUNTY,山东省,淄博市,博山区,山东省淄博市博山区,117.856920,36.494974,WGS84
370305,370300,COUNTY,山东省,淄博市,临淄区,山东省淄博市临淄区,118.303552,36.826438,WGS84
370306,370300,COUNTY,山东省,淄博市,周村区,山东省淄博市周村区,117.863888,36.802877,WGS84
370321,370300,COUNTY,山东省,淄博市,桓台县,山东省淄博市桓台县,118.091794,36.959125,WGS84
370322,370300,COUNTY,山东省,淄博市,高青县,山东省淄博市高青县,117.820791,37.170498,WGS84
370323,370300,COUNTY,山东省,淄博市,沂源县,山东省淄博市沂源县,118.164948,36.185211,WGS84
370400,370000,CITY,山东省,枣庄市,,山东省枣庄市,117.317865,34.811663,WGS84
370402,370400,COUNTY,山东省,枣庄市,市中区,山东省枣庄市市中区,117.550438,34.864745,WGS84
370403,370400,COUNTY,山东省,枣庄市,薛城区,山东省枣庄市薛城区,117.280564,34.784174,WGS84
370404,370400,COUNTY,山东省,枣庄市,峄城区,山东省枣庄市峄城区,117.585118,34.774026,WGS84
370405,370400,COUNTY,山东省,枣庄市,台儿庄区,山东省枣庄市台儿庄区,117.728503,34.564214,WGS84
370406,370400,COUNTY,山东省,枣庄市,山亭区,山东省枣庄市山亭区,117.455849,35.100075,WGS84
370481,370400,COUNTY,山东省,枣庄市,滕州市,山东省枣庄市滕州市,117.159974,35.114552,WGS84
370500,370000,CITY,山东省,东营市,,山东省东营市,118.668980,37.433325,WGS84
370502,370500,COUNTY,山东省,东营市,东营区,山东省东营市东营区,118.576616,37.448441,WGS84
370503,370500,COUNTY,山东省,东营市,河口区,山东省东营市河口区,118.519749,37.885496,WGS84
370505,370500,COUNTY,山东省,东营市,垦利区,山东省东营市垦利区,118.569644,37.572784,WGS84
370522,370500,COUNTY,山东省,东营市,利津县,山东省东营市利津县,118.249201,37.490145,WGS84
370523,370500,COUNTY,山东省,东营市,广饶县,山东省东营市广饶县,118.413438,37.053174,WGS84
370600,370000,CITY,山东省,烟台市,,山东省烟台市,121.442535,37.463570,WGS84
370602,370600,COUNTY,山东省,烟台市,芝罘区,山东省烟台市芝罘区,121.395030,37.540280,WGS84
370611,370600,COUNTY,山东省,烟台市,福山区,山东省烟台市福山区,121.262607,37.497490,WGS84
370612,370600,COUNTY,山东省,烟台市,牟平区,山东省烟台市牟平区,121.596240,37.386829,WGS84
370613,370600,COUNTY,山东省,烟台市,莱山区,山东省烟台市莱山区,121.439718,37.510325,WGS84
370614,370600,COUNTY,山东省,烟台市,蓬莱区,山东省烟台市蓬莱区,120.824266,37.794943,WGS84
370681,370600,COUNTY,山东省,烟台市,龙口市,山东省烟台市龙口市,120.471001,37.644357,WGS84
370682,370600,COUNTY,山东省,烟台市,莱阳市,山东省烟台市莱阳市,120.706698,36.979238,WGS84
370683,370600,COUNTY,山东省,烟台市,莱州市,山东省烟台市莱州市,119.936848,37.177674,WGS84
370685,370600,COUNTY,山东省,烟台市,招远市,山东省烟台市招远市,120.428669,37.353575,WGS84
370686,370600,COUNTY,山东省,烟台市,栖霞市,山东省烟台市栖霞市,120.844814,37.335345,WGS84
370687,370600,COUNTY,山东省,烟台市,海阳市,山东省烟台市海阳市,121.168455,36.687858,WGS84
370700,370000,CITY,山东省,潍坊市,,山东省潍坊市,119.155825,36.707214,WGS84
370702,370700,COUNTY,山东省,潍坊市,潍城区,山东省潍坊市潍城区,119.019107,36.727679,WGS84
370703,370700,COUNTY,山东省,潍坊市,寒亭区,山东省潍坊市寒亭区,119.205460,36.755527,WGS84
370704,370700,COUNTY,山东省,潍坊市,坊子区,山东省潍坊市坊子区,119.160464,36.653259,WGS84
370705,370700,COUNTY,山东省,潍坊市,奎文区,山东省潍坊市奎文区,119.126339,36.706961,WGS84
370724,370700,COUNTY,山东省,潍坊市,临朐县,山东省潍坊市临朐县,118.537722,36.512360,WGS84
370725,370700,COUNTY,山东省,潍坊市,昌乐县,山东省潍坊市昌乐县,118.835465,36.687831,WGS84
370781,370700,COUNTY,山东省,潍坊市,青州市,山东省潍坊市青州市,118.473827,36.684799,WGS84
370782,370700,COUNTY,山东省,潍坊市,诸城市,山东省潍坊市诸城市,119.407130,36.009021,WGS84
370783,370700,COUNTY,山东省,潍坊市,寿光市,山东省潍坊市寿光市,118.785372,36.856730,WGS84
370784,370700,COUNTY,山东省,潍坊市,安丘市,山东省潍坊市安丘市,119.213173,36.479413,WGS84
370785,370700,COUNTY,山东省,潍坊市,高密市,山东省潍坊市高密市,119.800455,36.365533,WGS84
370786,370700,COUNTY,山东省,潍坊市,昌邑市,山东省潍坊市昌邑市,119.397225,36.842644,WGS84
370800,370000,CITY,山东省,济宁市,,山东省济宁市,116.581822,35.415561,WGS84
370811,370800,COUNTY,山东省,济宁市,任城区,山东省济宁市任城区,116.600469,35.444652,WGS84
370812,370800,COUNTY,山东省,济宁市,兖州区,山东省济宁市兖州区,116.778070,35.552115,WGS84
370826,370800,COUNTY,山东省,济宁市,微山县,山东省济宁市微山县,117.123266,34.807373,WGS84
370827,370800,COUNTY,山东省,济宁市,鱼台县,山东省济宁市鱼台县,116.645210,35.013519,WGS84
370828,370800,COUNTY,山东省,济宁市,金乡县,山东省济宁市金乡县,116.331678,35.073927,WGS84
370829,370800,COUNTY,山东省,济宁市,嘉祥县,山东省济宁市嘉祥县,116.336670,35.408106,WGS84
370830,370800,COUNTY,山东省,济宁市,汶上县,山东省济宁市汶上县,116.491717,35.711948,WGS84
370831,370800,COUNTY,山东省,济宁市,泗水县,山东省济宁市泗水县,117.244958,35.664808,WGS84
370832,370800,COUNTY,山东省,济宁市,梁山县,山东省济宁市梁山县,116.125972,35.765854,WGS84
370881,370800,COUNTY,山东省,济宁市,曲阜市,山东省济宁市曲阜市,116.980570,35.582130,WGS84
370883,370800,COUNTY,山东省,济宁市,邹城市,山东省济宁市邹城市,117.001694,35.402799,WGS84
370900,370000,CITY,山东省,泰安市,,山东省泰安市,117.080904,36.201538,WGS84
370902,370900,COUNTY,山东省,泰安市,泰山区,山东省泰安市泰山区,117.122754,36.194724,WGS84
370911,370900,COUNTY,山东省,泰安市,岱岳区,山东省泰安市岱岳区,117.035715,36.187923,WGS84
370921,370900,COUNTY,山东省,泰安市,宁阳县,山东省泰安市宁阳县,116.800001,35.759019,WGS84
370923,370900,COUNTY,山东省,泰安市,东平县,山东省泰安市东平县,116.464536,35.936955,WGS84
370982,370900,COUNTY,山东省,泰安市,新泰市,山东省泰安市新泰市,117.762143,35.909522,WGS84
370983,370900,COUNTY,山东省,泰安市,肥城市,山东省泰安市肥城市,116.763445,36.181922,WGS84
371000,370000,CITY,山东省,威海市,,山东省威海市,122.115455,37.512279,WGS84
371002,371000,COUNTY,山东省,威海市,环翠区,山东省威海市环翠区,122.118056,37.500703,WGS84
371003,371000,COUNTY,山东省,威海市,文登区,山东省威海市文登区,122.083278,37.195127,WGS84
371082,371000,COUNTY,山东省,威海市,荣成市,山东省威海市荣成市,122.482199,37.164930,WGS84
371083,371000,COUNTY,山东省,威海市,乳山市,山东省威海市乳山市,121.534713,36.919902,WGS84
371100,370000,CITY,山东省,日照市,,山东省日照市,119.521400,35.417184,WGS84
371102,371100,COUNTY,山东省,日照市,东港区,山东省日照市东港区,119.456585,35.426120,WGS84
371103,371100,COUNTY,山东省,日照市,岚山区,山东省日照市岚山区,119.313169,35.122419,WGS84
371121,371100,COUNTY,山东省,日照市,五莲县,山东省日照市五莲县,119.207997,35.760133,WGS84
371122,371100,COUNTY,山东省,日照市,莒县,山东省日照市莒县,118.863662,35.591504,WGS84
371300,370000,CITY,山东省,临沂市,,山东省临沂市,118.350719,35.104173,WGS84
371302,371300,COUNTY,山东省,临沂市,兰山区,山东省临沂市兰山区,118.341609,35.053272,WGS84
371311,371300,COUNTY,山东省,临沂市,罗庄区,山东省临沂市罗庄区,118.279078,34.997703,WGS84
371312,371300,COUNTY,山东省,临沂市,河东区,山东省临沂市河东区,118.397285,35.089305,WGS84
371321,371300,COUNTY,山东省,临沂市,沂南县,山东省临沂市沂南县,118.459525,35.550096,WGS84
371322,371300,COUNTY,山东省,临沂市,郯城县,山东省临沂市郯城县,118.384966,34.620147,WGS84
371323,371300,COUNTY,山东省,临沂市,沂水县,山东省临沂市沂水县,118.622756,35.791101,WGS84
371324,371300,COUNTY,山东省,临沂市,兰陵县,山东省临沂市兰陵县,118.065034,34.858890,WGS84
371325,371300,COUNTY,山东省,临沂市,费县,山东省临沂市费县,117.971927,35.266307,WGS84
371326,371300,COUNTY,山东省,临沂市,平邑县,山东省临沂市平邑县,117.609505,35.517201,WGS84
371327,371300,COUNTY,山东省,临沂市,莒南县,山东省临沂市莒南县,118.829742,35.206768,WGS84
371328,371300,COUNTY,山东省,临沂市,蒙阴县,山东省临沂市蒙阴县,117.947704,35.720317,WGS84
371329,371300,COUNTY,山东省,临沂市,临沭县,山东省临沂市临沭县,118.645496,34.921050,WGS84
371400,370000,CITY,山东省,德州市,,山东省德州市,116.353351,37.435632,WGS84
371402,371400,COUNTY,山东省,德州市,德城区,山东省德州市德城区,116.293786,37.450294,WGS84
371403,371400,COUNTY,山东省,德州市,陵城区,山东省德州市陵城区,116.570643,37.335926,WGS84
371422,371400,COUNTY,山东省,德州市,宁津县,山东省德州市宁津县,116.794488,37.651727,WGS84
371423,371400,COUNTY,山东省,德州市,庆云县,山东省德州市庆云县,117.377790,37.773432,WGS84
371424,371400,COUNTY,山东省,德州市,临邑县,山东省德州市临邑县,116.860939,37.189675,WGS84
371425,371400,COUNTY,山东省,德州市,齐河县,山东省德州市齐河县,116.757048,36.783831,WGS84
371426,371400,COUNTY,山东省,德州市,平原县,山东省德州市平原县,116.428122,37.164691,WGS84
371427,371400,COUNTY,山东省,德州市,夏津县,山东省德州市夏津县,115.996028,36.947590,WGS84
371428,371400,COUNTY,山东省,德州市,武城县,山东省德州市武城县,116.063332,37.212626,WGS84
371481,371400,COUNTY,山东省,德州市,乐陵市,山东省德州市乐陵市,117.225980,37.728986,WGS84
371482,371400,COUNTY,山东省,德州市,禹城市,山东省德州市禹城市,116.633070,36.933920,WGS84
371500,370000,CITY,山东省,聊城市,,山东省聊城市,115.979576,36.455787,WGS84
371502,371500,COUNTY,山东省,聊城市,东昌府区,山东省聊城市东昌府区,116.000674,36.412622,WGS84
371503,371500,COUNTY,山东省,聊城市,茌平区,山东省聊城市茌平区,116.249220,36.580617,WGS84
371521,371500,COUNTY,山东省,聊城市,阳谷县,山东省聊城市阳谷县,115.786063,36.114394,WGS84
371522,371500,COUNTY,山东省,聊城市,莘县,山东省聊城市莘县,115.664132,36.233772,WGS84
371524,371500,COUNTY,山东省,聊城市,东阿县,山东省聊城市东阿县,116.242033,36.335107,WGS84
371525,371500,COUNTY,山东省,聊城市,冠县,山东省聊城市冠县,115.435571,36.483718,WGS84
371526,371500,COUNTY,山东省,聊城市,高唐县,山东省聊城市高唐县,116.224430,36.846771,WGS84
371581,371500,COUNTY,山东省,聊城市,临清市,山东省聊城市临清市,115.699138,36.837975,WGS84
371600,370000,CITY,山东省,滨州市,,山东省滨州市,117.964844,37.382053,WGS84
371602,371600,COUNTY,山东省,滨州市,滨城区,山东省滨州市滨城区,118.013522,37.431204,WGS84
371603,371600,COUNTY,山东省,滨州市,沾化区,山东省滨州市沾化区,118.092746,37.697976,WGS84
371621,371600,COUNTY,山东省,滨州市,惠民县,山东省滨州市惠民县,117.587830,37.474707,WGS84
371622,371600,COUNTY,山东省,滨州市,阳信县,山东省滨州市阳信县,117.597478,37.632178,WGS84
371623,371600,COUNTY,山东省,滨州市,无棣县,山东省滨州市无棣县,117.619891,37.769977,WGS84
371625,371600,COUNTY,山东省,滨州市,博兴县,山东省滨州市博兴县,118.104570,37.153726,WGS84
371681,371600,COUNTY,山东省,滨州市,邹平市,山东省滨州市邹平市,117.737089,36.862987,WGS84
371700,370000,CITY,山东省,菏泽市,,山东省菏泽市,115.473774,35.234685,WGS84
371702,371700,COUNTY,山东省,菏泽市,牡丹区,山东省菏泽市牡丹区,115.411014,35.252164,WGS84
371703,371700,COUNTY,山东省,菏泽市,定陶区,山东省菏泽市定陶区,115.577638,35.106504,WGS84
371721,371700,COUNTY,山东省,菏泽市,曹县,山东省菏泽市曹县,115.550830,34.859746,WGS84
371722,371700,COUNTY,山东省,菏泽市,单县,山东省菏泽市单县,116.100663,34.780032,WGS84
371723,371700,COUNTY,山东省,菏泽市,成武县,山东省菏泽市成武县,115.884369,34.953709,WGS84
371724,371700,COUNTY,山东省,菏泽市,巨野县,山东省菏泽市巨野县,116.056816,35.388693,WGS84
371725,371700,COUNTY,山东省,菏泽市,郓城县,山东省菏泽市郓城县,115.933474,35.575602,WGS84
371726,371700,COUNTY,山东省,菏泽市,鄄城县,山东省菏泽市鄄城县,115.538840,35.534394,WGS84
371728,371700,COUNTY,山东省,菏泽市,东明县,山东省菏泽市东明县,115.101426,35.275898,WGS84
410000,,PROVINCE,河南省,,,河南省,113.746907,34.768041,WGS84
410100,410000,CITY,河南省,郑州市,,河南省郑州市,113.619309,34.747491,WGS84
410102,410100,COUNTY,河南省,郑州市,中原区,河南省郑州市中原区,113.606927,34.749474,WGS84
410103,410100,COUNTY,河南省,郑州市,二七区,河南省郑州市二七区,113.634124,34.725331,WGS84
410104,410100,COUNTY,河南省,郑州市,管城回族区,河南省郑州市管城回族区,113.671331,34.755535,WGS84
410105,410100,COUNTY,河南省,郑州市,金水区,河南省郑州市金水区,113.654210,34.801499,WGS84
410106,410100,COUNTY,河南省,郑州市,上街区,河南省郑州市上街区,113.302802,34.804426,WGS84
410108,410100,COUNTY,河南省,郑州市,惠济区,河南省郑州市惠济区,113.611003,34.869061,WGS84
410122,410100,COUNTY,河南省,郑州市,中牟县,河南省郑州市中牟县,113.969885,34.721653,WGS84
410181,410100,COUNTY,河南省,郑州市,巩义市,河南省郑州市巩义市,113.016040,34.749181,WGS84
410182,410100,COUNTY,河南省,郑州市,荥阳市,河南省郑州市荥阳市,113.376854,34.787404,WGS84
410183,410100,COUNTY,河南省,郑州市,新密市,河南省郑州市新密市,113.384421,34.541236,WGS84
410184,410100,COUNTY,河南省,郑州市,新郑市,河南省郑州市新郑市,113.734090,34.397771,WGS84
410185,410100,COUNTY,河南省,郑州市,登封市,河南省郑州市登封市,113.044179,34.456019,WGS84
410200,410000,CITY,河南省,开封市,,河南省开封市,114.308432,34.798973,WGS84
410202,410200,COUNTY,河南省,开封市,龙亭区,河南省开封市龙亭区,114.349463,34.816310,WGS84
410203,410200,COUNTY,河南省,开封市,顺河回族区,河南省开封市顺河回族区,114.354903,34.796739,WGS84
410204,410200,COUNTY,河南省,开封市,鼓楼区,河南省开封市鼓楼区,114.342455,34.789309,WGS84
410205,410200,COUNTY,河南省,开封市,禹王台区,河南省开封市禹王台区,114.342205,34.777900,WGS84
410212,410200,COUNTY,河南省,开封市,祥符区,河南省开封市祥符区,114.435507,34.758373,WGS84
410221,410200,COUNTY,河南省,开封市,杞县,河南省开封市杞县,114.777022,34.550911,WGS84
410222,410200,COUNTY,河南省,开封市,通许县,河南省开封市通许县,114.467370,34.503166,WGS84
410223,410200,COUNTY,河南省,开封市,尉氏县,河南省开封市尉氏县,114.187153,34.412642,WGS84
410225,410200,COUNTY,河南省,开封市,兰考县,河南省开封市兰考县,114.812651,34.857314,WGS84
410300,410000,CITY,河南省,洛阳市,,河南省洛阳市,112.447629,34.620714,WGS84
410302,410300,COUNTY,河南省,洛阳市,老城区,河南省洛阳市老城区,112.462838,34.684633,WGS84
410303,410300,COUNTY,河南省,洛阳市,西工区,河南省洛阳市西工区,112.421868,34.660899,WGS84
410304,410300,COUNTY,河南省,洛阳市,瀍河回族区,河南省洛阳市瀍河回族区,112.494003,34.680852,WGS84
410305,410300,COUNTY,河南省,洛阳市,涧西区,河南省洛阳市涧西区,112.389444,34.659114,WGS84
410307,410300,COUNTY,河南省,洛阳市,偃师区,河南省洛阳市偃师区,112.783227,34.728217,WGS84
410308,410300,COUNTY,河南省,洛阳市,孟津区,河南省洛阳市孟津区,112.438943,34.826385,WGS84
410311,410300,COUNTY,河南省,洛阳市,洛龙区,河南省洛阳市洛龙区,112.457592,34.620744,WGS84
410323,410300,COUNTY,河南省,洛阳市,新安县,河南省洛阳市新安县,112.126112,34.729797,WGS84
410324,410300,COUNTY,河南省,洛阳市,栾川县,河南省洛阳市栾川县,111.609870,33.787396,WGS84
410325,410300,COUNTY,河南省,洛阳市,嵩县,河南省洛阳市嵩县,112.079127,34.135887,WGS84
410326,410300,COUNTY,河南省,洛阳市,汝阳县,河南省洛阳市汝阳县,112.466847,34.155600,WGS84
410327,410300,COUNTY,河南省,洛阳市,宜阳县,河南省洛阳市宜阳县,112.172963,34.515767,WGS84
410328,410300,COUNTY,河南省,洛阳市,洛宁县,河南省洛阳市洛宁县,111.646981,34.390839,WGS84
410329,410300,COUNTY,河南省,洛阳市,伊川县,河南省洛阳市伊川县,112.419458,34.422859,WGS84
410400,410000,CITY,河南省,平顶山市,,河南省平顶山市,113.186314,33.767978,WGS84
410402,410400,COUNTY,河南省,平顶山市,新华区,河南省平顶山市新华区,113.290708,33.737954,WGS84
410403,410400,COUNTY,河南省,平顶山市,卫东区,河南省平顶山市卫东区,113.328988,33.736790,WGS84
410404,410400,COUNTY,河南省,平顶山市,石龙区,河南省平顶山市石龙区,112.892940,33.900896,WGS84
410411,410400,COUNTY,河南省,平顶山市,湛河区,河南省平顶山市湛河区,113.314579,33.727113,WGS84
410421,410400,COUNTY,河南省,平顶山市,宝丰县,河南省平顶山市宝丰县,113.048207,33.870498,WGS84
410422,410400,COUNTY,河南省,平顶山市,叶县,河南省平顶山市叶县,113.351111,33.628831,WGS84
410423,410400,COUNTY,河南省,平顶山市,鲁山县,河南省平顶山市鲁山县,112.902162,33.740123,WGS84
410425,410400,COUNTY,河南省,平顶山市,郏县,河南省平顶山市郏县,113.206344,33.973198,WGS84
410481,410400,COUNTY,河南省,平顶山市,舞钢市,河南省平顶山市舞钢市,113.510317,33.315857,WGS84
410482,410400,COUNTY,河南省,平顶山市,汝州市,河南省平顶山市汝州市,112.838700,34.168686,WGS84
410500,410000,CITY,河南省,安阳市,,河南省安阳市,114.386391,36.098608,WGS84
410502,410500,COUNTY,河南省,安阳市,文峰区,河南省安阳市文峰区,114.350914,36.090469,WGS84
410503,410500,COUNTY,河南省,安阳市,北关区,河南省安阳市北关区,114.349689,36.107534,WGS84
410505,410500,COUNTY,河南省,安阳市,殷都区,河南省安阳市殷都区,114.297486,36.109907,WGS84
410506,410500,COUNTY,河南省,安阳市,龙安区,河南省安阳市龙安区,114.295075,36.076917,WGS84
410522,410500,COUNTY,河南省,安阳市,安阳县,河南省安阳市安阳县,114.456972,36.092000,WGS84
410523,410500,COUNTY,河南省,安阳市,汤阴县,河南省安阳市汤阴县,114.351650,35.925068,WGS84
410526,410500,COUNTY,河南省,安阳市,滑县,河南省安阳市滑县,114.512262,35.576354,WGS84
410527,410500,COUNTY,河南省,安阳市,内黄县,河南省安阳市内黄县,114.895904,35.972228,WGS84
410581,410500,COUNTY,河南省,安阳市,林州市,河南省安阳市林州市,113.813071,36.084217,WGS84
410600,410000,CITY,河南省,鹤壁市,,河南省鹤壁市,114.291383,35.748406,WGS84
410602,410600,COUNTY,河南省,鹤壁市,鹤山区,河南省鹤壁市鹤山区,114.156982,35.954571,WGS84
410603,410600,COUNTY,河南省,鹤壁市,山城区,河南省鹤壁市山城区,114.178311,35.897841,WGS84
410611,410600,COUNTY,河南省,鹤壁市,淇滨区,河南省鹤壁市淇滨区,114.292825,35.741841,WGS84
410621,410600,COUNTY,河南省,鹤壁市,浚县,河南省鹤壁市浚县,114.545002,35.677507,WGS84
410622,410600,COUNTY,河南省,鹤壁市,淇县,河南省鹤壁市淇县,114.202871,35.622701,WGS84
410700,410000,CITY,河南省,新乡市,,河南省新乡市,113.920887,35.304179,WGS84
410702,410700,COUNTY,河南省,新乡市,红旗区,河南省新乡市红旗区,113.977365,35.306659,WGS84
410703,410700,COUNTY,河南省,新乡市,卫滨区,河南省新乡市卫滨区,113.859683,35.302362,WGS84
410704,410700,COUNTY,河南省,新乡市,凤泉区,河南省新乡市凤泉区,113.910271,35.384952,WGS84
410711,410700,COUNTY,河南省,新乡市,牧野区,河南省新乡市牧野区,113.902652,35.316201,WGS84
410721,410700,COUNTY,河南省,新乡市,新乡县,河南省新乡市新乡县,113.807764,35.170672,WGS84
410724,410700,COUNTY,河南省,新乡市,获嘉县,河南省新乡市获嘉县,113.651417,35.260745,WGS84
410725,410700,COUNTY,河南省,新乡市,原阳县,河南省新乡市原阳县,113.933943,35.067695,WGS84
410726,410700,COUNTY,河南省,新乡市,延津县,河南省新乡市延津县,114.199684,35.166379,WGS84
410727,410700,COUNTY,河南省,新乡市,封丘县,河南省新乡市封丘县,114.412941,35.041734,WGS84
410781,410700,COUNTY,河南省,新乡市,卫辉市,河南省新乡市卫辉市,114.058381,35.398533,WGS84
410782,410700,COUNTY,河南省,新乡市,辉县市,河南省新乡市辉县市,113.799546,35.463287,WGS84
410783,410700,COUNTY,河南省,新乡市,长垣市,河南省新乡市长垣市,114.663294,35.202239,WGS84
410800,410000,CITY,河南省,焦作市,,河南省焦作市,113.235535,35.216235,WGS84
410802,410800,COUNTY,河南省,焦作市,解放区,河南省焦作市解放区,113.224177,35.240879,WGS84
410803,410800,COUNTY,河南省,焦作市,中站区,河南省焦作市中站区,113.176389,35.237633,WGS84
410804,410800,COUNTY,河南省,焦作市,马村区,河南省焦作市马村区,113.315659,35.257483,WGS84
410811,410800,COUNTY,河南省,焦作市,山阳区,河南省焦作市山阳区,113.248217,35.215567,WGS84
410821,410800,COUNTY,河南省,焦作市,修武县,河南省焦作市修武县,113.441316,35.223211,WGS84
410822,410800,COUNTY,河南省,焦作市,博爱县,河南省焦作市博爱县,113.058204,35.170746,WGS84
410823,410800,COUNTY,河南省,焦作市,武陟县,河南省焦作市武陟县,113.395269,35.099908,WGS84
410825,410800,COUNTY,河南省,焦作市,温县,河南省焦作市温县,113.074166,34.940255,WGS84
410882,410800,COUNTY,河南省,焦作市,沁阳市,河南省焦作市沁阳市,112.944782,35.088368,WGS84
410883,410800,COUNTY,河南省,焦作市,孟州市,河南省焦作市孟州市,112.785208,34.908110,WGS84
410900,410000,CITY,河南省,濮阳市,,河南省濮阳市,115.023377,35.762751,WGS84
410902,410900,COUNTY,河南省,濮阳市,华龙区,河南省濮阳市华龙区,115.068454,35.778205,WGS84
410922,410900,COUNTY,河南省,濮阳市,清丰县,河南省濮阳市清丰县,115.098561,35.886555,WGS84
410923,410900,COUNTY,河南省,濮阳市,南乐县,河南省濮阳市南乐县,115.199969,36.070175,WGS84
410926,410900,COUNTY,河南省,濮阳市,范县,河南省濮阳市范县,115.498234,35.853063,WGS84
410927,410900,COUNTY,河南省,濮阳市,台前县,河南省濮阳市台前县,115.866129,35.970455,WGS84
410928,410900,COUNTY,河南省,濮阳市,濮阳县,河南省濮阳市濮阳县,115.023301,35.713153,WGS84
411000,410000,CITY,河南省,许昌市,,河南省许昌市,113.846114,34.038867,WGS84
411002,411000,COUNTY,河南省,许昌市,魏都区,河南省许昌市魏都区,113.824872,34.048694,WGS84
411003,411000,COUNTY,河南省,许昌市,建安区,河南省许昌市建安区,113.816884,34.126199,WGS84
411024,411000,COUNTY,河南省,许昌市,鄢陵县,河南省许昌市鄢陵县,114.171416,34.104287,WGS84
411025,411000,COUNTY,河南省,许昌市,襄城县,河南省许昌市襄城县,113.500702,33.853077,WGS84
411081,411000,COUNTY,河南省,许昌市,禹州市,河南省许昌市禹州市,113.482413,34.143788,WGS84
411082,411000,COUNTY,河南省,许昌市,长葛市,河南省许昌市长葛市,113.807954,34.196890,WGS84
411100,410000,CITY,河南省,漯河市,,河南省漯河市,114.010691,33.581885,WGS84
411102,411100,COUNTY,河南省,漯河市,源汇区,河南省漯河市源汇区,113.978345,33.573923,WGS84
411103,411100,COUNTY,河南省,漯河市,郾城区,河南省漯河市郾城区,114.000714,33.589229,WGS84
411104,411100,COUNTY,河南省,漯河市,召陵区,河南省漯河市召陵区,114.087850,33.587859,WGS84
411121,411100,COUNTY,河南省,漯河市,舞阳县,河南省漯河市舞阳县,113.603421,33.440051,WGS84
411122,411100,COUNTY,河南省,漯河市,临颍县,河南省漯河市临颍县,113.925366,33.829733,WGS84
411200,410000,CITY,河南省,三门峡市,,河南省三门峡市,111.194482,34.774173,WGS84
411202,411200,COUNTY,河南省,三门峡市,湖滨区,河南省三门峡市湖滨区,111.182536,34.772253,WGS84
411203,411200,COUNTY,河南省,三门峡市,陕州区,河南省三门峡市陕州区,111.097185,34.721558,WGS84
411221,411200,COUNTY,河南省,三门峡市,渑池县,河南省三门峡市渑池县,111.755558,34.768962,WGS84
411224,411200,COUNTY,河南省,三门峡市,卢氏县,河南省三门峡市卢氏县,111.039364,34.053220,WGS84
411281,411200,COUNTY,河南省,三门峡市,义马市,河南省三门峡市义马市,111.868734,34.748768,WGS84
411282,411200,COUNTY,河南省,三门峡市,灵宝市,河南省三门峡市灵宝市,110.888821,34.519175,WGS84
411300,410000,CITY,河南省,南阳市,,河南省南阳市,112.579013,33.018176,WGS84
411302,411300,COUNTY,河南省,南阳市,宛城区,河南省南阳市宛城区,112.533678,33.005567,WGS84
411303,411300,COUNTY,河南省,南阳市,卧龙区,河南省南阳市卧龙区,112.522663,32.992296,WGS84
411321,411300,COUNTY,河南省,南阳市,南召县,河南省南阳市南召县,112.423084,33.491231,WGS84
411322,411300,COUNTY,河南省,南阳市,方城县,河南省南阳市方城县,113.006726,33.257092,WGS84
411323,411300,COUNTY,河南省,南阳市,西峡县,河南省南阳市西峡县,111.467554,33.308897,WGS84
411324,411300,COUNTY,河南省,南阳市,镇平县,河南省南阳市镇平县,112.228605,33.035708,WGS84
411325,411300,COUNTY,河南省,南阳市,内乡县,河南省南阳市内乡县,111.843479,33.046710,WGS84
411326,411300,COUNTY,河南省,南阳市,淅川县,河南省南阳市淅川县,111.484878,33.139616,WGS84
411327,411300,COUNTY,河南省,南阳市,社旗县,河南省南阳市社旗县,112.942303,33.058241,WGS84
411328,411300,COUNTY,河南省,南阳市,唐河县,河南省南阳市唐河县,112.802373,32.684605,WGS84
411329,411300,COUNTY,河南省,南阳市,新野县,河南省南阳市新野县,112.354040,32.523297,WGS84
411330,411300,COUNTY,河南省,南阳市,桐柏县,河南省南阳市桐柏县,113.422422,32.381147,WGS84
411381,411300,COUNTY,河南省,南阳市,邓州市,河南省南阳市邓州市,112.081289,32.689656,WGS84
411400,410000,CITY,河南省,商丘市,,河南省商丘市,115.650859,34.416540,WGS84
411402,411400,COUNTY,河南省,商丘市,梁园区,河南省商丘市梁园区,115.608156,34.445927,WGS84
411403,411400,COUNTY,河南省,商丘市,睢阳区,河南省商丘市睢阳区,115.647767,34.390443,WGS84
411421,411400,COUNTY,河南省,商丘市,民权县,河南省商丘市民权县,115.169199,34.649362,WGS84
411422,411400,COUNTY,河南省,商丘市,睢县,河南省商丘市睢县,115.066102,34.447643,WGS84
411423,411400,COUNTY,河南省,商丘市,宁陵县,河南省商丘市宁陵县,115.308452,34.462388,WGS84
411424,411400,COUNTY,河南省,商丘市,柘城县,河南省商丘市柘城县,115.299469,34.093352,WGS84
411425,411400,COUNTY,河南省,商丘市,虞城县,河南省商丘市虞城县,115.823027,34.402200,WGS84
411426,411400,COUNTY,河南省,商丘市,夏邑县,河南省商丘市夏邑县,116.125773,34.238951,WGS84
411481,411400,COUNTY,河南省,商丘市,永城市,河南省商丘市永城市,116.444341,33.931179,WGS84
411500,410000,CITY,河南省,信阳市,,河南省信阳市,114.085169,32.150572,WGS84
411502,411500,COUNTY,河南省,信阳市,浉河区,河南省信阳市浉河区,114.052808,32.118869,WGS84
411503,411500,COUNTY,河南省,信阳市,平桥区,河南省信阳市平桥区,114.119745,32.102949,WGS84
411521,411500,COUNTY,河南省,信阳市,罗山县,河南省信阳市罗山县,114.507431,32.206514,WGS84
411522,411500,COUNTY,河南省,信阳市,光山县,河南省信阳市光山县,114.914156,32.013005,WGS84
411523,411500,COUNTY,河南省,信阳市,新县,河南省信阳市新县,114.874148,31.646109,WGS84
411524,411500,COUNTY,河南省,信阳市,商城县,河南省信阳市商城县,115.401230,31.800168,WGS84
411525,411500,COUNTY,河南省,信阳市,固始县,河南省信阳市固始县,115.648783,32.171484,WGS84
411526,411500,COUNTY,河南省,信阳市,潢川县,河南省信阳市潢川县,115.046101,32.133411,WGS84
411527,411500,COUNTY,河南省,信阳市,淮滨县,河南省信阳市淮滨县,115.414377,32.476706,WGS84
411528,411500,COUNTY,河南省,信阳市,息县,河南省信阳市息县,114.734985,32.345262,WGS84
411600,410000,CITY,河南省,周口市,,河南省周口市,114.695749,33.636208,WGS84
411602,411600,COUNTY,河南省,周口市,川汇区,河南省周口市川汇区,114.645183,33.649323,WGS84
411603,411600,COUNTY,河南省,周口市,淮阳区,河南省周口市淮阳区,114.847210,33.733145,WGS84
411621,411600,COUNTY,河南省,周口市,扶沟县,河南省周口市扶沟县,114.388791,34.061285,WGS84
411622,411600,COUNTY,河南省,周口市,西华县,河南省周口市西华县,114.524219,33.769816,WGS84
411623,411600,COUNTY,河南省,周口市,商水县,河南省周口市商水县,114.602819,33.563790,WGS84
411624,411600,COUNTY,河南省,周口市,沈丘县,河南省周口市沈丘县,115.092759,33.411218,WGS84
411625,411600,COUNTY,河南省,周口市,郸城县,河南省周口市郸城县,115.171427,33.647408,WGS84
411627,411600,COUNTY,河南省,周口市,太康县,河南省周口市太康县,114.832489,34.066011,WGS84
411628,411600,COUNTY,河南省,周口市,鹿邑县,河南省周口市鹿邑县,115.478812,33.862065,WGS84
411681,411600,COUNTY,河南省,周口市,项城市,河南省周口市项城市,114.869797,33.467346,WGS84
411700,410000,CITY,河南省,驻马店市,,河南省驻马店市,114.016120,33.015865,WGS84
411702,411700,COUNTY,河南省,驻马店市,驿城区,河南省驻马店市驿城区,113.987966,32.976489,WGS84
411721,411700,COUNTY,河南省,驻马店市,西平县,河南省驻马店市西平县,114.015589,33.389239,WGS84
411722,411700,COUNTY,河南省,驻马店市,上蔡县,河南省驻马店市上蔡县,114.258724,33.264137,WGS84
411723,411700,COUNTY,河南省,驻马店市,平舆县,河南省驻马店市平舆县,114.613272,32.965520,WGS84
411724,411700,COUNTY,河南省,驻马店市,正阳县,河南省驻马店市正阳县,114.387042,32.607615,WGS84
411725,411700,COUNTY,河南省,驻马店市,确山县,河南省驻马店市确山县,114.010982,32.823308,WGS84
411726,411700,COUNTY,河南省,驻马店市,泌阳县,河南省驻马店市泌阳县,113.320937,32.725959,WGS84
411727,411700,COUNTY,河南省,驻马店市,汝南县,河南省驻马店市汝南县,114.356732,33.008537,WGS84
411728,411700,COUNTY,河南省,驻马店市,遂平县,河南省驻马店市遂平县,114.007466,33.148076,WGS84
411729,411700,COUNTY,河南省,驻马店市,新蔡县,河南省驻马店市新蔡县,114.960178,32.747020,WGS84
419001,410000,COUNTY,河南省,,济源市,河南省济源市,112.596412,35.069924,WGS84
420000,,PROVINCE,湖北省,,,湖北省,114.336063,30.548591,WGS84
420100,420000,CITY,湖北省,武汉市,,湖北省武汉市,114.299132,30.595773,WGS84
420102,420100,COUNTY,湖北省,武汉市,江岸区,湖北省武汉市江岸区,114.277566,30.635524,WGS84
420103,420100,COUNTY,湖北省,武汉市,江汉区,湖北省武汉市江汉区,114.265349,30.603583,WGS84
420104,420100,COUNTY,湖北省,武汉市,硚口区,湖北省武汉市硚口区,114.209267,30.584996,WGS84
420105,420100,COUNTY,湖北省,武汉市,汉阳区,湖北省武汉市汉阳区,114.213122,30.556739,WGS84
420106,420100,COUNTY,湖北省,武汉市,武昌区,湖北省武汉市武昌区,114.311014,30.556593,WGS84
420107,420100,COUNTY,湖北省,武汉市,青山区,湖北省武汉市青山区,114.379874,30.642108,WGS84
420111,420100,COUNTY,湖北省,武汉市,洪山区,湖北省武汉市洪山区,114.337177,30.503023,WGS84
420112,420100,COUNTY,湖北省,武汉市,东西湖区,湖北省武汉市东西湖区,114.130602,30.622368,WGS84
420113,420100,COUNTY,湖北省,武汉市,汉南区,湖北省武汉市汉南区,114.078862,30.311135,WGS84
420114,420100,COUNTY,湖北省,武汉市,蔡甸区,湖北省武汉市蔡甸区,114.081539,30.538701,WGS84
420115,420100,COUNTY,湖北省,武汉市,江夏区,湖北省武汉市江夏区,114.315443,30.378032,WGS84
420116,420100,COUNTY,湖北省,武汉市,黄陂区,湖北省武汉市黄陂区,114.370134,30.884456,WGS84
420117,420100,COUNTY,湖北省,武汉市,新洲区,湖北省武汉市新洲区,114.796046,30.843674,WGS84
420200,420000,CITY,湖北省,黄石市,,湖北省黄石市,115.033626,30.203517,WGS84
420202,420200,COUNTY,湖北省,黄石市,黄石港区,湖北省黄石市黄石港区,115.060207,30.225570,WGS84
420203,420200,COUNTY,湖北省,黄石市,西塞山区,湖北省黄石市西塞山区,115.104579,30.207460,WGS84
420204,420200,COUNTY,湖北省,黄石市,下陆区,湖北省黄石市下陆区,114.955809,30.176803,WGS84
420205,420200,COUNTY,湖北省,黄石市,铁山区,湖北省黄石市铁山区,114.886574,30.205865,WGS84
420222,420200,COUNTY,湖北省,黄石市,阳新县,湖北省黄石市阳新县,115.209916,29.832745,WGS84
420281,420200,COUNTY,湖北省,黄石市,大冶市,湖北省黄石市大冶市,114.975302,30.098870,WGS84
420300,420000,CITY,湖北省,十堰市,,湖北省十堰市,110.793597,32.631239,WGS84
420302,420300,COUNTY,湖北省,十堰市,茅箭区,湖北省十堰市茅箭区,110.808172,32.594066,WGS84
420303,420300,COUNTY,湖北省,十堰市,张湾区,湖北省十堰市张湾区,110.763795,32.654440,WGS84
420304,420300,COUNTY,湖北省,十堰市,郧阳区,湖北省十堰市郧阳区,110.806772,32.836948,WGS84
420322,420300,COUNTY,湖北省,十堰市,郧西县,湖北省十堰市郧西县,110.420640,32.994867,WGS84
420323,420300,COUNTY,湖北省,十堰市,竹山县,湖北省十堰市竹山县,110.224641,32.227229,WGS84
420324,420300,COUNTY,湖北省,十堰市,竹溪县,湖北省十堰市竹溪县,109.710321,32.320504,WGS84
420325,420300,COUNTY,湖北省,十堰市,房县,湖北省十堰市房县,110.721518,32.042344,WGS84
420381,420300,COUNTY,湖北省,十堰市,丹江口市,湖北省十堰市丹江口市,111.507421,32.542474,WGS84
420500,420000,CITY,湖北省,宜昌市,,湖北省宜昌市,111.281313,30.694614,WGS84
420502,420500,COUNTY,湖北省,宜昌市,西陵区,湖北省宜昌市西陵区,111.280048,30.713201,WGS84
420503,420500,COUNTY,湖北省,宜昌市,伍家岗区,湖北省宜昌市伍家岗区,111.355043,30.646388,WGS84
420504,420500,COUNTY,湖北省,宜昌市,点军区,湖北省宜昌市点军区,111.262720,30.695889,WGS84
420505,420500,COUNTY,湖北省,宜昌市,猇亭区,湖北省宜昌市猇亭区,111.428476,30.533488,WGS84
420506,420500,COUNTY,湖北省,宜昌市,夷陵区,湖北省宜昌市夷陵区,111.320616,30.772217,WGS84
420525,420500,COUNTY,湖北省,宜昌市,远安县,湖北省宜昌市远安县,111.634686,31.063314,WGS84
420526,420500,COUNTY,湖北省,宜昌市,兴山县,湖北省宜昌市兴山县,110.741620,31.350199,WGS84
420527,420500,COUNTY,湖北省,宜昌市,秭归县,湖北省宜昌市秭归县,110.972649,30.828359,WGS84
420528,420500,COUNTY,湖北省,宜昌市,长阳土家族自治县,湖北省宜昌市长阳土家族自治县,111.201374,30.475542,WGS84
420529,420500,COUNTY,湖北省,宜昌市,五峰土家族自治县,湖北省宜昌市五峰土家族自治县,111.068144,30.159164,WGS84
420581,420500,COUNTY,湖北省,宜昌市,宜都市,湖北省宜昌市宜都市,111.444259,30.380861,WGS84
420582,420500,COUNTY,湖北省,宜昌市,当阳市,湖北省宜昌市当阳市,111.782565,30.823301,WGS84
420583,420500,COUNTY,湖北省,宜昌市,枝江市,湖北省宜昌市枝江市,111.754833,30.428307,WGS84
420600,420000,CITY,湖北省,襄阳市,,湖北省襄阳市,112.115654,32.012113,WGS84
420602,420600,COUNTY,湖北省,襄阳市,襄城区,湖北省襄阳市襄城区,112.127952,32.011895,WGS84
420606,420600,COUNTY,湖北省,襄阳市,樊城区,湖北省襄阳市樊城区,112.129167,32.047038,WGS84
420607,420600,COUNTY,湖北省,襄阳市,襄州区,湖北省襄阳市襄州区,112.205453,32.090763,WGS84
420624,420600,COUNTY,湖北省,襄阳市,南漳县,湖北省襄阳市南漳县,111.833217,31.776838,WGS84
420625,420600,COUNTY,湖北省,襄阳市,谷城县,湖北省襄阳市谷城县,111.647302,32.265713,WGS84
420626,420600,COUNTY,湖北省,襄阳市,保康县,湖北省襄阳市保康县,111.255595,31.880423,WGS84
420682,420600,COUNTY,湖北省,襄阳市,老河口市,湖北省襄阳市老河口市,111.678006,32.361338,WGS84
420683,420600,COUNTY,湖北省,襄阳市,枣阳市,湖北省襄阳市枣阳市,112.766820,32.131120,WGS84
420684,420600,COUNTY,湖北省,襄阳市,宜城市,湖北省襄阳市宜城市,112.250656,31.722349,WGS84
420700,420000,CITY,湖北省,鄂州市,,湖北省鄂州市,114.889866,30.394154,WGS84
420702,420700,COUNTY,湖北省,鄂州市,梁子湖区,湖北省鄂州市梁子湖区,114.679678,30.102764,WGS84
420703,420700,COUNTY,湖北省,鄂州市,华容区,湖北省鄂州市华容区,114.724706,30.537638,WGS84
420704,420700,COUNTY,湖北省,鄂州市,鄂城区,湖北省鄂州市鄂城区,114.886525,30.403225,WGS84
420800,420000,CITY,湖北省,荆门市,,湖北省荆门市,112.193168,31.037648,WGS84
420802,420800,COUNTY,湖北省,荆门市,东宝区,湖北省荆门市东宝区,112.195820,31.054068,WGS84
420804,420800,COUNTY,湖北省,荆门市,掇刀区,湖北省荆门市掇刀区,112.202083,30.975651,WGS84
420822,420800,COUNTY,湖北省,荆门市,沙洋县,湖北省荆门市沙洋县,112.583146,30.711782,WGS84
420881,420800,COUNTY,湖北省,荆门市,钟祥市,湖北省荆门市钟祥市,112.583232,31.169367,WGS84
420882,420800,COUNTY,湖北省,荆门市,京山市,湖北省荆门市京山市,113.113434,31.020489,WGS84
420900,420000,CITY,湖北省,孝感市,,湖北省孝感市,113.951448,30.920743,WGS84
420902,420900,COUNTY,湖北省,孝感市,孝南区,湖北省孝感市孝南区,113.905282,30.919437,WGS84
420921,420900,COUNTY,湖北省,孝感市,孝昌县,湖北省孝感市孝昌县,113.992156,31.260366,WGS84
420922,420900,COUNTY,湖北省,孝感市,大悟县,湖北省孝感市大悟县,114.121325,31.563044,WGS84
420923,420900,COUNTY,湖北省,孝感市,云梦县,湖北省孝感市云梦县,113.747139,31.023979,WGS84
420981,420900,COUNTY,湖北省,孝感市,应城市,湖北省孝感市应城市,113.566153,30.931055,WGS84
420982,420900,COUNTY,湖北省,孝感市,安陆市,湖北省孝感市安陆市,113.683163,31.257846,WGS84
420984,420900,COUNTY,湖北省,孝感市,汉川市,湖北省孝感市汉川市,113.832455,30.675755,WGS84
421000,420000,CITY,湖北省,荆州市,,湖北省荆州市,112.235717,30.338836,WGS84
421002,421000,COUNTY,湖北省,荆州市,沙市区,湖北省荆州市沙市区,112.246268,30.329252,WGS84
421003,421000,COUNTY,湖北省,荆州市,荆州区,湖北省荆州市荆州区,112.184482,30.355470,WGS84
421022,421000,COUNTY,湖北省,荆州市,公安县,湖北省荆州市公安县,112.224041,30.061079,WGS84
421024,421000,COUNTY,湖北省,荆州市,江陵县,湖北省荆州市江陵县,112.418707,30.044618,WGS84
421081,421000,COUNTY,湖北省,荆州市,石首市,湖北省荆州市石首市,112.419535,29.723355,WGS84
421083,421000,COUNTY,湖北省,荆州市,洪湖市,湖北省荆州市洪湖市,113.470055,29.829731,WGS84
421087,421000,COUNTY,湖北省,荆州市,松滋市,湖北省荆州市松滋市,111.750694,30.177295,WGS84
421088,421000,COUNTY,湖北省,荆州市,监利市,湖北省荆州市监利市,112.899100,29.842982,WGS84
421100,420000,CITY,湖北省,黄冈市,,湖北省黄冈市,114.867356,30.456381,WGS84
421102,421100,COUNTY,湖北省,黄冈市,黄州区,湖北省黄冈市黄州区,114.875046,30.437027,WGS84
421121,421100,COUNTY,湖北省,黄冈市,团风县,湖北省黄冈市团风县,114.867279,30.645818,WGS84
421122,421100,COUNTY,湖北省,黄冈市,红安县,湖北省黄冈市红安县,114.613017,31.290443,WGS84
421123,421100,COUNTY,湖北省,黄冈市,罗田县,湖北省黄冈市罗田县,115.393579,30.785220,WGS84
421124,421100,COUNTY,湖北省,黄冈市,英山县,湖北省黄冈市英山县,115.675746,30.737453,WGS84
421125,421100,COUNTY,湖北省,黄冈市,浠水县,湖北省黄冈市浠水县,115.259831,30.454703,WGS84
421126,421100,COUNTY,湖北省,黄冈市,蕲春县,湖北省黄冈市蕲春县,115.430923,30.228504,WGS84
421127,421100,COUNTY,湖北省,黄冈市,黄梅县,湖北省黄冈市黄梅县,115.939250,30.073129,WGS84
421181,421100,COUNTY,湖北省,黄冈市,麻城市,湖北省黄冈市麻城市,115.002662,31.175051,WGS84
421182,421100,COUNTY,湖北省,黄冈市,武穴市,湖北省黄冈市武穴市,115.590406,29.872316,WGS84
421200,420000,CITY,湖北省,咸宁市,,湖北省咸宁市,114.317203,29.843825,WGS84
421202,421200,COUNTY,湖北省,咸宁市,咸安区,湖北省咸宁市咸安区,114.293635,29.855241,WGS84
421221,421200,COUNTY,湖北省,咸宁市,嘉鱼县,湖北省咸宁市嘉鱼县,113.933839,29.973287,WGS84
421222,421200,COUNTY,湖北省,咸宁市,通城县,湖北省咸宁市通城县,113.811260,29.248247,WGS84
421223,421200,COUNTY,湖北省,咸宁市,崇阳县,湖北省咸宁市崇阳县,114.033887,29.559380,WGS84
421224,421200,COUNTY,湖北省,咸宁市,通山县,湖北省咸宁市通山县,114.477536,29.608990,WGS84
421281,421200,COUNTY,湖北省,咸宁市,赤壁市,湖北省咸宁市赤壁市,113.894991,29.727875,WGS84
421300,420000,CITY,湖北省,随州市,,湖北省随州市,113.376113,31.692155,WGS84
421303,421300,COUNTY,湖北省,随州市,曾都区,湖北省随州市曾都区,113.364854,31.718319,WGS84
421321,421300,COUNTY,湖北省,随州市,随县,湖北省随州市随县,113.284915,31.885294,WGS84
421381,421300,COUNTY,湖北省,随州市,广水市,湖北省随州市广水市,113.820244,31.619136,WGS84
422800,420000,CITY,湖北省,恩施土家族苗族自治州,,湖北省恩施土家族苗族自治州,109.483191,30.274658,WGS84
422801,422800,COUNTY,湖北省,恩施土家族苗族自治州,恩施市,湖北省恩施土家族苗族自治州恩施市,109.474660,30.297676,WGS84
422802,422800,COUNTY,湖北省,恩施土家族苗族自治州,利川市,湖北省恩施土家族苗族自治州利川市,108.932122,30.293750,WGS84
422822,422800,COUNTY,湖北省,恩施土家族苗族自治州,建始县,湖北省恩施土家族苗族自治州建始县,109.717455,30.604738,WGS84
422823,422800,COUNTY,湖北省,恩施土家族苗族自治州,巴东县,湖北省恩施土家族苗族自治州巴东县,110.335827,31.045027,WGS84
422825,422800,COUNTY,湖北省,恩施土家族苗族自治州,宣恩县,湖北省恩施土家族苗族自治州宣恩县,109.485060,29.989422,WGS84
422826,422800,COUNTY,湖北省,恩施土家族苗族自治州,咸丰县,湖北省恩施土家族苗族自治州咸丰县,109.135374,29.667703,WGS84
422827,422800,COUNTY,湖北省,恩施土家族苗族自治州,来凤县,湖北省恩施土家族苗族自治州来凤县,109.402745,29.495987,WGS84
422828,422800,COUNTY,湖北省,恩施土家族苗族自治州,鹤峰县,湖北省恩施土家族苗族自治州鹤峰县,110.029065,29.892594,WGS84
429004,420000,COUNTY,湖北省,,仙桃市,湖北省仙桃市,113.436911,30.330791,WGS84
429005,420000,COUNTY,湖北省,,潜江市,湖北省潜江市,112.894697,30.404676,WGS84
429006,420000,COUNTY,湖北省,,天门市,湖北省天门市,113.160514,30.666038,WGS84
429021,420000,COUNTY,湖北省,,神农架林区,湖北省神农架林区,110.670801,31.747298,WGS84
430000,,PROVINCE,湖南省,,,湖南省,112.977398,28.119420,WGS84
430100,430000,CITY,湖南省,长沙市,,湖南省长沙市,112.933443,28.231820,WGS84
430102,430100,COUNTY,湖南省,长沙市,芙蓉区,湖南省长沙市芙蓉区,113.026867,28.188623,WGS84
430103,430100,COUNTY,湖南省,长沙市,天心区,湖南省长沙市天心区,112.984203,28.117938,WGS84
430104,430100,COUNTY,湖南省,长沙市,岳麓区,湖南省长沙市岳麓区,112.924691,28.237728,WGS84
430105,430100,COUNTY,湖南省,长沙市,开福区,湖南省长沙市开福区,112.979711,28.260698,WGS84
430111,430100,COUNTY,湖南省,长沙市,雨花区,湖南省长沙市雨花区,113.032776,28.139048,WGS84
430112,430100,COUNTY,湖南省,长沙市,望城区,湖南省长沙市望城区,112.825753,28.356655,WGS84
430121,430100,COUNTY,湖南省,长沙市,长沙县,湖南省长沙市长沙县,113.074691,28.249998,WGS84
430181,430100,COUNTY,湖南省,长沙市,浏阳市,湖南省长沙市浏阳市,113.637822,28.167362,WGS84
430182,430100,COUNTY,湖南省,长沙市,宁乡市,湖南省长沙市宁乡市,112.546501,28.281192,WGS84
430200,430000,CITY,湖南省,株洲市,,湖南省株洲市,113.126946,27.831995,WGS84
430202,430200,COUNTY,湖南省,株洲市,荷塘区,湖南省株洲市荷塘区,113.167394,27.859516,WGS84
430203,430200,COUNTY,湖南省,株洲市,芦淞区,湖南省株洲市芦淞区,113.147650,27.788354,WGS84
430204,430200,COUNTY,湖南省,株洲市,石峰区,湖南省株洲市石峰区,113.111911,27.878641,WGS84
430211,430200,COUNTY,湖南省,株洲市,天元区,湖南省株洲市天元区,113.076395,27.829864,WGS84
430212,430200,COUNTY,湖南省,株洲市,渌口区,湖南省株洲市渌口区,113.138019,27.702491,WGS84
430223,430200,COUNTY,湖南省,株洲市,攸县,湖南省株洲市攸县,113.391340,27.018353,WGS84
430224,430200,COUNTY,湖南省,株洲市,茶陵县,湖南省株洲市茶陵县,113.532449,26.781474,WGS84
430225,430200,COUNTY,湖南省,株洲市,炎陵县,湖南省株洲市炎陵县,113.767241,26.493258,WGS84
430281,430200,COUNTY,湖南省,株洲市,醴陵市,湖南省株洲市醴陵市,113.491449,27.648949,WGS84
430300,430000,CITY,湖南省,湘潭市,,湖南省湘潭市,112.940018,27.834817,WGS84
430302,430300,COUNTY,湖南省,湘潭市,雨湖区,湖南省湘潭市雨湖区,112.901959,27.859608,WGS84
430304,430300,COUNTY,湖南省,湘潭市,岳塘区,湖南省湘潭市岳塘区,112.963955,27.875426,WGS84
430321,430300,COUNTY,湖南省,湘潭市,湘潭县,湖南省湘潭市湘潭县,112.945337,27.783108,WGS84
430381,430300,COUNTY,湖南省,湘潭市,湘乡市,湖南省湘潭市湘乡市,112.544922,27.722071,WGS84
430382,430300,COUNTY,湖南省,湘潭市,韶山市,湖南省湘潭市韶山市,112.519933,27.918178,WGS84
430400,430000,CITY,湖南省,衡阳市,,湖南省衡阳市,112.566774,26.897794,WGS84
430405,430400,COUNTY,湖南省,衡阳市,珠晖区,湖南省衡阳市珠晖区,112.615421,26.898389,WGS84
430406,430400,COUNTY,湖南省,衡阳市,雁峰区,湖南省衡阳市雁峰区,112.608691,26.843942,WGS84
430407,430400,COUNTY,湖南省,衡阳市,石鼓区,湖南省衡阳市石鼓区,112.592711,26.947844,WGS84
430408,430400,COUNTY,湖南省,衡阳市,蒸湘区,湖南省衡阳市蒸湘区,112.562082,26.915955,WGS84
430412,430400,COUNTY,湖南省,衡阳市,南岳区,湖南省衡阳市南岳区,112.732201,27.235176,WGS84
430421,430400,COUNTY,湖南省,衡阳市,衡阳县,湖南省衡阳市衡阳县,112.365049,26.973499,WGS84
430422,430400,COUNTY,湖南省,衡阳市,衡南县,湖南省衡阳市衡南县,112.672245,26.743196,WGS84
430423,430400,COUNTY,湖南省,衡阳市,衡山县,湖南省衡阳市衡山县,112.863013,27.233703,WGS84
430424,430400,COUNTY,湖南省,衡阳市,衡东县,湖南省衡阳市衡东县,112.947731,27.084587,WGS84
430426,430400,COUNTY,湖南省,衡阳市,祁东县,湖南省衡阳市祁东县,112.084666,26.802540,WGS84
430481,430400,COUNTY,湖南省,衡阳市,耒阳市,湖南省衡阳市耒阳市,112.854506,26.425686,WGS84
430482,430400,COUNTY,湖南省,衡阳市,常宁市,湖南省衡阳市常宁市,112.394309,26.424932,WGS84
430500,430000,CITY,湖南省,邵阳市,,湖南省邵阳市,111.462278,27.242758,WGS84
430502,430500,COUNTY,湖南省,邵阳市,双清区,湖南省邵阳市双清区,111.491448,27.235598,WGS84
430503,430500,COUNTY,湖南省,邵阳市,大祥区,湖南省邵阳市大祥区,111.433267,27.225256,WGS84
430511,430500,COUNTY,湖南省,邵阳市,北塔区,湖南省邵阳市北塔区,111.446379,27.249438,WGS84
430522,430500,COUNTY,湖南省,邵阳市,新邵县,湖南省邵阳市新邵县,111.453053,27.324108,WGS84
430523,430500,COUNTY,湖南省,邵阳市,邵阳县,湖南省邵阳市邵阳县,111.268540,26.994184,WGS84
430524,430500,COUNTY,湖南省,邵阳市,隆回县,湖南省邵阳市隆回县,111.027212,27.117273,WGS84
430525,430500,COUNTY,湖南省,邵阳市,洞口县,湖南省邵阳市洞口县,110.571377,27.063838,WGS84
430527,430500,COUNTY,湖南省,邵阳市,绥宁县,湖南省邵阳市绥宁县,110.150763,26.585355,WGS84
430528,430500,COUNTY,湖南省,邵阳市,新宁县,湖南省邵阳市新宁县,110.852513,26.436472,WGS84
430529,430500,COUNTY,湖南省,邵阳市,城步苗族自治县,湖南省邵阳市城步苗族自治县,110.317526,26.393934,WGS84
430581,430500,COUNTY,湖南省,邵阳市,武冈市,湖南省邵阳市武冈市,110.627687,26.731041,WGS84
430582,430500,COUNTY,湖南省,邵阳市,邵东市,湖南省邵阳市邵东市,111.738746,27.263143,WGS84
430600,430000,CITY,湖南省,岳阳市,,湖南省岳阳市,113.122952,29.359028,WGS84
430602,430600,COUNTY,湖南省,岳阳市,岳阳楼区,湖南省岳阳市岳阳楼区,113.123391,29.373895,WGS84
430603,430600,COUNTY,湖南省,岳阳市,云溪区,湖南省岳阳市云溪区,113.266497,29.475396,WGS84
430611,430600,COUNTY,湖南省,岳阳市,君山区,湖南省岳阳市君山区,113.000684,29.463680,WGS84
430621,430600,COUNTY,湖南省,岳阳市,岳阳县,湖南省岳阳市岳阳县,113.110192,29.147367,WGS84
430623,430600,COUNTY,湖南省,岳阳市,华容县,湖南省岳阳市华容县,112.534932,29.533516,WGS84
430624,430600,COUNTY,湖南省,岳阳市,湘阴县,湖南省岳阳市湘阴县,112.903807,28.693521,WGS84
430626,430600,COUNTY,湖南省,岳阳市,平江县,湖南省岳阳市平江县,113.575791,28.705390,WGS84
430681,430600,COUNTY,湖南省,岳阳市,汨罗市,湖南省岳阳市汨罗市,113.061210,28.809916,WGS84
430682,430600,COUNTY,湖南省,岳阳市,临湘市,湖南省岳阳市临湘市,113.444492,29.479194,WGS84
430700,430000,CITY,湖南省,常德市,,湖南省常德市,111.693450,29.034477,WGS84
430702,430700,COUNTY,湖南省,常德市,武陵区,湖南省常德市武陵区,111.677476,29.058373,WGS84
430703,430700,COUNTY,湖南省,常德市,鼎城区,湖南省常德市鼎城区,111.674340,29.020673,WGS84
430721,430700,COUNTY,湖南省,常德市,安乡县,湖南省常德市安乡县,112.165343,29.413905,WGS84
430722,430700,COUNTY,湖南省,常德市,汉寿县,湖南省常德市汉寿县,111.965200,28.909235,WGS84
430723,430700,COUNTY,湖南省,常德市,澧县,湖南省常德市澧县,111.753091,29.635756,WGS84
430724,430700,COUNTY,湖南省,常德市,临澧县,湖南省常德市临澧县,111.642027,29.443654,WGS84
430725,430700,COUNTY,湖南省,常德市,桃源县,湖南省常德市桃源县,111.483332,28.905352,WGS84
430726,430700,COUNTY,湖南省,常德市,石门县,湖南省常德市石门县,111.374266,29.586812,WGS84
430781,430700,COUNTY,湖南省,常德市,津市市,湖南省常德市津市市,111.872440,29.609303,WGS84
430800,430000,CITY,湖南省,张家界市,,湖南省张家界市,110.473930,29.120191,WGS84
430802,430800,COUNTY,湖南省,张家界市,永定区,湖南省张家界市永定区,110.532587,29.122677,WGS84
430811,430800,COUNTY,湖南省,张家界市,武陵源区,湖南省张家界市武陵源区,110.545529,29.348607,WGS84
430821,430800,COUNTY,湖南省,张家界市,慈利县,湖南省张家界市慈利县,111.133836,29.432975,WGS84
430822,430800,COUNTY,湖南省,张家界市,桑植县,湖南省张家界市桑植县,110.199933,29.416794,WGS84
430900,430000,CITY,湖南省,益阳市,,湖南省益阳市,112.350293,28.558009,WGS84
430902,430900,COUNTY,湖南省,益阳市,资阳区,湖南省益阳市资阳区,112.318646,28.594688,WGS84
430903,430900,COUNTY,湖南省,益阳市,赫山区,湖南省益阳市赫山区,112.368163,28.583227,WGS84
430921,430900,COUNTY,湖南省,益阳市,南县,湖南省益阳市南县,112.390503,29.364940,WGS84
430922,430900,COUNTY,湖南省,益阳市,桃江县,湖南省益阳市桃江县,112.150709,28.521390,WGS84
430923,430900,COUNTY,湖南省,益阳市,安化县,湖南省益阳市安化县,111.207876,28.377552,WGS84
430981,430900,COUNTY,湖南省,益阳市,沅江市,湖南省益阳市沅江市,112.348935,28.848737,WGS84
431000,430000,CITY,湖南省,郴州市,,湖南省郴州市,113.010026,25.773091,WGS84
431002,431000,COUNTY,湖南省,郴州市,北湖区,湖南省郴州市北湖区,113.005131,25.787629,WGS84
431003,431000,COUNTY,湖南省,郴州市,苏仙区,湖南省郴州市苏仙区,113.036781,25.802541,WGS84
431021,431000,COUNTY,湖南省,郴州市,桂阳县,湖南省郴州市桂阳县,112.728442,25.756826,WGS84
431022,431000,COUNTY,湖南省,郴州市,宜章县,湖南省郴州市宜章县,112.943558,25.403590,WGS84
431023,431000,COUNTY,湖南省,郴州市,永兴县,湖南省郴州市永兴县,113.110873,26.130214,WGS84
431024,431000,COUNTY,湖南省,郴州市,嘉禾县,湖南省郴州市嘉禾县,112.373706,25.618784,WGS84
431025,431000,COUNTY,湖南省,郴州市,临武县,湖南省郴州市临武县,112.558694,25.279453,WGS84
431026,431000,COUNTY,湖南省,郴州市,汝城县,湖南省郴州市汝城县,113.679872,25.535985,WGS84
431027,431000,COUNTY,湖南省,郴州市,桂东县,湖南省郴州市桂东县,113.939680,26.080962,WGS84
431028,431000,COUNTY,湖南省,郴州市,安仁县,湖南省郴州市安仁县,113.264116,26.711998,WGS84
431081,431000,COUNTY,湖南省,郴州市,资兴市,湖南省郴州市资兴市,113.230309,25.980357,WGS84
431100,430000,CITY,湖南省,永州市,,湖南省永州市,111.608240,26.423451,WGS84
431102,431100,COUNTY,湖南省,永州市,零陵区,湖南省永州市零陵区,111.624561,26.225763,WGS84
431103,431100,COUNTY,湖南省,永州市,冷水滩区,湖南省永州市冷水滩区,111.587133,26.464916,WGS84
431122,431100,COUNTY,湖南省,永州市,东安县,湖南省永州市东安县,111.310514,26.395512,WGS84
431123,431100,COUNTY,湖南省,永州市,双牌县,湖南省永州市双牌县,111.654687,25.965179,WGS84
431124,431100,COUNTY,湖南省,永州市,道县,湖南省永州市道县,111.595693,25.529367,WGS84
431125,431100,COUNTY,湖南省,永州市,江永县,湖南省永州市江永县,111.338169,25.277202,WGS84
431126,431100,COUNTY,湖南省,永州市,宁远县,湖南省永州市宁远县,111.940706,25.573882,WGS84
431127,431100,COUNTY,湖南省,永州市,蓝山县,湖南省永州市蓝山县,112.190449,25.372370,WGS84
431128,431100,COUNTY,湖南省,永州市,新田县,湖南省永州市新田县,112.197980,25.907017,WGS84
431129,431100,COUNTY,湖南省,永州市,江华瑶族自治县,湖南省永州市江华瑶族自治县,111.574352,25.188282,WGS84
431181,431100,COUNTY,湖南省,永州市,祁阳市,湖南省永州市祁阳市,111.834900,26.583842,WGS84
431200,430000,CITY,湖南省,怀化市,,湖南省怀化市,109.996923,27.573135,WGS84
431202,431200,COUNTY,湖南省,怀化市,鹤城区,湖南省怀化市鹤城区,110.035301,27.581793,WGS84
431221,431200,COUNTY,湖南省,怀化市,中方县,湖南省怀化市中方县,109.940928,27.444025,WGS84
431222,431200,COUNTY,湖南省,怀化市,沅陵县,湖南省怀化市沅陵县,110.388787,28.455274,WGS84
431223,431200,COUNTY,湖南省,怀化市,辰溪县,湖南省怀化市辰溪县,110.178348,28.009519,WGS84
431224,431200,COUNTY,湖南省,怀化市,溆浦县,湖南省怀化市溆浦县,110.589782,27.912398,WGS84
431225,431200,COUNTY,湖南省,怀化市,会同县,湖南省怀化市会同县,109.730094,26.890611,WGS84
431226,431200,COUNTY,湖南省,怀化市,麻阳苗族自治县,湖南省怀化市麻阳苗族自治县,109.813071,27.861078,WGS84
431227,431200,COUNTY,湖南省,怀化市,新晃侗族自治县,湖南省怀化市新晃侗族自治县,109.170225,27.355337,WGS84
431228,431200,COUNTY,湖南省,怀化市,芷江侗族自治县,湖南省怀化市芷江侗族自治县,109.680114,27.446830,WGS84
431229,431200,COUNTY,湖南省,怀化市,靖州苗族侗族自治县,湖南省怀化市靖州苗族侗族自治县,109.691699,26.578634,WGS84
431230,431200,COUNTY,湖南省,怀化市,通道侗族自治县,湖南省怀化市通道侗族自治县,109.779834,26.161343,WGS84
431281,431200,COUNTY,湖南省,怀化市,洪江市,湖南省怀化市洪江市,109.831925,27.212849,WGS84
431300,430000,CITY,湖南省,娄底市,,湖南省娄底市,111.988968,27.703168,WGS84
431302,431300,COUNTY,湖南省,娄底市,娄星区,湖南省娄底市娄星区,111.996396,27.733519,WGS84
431321,431300,COUNTY,湖南省,娄底市,双峰县,湖南省娄底市双峰县,112.168667,27.461187,WGS84
431322,431300,COUNTY,湖南省,娄底市,新化县,湖南省娄底市新化县,111.322164,27.728641,WGS84
431381,431300,COUNTY,湖南省,娄底市,冷水江市,湖南省娄底市冷水江市,111.453571,27.659190,WGS84
431382,431300,COUNTY,湖南省,娄底市,涟源市,湖南省娄底市涟源市,111.658421,27.697233,WGS84
433100,430000,CITY,湖南省,湘西土家族苗族自治州,,湖南省湘西土家族苗族自治州,109.668736,28.219476,WGS84
433101,433100,COUNTY,湖南省,湘西土家族苗族自治州,吉首市,湖南省湘西土家族苗族自治州吉首市,109.693681,28.265394,WGS84
433122,433100,COUNTY,湖南省,湘西土家族苗族自治州,泸溪县,湖南省湘西土家族苗族自治州泸溪县,110.214857,28.219472,WGS84
433123,433100,COUNTY,湖南省,湘西土家族苗族自治州,凤凰县,湖南省湘西土家族苗族自治州凤凰县,109.576324,27.960981,WGS84
433124,433100,COUNTY,湖南省,湘西土家族苗族自治州,花垣县,湖南省湘西土家族苗族自治州花垣县,109.477600,28.575163,WGS84
433125,433100,COUNTY,湖南省,湘西土家族苗族自治州,保靖县,湖南省湘西土家族苗族自治州保靖县,109.655820,28.703312,WGS84
433126,433100,COUNTY,湖南省,湘西土家族苗族自治州,古丈县,湖南省湘西土家族苗族自治州古丈县,109.946122,28.620405,WGS84
433127,433100,COUNTY,湖南省,湘西土家族苗族自治州,永顺县,湖南省湘西土家族苗族自治州永顺县,109.852514,28.982999,WGS84
433130,433100,COUNTY,湖南省,湘西土家族苗族自治州,龙山县,湖南省湘西土家族苗族自治州龙山县,109.439045,29.460183,WGS84
440000,,PROVINCE,广东省,,,广东省,113.261559,23.135981,WGS84
440100,440000,CITY,广东省,广州市,,广东省广州市,113.259172,23.132739,WGS84
440103,440100,COUNTY,广东省,广州市,荔湾区,广东省广州市荔湾区,113.213654,23.109788,WGS84
440104,440100,COUNTY,广东省,广州市,越秀区,广东省广州市越秀区,113.261737,23.131350,WGS84
440105,440100,COUNTY,广东省,广州市,海珠区,广东省广州市海珠区,113.312017,23.086636,WGS84
440106,440100,COUNTY,广东省,广州市,天河区,广东省广州市天河区,113.356113,23.127353,WGS84
440111,440100,COUNTY,广东省,广州市,白云区,广东省广州市白云区,113.267866,23.159821,WGS84
440112,440100,COUNTY,广东省,广州市,黄埔区,广东省广州市黄埔区,113.475217,23.183940,WGS84
440113,440100,COUNTY,广东省,广州市,番禺区,广东省广州市番禺区,113.378416,22.940146,WGS84
440114,440100,COUNTY,广东省,广州市,花都区,广东省广州市花都区,113.214762,23.406903,WGS84
440115,440100,COUNTY,广东省,广州市,南沙区,广东省广州市南沙区,113.519962,22.804307,WGS84
440117,440100,COUNTY,广东省,广州市,从化区,广东省广州市从化区,113.581212,23.551917,WGS84
440118,440100,COUNTY,广东省,广州市,增城区,广东省广州市增城区,113.805615,23.264133,WGS84
440200,440000,CITY,广东省,韶关市,,广东省韶关市,113.592131,24.814037,WGS84
440203,440200,COUNTY,广东省,韶关市,武江区,广东省韶关市武江区,113.582720,24.795957,WGS84
440204,440200,COUNTY,广东省,韶关市,浈江区,广东省韶关市浈江区,113.605889,24.807957,WGS84
440205,440200,COUNTY,广东省,韶关市,曲江区,广东省韶关市曲江区,113.599411,24.685895,WGS84
440222,440200,COUNTY,广东省,韶关市,始兴县,广东省韶关市始兴县,114.056721,24.956613,WGS84
440224,440200,COUNTY,广东省,韶关市,仁化县,广东省韶关市仁化县,113.743835,25.088603,WGS84
440229,440200,COUNTY,广东省,韶关市,翁源县,广东省韶关市翁源县,114.124775,24.353248,WGS84
440232,440200,COUNTY,广东省,韶关市,乳源瑶族自治县,广东省韶关市乳源瑶族自治县,113.270426,24.778730,WGS84
440233,440200,COUNTY,广东省,韶关市,新丰县,广东省韶关市新丰县,114.201644,24.062597,WGS84
440281,440200,COUNTY,广东省,韶关市,乐昌市,广东省韶关市乐昌市,113.342069,25.132610,WGS84
440282,440200,COUNTY,广东省,韶关市,南雄市,广东省韶关市南雄市,114.306819,25.120428,WGS84
440300,440000,CITY,广东省,深圳市,,广东省深圳市,114.052831,22.546253,WGS84
440303,440300,COUNTY,广东省,深圳市,罗湖区,广东省深圳市罗湖区,114.126525,22.551006,WGS84
440304,440300,COUNTY,广东省,深圳市,福田区,广东省深圳市福田区,114.050096,22.523655,WGS84
440305,440300,COUNTY,广东省,深圳市,南山区,广东省深圳市南山区,113.925617,22.536232,WGS84
440306,440300,COUNTY,广东省,深圳市,宝安区,广东省深圳市宝安区,113.878937,22.558027,WGS84
440307,440300,COUNTY,广东省,深圳市,龙岗区,广东省深圳市龙岗区,114.242044,22.723721,WGS84
440308,440300,COUNTY,广东省,深圳市,盐田区,广东省深圳市盐田区,114.231897,22.559859,WGS84
440309,440300,COUNTY,广东省,深圳市,龙华区,广东省深圳市龙华区,114.039813,22.699464,WGS84
440310,440300,COUNTY,广东省,深圳市,坪山区,广东省深圳市坪山区,114.345927,22.711494,WGS84
440311,440300,COUNTY,广东省,深圳市,光明区,广东省深圳市光明区,113.942441,22.747113,WGS84
440400,440000,CITY,广东省,珠海市,,广东省珠海市,113.571845,22.274655,WGS84
440402,440400,COUNTY,广东省,珠海市,香洲区,广东省珠海市香洲区,113.538248,22.268583,WGS84
440403,440400,COUNTY,广东省,珠海市,斗门区,广东省珠海市斗门区,113.290929,22.211928,WGS84
440404,440400,COUNTY,广东省,珠海市,金湾区,广东省珠海市金湾区,113.357803,22.149370,WGS84
440500,440000,CITY,广东省,汕头市,,广东省汕头市,116.677498,23.356817,WGS84
440507,440500,COUNTY,广东省,汕头市,龙湖区,广东省汕头市龙湖区,116.711932,23.374815,WGS84
440511,440500,COUNTY,广东省,汕头市,金平区,广东省汕头市金平区,116.698903,23.368340,WGS84
440512,440500,COUNTY,广东省,汕头市,濠江区,广东省汕头市濠江区,116.722158,23.289217,WGS84
440513,440500,COUNTY,广东省,汕头市,潮阳区,广东省汕头市潮阳区,116.597356,23.267713,WGS84
440514,440500,COUNTY,广东省,汕头市,潮南区,广东省汕头市潮南区,116.434426,23.241649,WGS84
440515,440500,COUNTY,广东省,汕头市,澄海区,广东省汕头市澄海区,116.751364,23.468878,WGS84
440523,440500,COUNTY,广东省,汕头市,南澳县,广东省汕头市南澳县,117.018716,23.424169,WGS84
440600,440000,CITY,广东省,佛山市,,广东省佛山市,113.116099,23.023899,WGS84
440604,440600,COUNTY,广东省,佛山市,禅城区,广东省佛山市禅城区,113.117047,23.012028,WGS84
440605,440600,COUNTY,广东省,佛山市,南海区,广东省佛山市南海区,113.137780,23.031443,WGS84
440606,440600,COUNTY,广东省,佛山市,顺德区,广东省佛山市顺德区,113.287863,22.808200,WGS84
440607,440600,COUNTY,广东省,佛山市,三水区,广东省佛山市三水区,112.892230,23.159530,WGS84
440608,440600,COUNTY,广东省,佛山市,高明区,广东省佛山市高明区,112.887548,22.903007,WGS84
440700,440000,CITY,广东省,江门市,,广东省江门市,113.076105,22.581644,WGS84
440703,440700,COUNTY,广东省,江门市,蓬江区,广东省江门市蓬江区,113.073473,22.597981,WGS84
440704,440700,COUNTY,广东省,江门市,江海区,广东省江门市江海区,113.105570,22.563989,WGS84
440705,440700,COUNTY,广东省,江门市,新会区,广东省江门市新会区,113.029128,22.461309,WGS84
440781,440700,COUNTY,广东省,江门市,台山市,广东省江门市台山市,112.788691,22.254815,WGS84
440783,440700,COUNTY,广东省,江门市,开平市,广东省江门市开平市,112.693039,22.380303,WGS84
440784,440700,COUNTY,广东省,江门市,鹤山市,广东省江门市鹤山市,112.959093,22.768855,WGS84
440785,440700,COUNTY,广东省,江门市,恩平市,广东省江门市恩平市,112.299758,22.186522,WGS84
440800,440000,CITY,广东省,湛江市,,广东省湛江市,110.353054,21.272500,WGS84
440802,440800,COUNTY,广东省,湛江市,赤坎区,广东省湛江市赤坎区,110.361093,21.268327,WGS84
440803,440800,COUNTY,广东省,湛江市,霞山区,广东省湛江市霞山区,110.393183,21.194811,WGS84
440804,440800,COUNTY,广东省,湛江市,坡头区,广东省湛江市坡头区,110.450686,21.246803,WGS84
440811,440800,COUNTY,广东省,湛江市,麻章区,广东省湛江市麻章区,110.329401,21.266805,WGS84
440823,440800,COUNTY,广东省,湛江市,遂溪县,广东省湛江市遂溪县,110.246109,21.380911,WGS84
440825,440800,COUNTY,广东省,湛江市,徐闻县,广东省湛江市徐闻县,110.171591,20.328247,WGS84
440881,440800,COUNTY,广东省,湛江市,廉江市,广东省湛江市廉江市,110.281751,21.612559,WGS84
440882,440800,COUNTY,广东省,湛江市,雷州市,广东省湛江市雷州市,110.092528,20.916905,WGS84
440883,440800,COUNTY,广东省,湛江市,吴川市,广东省湛江市吴川市,110.774810,21.443320,WGS84
440900,440000,CITY,广东省,茂名市,,广东省茂名市,110.921029,21.665509,WGS84
440902,440900,COUNTY,广东省,茂名市,茂南区,广东省茂名市茂南区,110.914074,21.644439,WGS84
440904,440900,COUNTY,广东省,茂名市,电白区,广东省茂名市电白区,111.008581,21.516479,WGS84
440981,440900,COUNTY,广东省,茂名市,高州市,广东省茂名市高州市,110.849514,21.922503,WGS84
440982,440900,COUNTY,广东省,茂名市,化州市,广东省茂名市化州市,110.635270,21.667247,WGS84
440983,440900,COUNTY,广东省,茂名市,信宜市,广东省茂名市信宜市,110.942275,22.357915,WGS84
441200,440000,CITY,广东省,肇庆市,,广东省肇庆市,112.459976,23.050354,WGS84
441202,441200,COUNTY,广东省,肇庆市,端州区,广东省肇庆市端州区,112.480366,23.054506,WGS84
441203,441200,COUNTY,广东省,肇庆市,鼎湖区,广东省肇庆市鼎湖区,112.562388,23.161892,WGS84
441204,441200,COUNTY,广东省,肇庆市,高要区,广东省肇庆市高要区,112.452770,23.027341,WGS84
441223,441200,COUNTY,广东省,肇庆市,广宁县,广东省肇庆市广宁县,112.435334,23.637252,WGS84
441224,441200,COUNTY,广东省,肇庆市,怀集县,广东省肇庆市怀集县,112.161552,23.923380,WGS84
441225,441200,COUNTY,广东省,肇庆市,封开县,广东省肇庆市封开县,111.506992,23.426559,WGS84
441226,441200,COUNTY,广东省,肇庆市,德庆县,广东省肇庆市德庆县,111.780327,23.147737,WGS84
441284,441200,COUNTY,广东省,肇庆市,四会市,广东省肇庆市四会市,112.729114,23.329617,WGS84
441300,440000,CITY,广东省,惠州市,,广东省惠州市,114.410614,23.114862,WGS84
441302,441300,COUNTY,广东省,惠州市,惠城区,广东省惠州市惠城区,114.377551,23.087173,WGS84
441303,441300,COUNTY,广东省,惠州市,惠阳区,广东省惠州市惠阳区,114.451227,22.792109,WGS84
441322,441300,COUNTY,广东省,惠州市,博罗县,广东省惠州市博罗县,114.284736,23.175220,WGS84
441323,441300,COUNTY,广东省,惠州市,惠东县,广东省惠州市惠东县,114.715462,22.987582,WGS84
441324,441300,COUNTY,广东省,惠州市,龙门县,广东省惠州市龙门县,114.249998,23.730481,WGS84
441400,440000,CITY,广东省,梅州市,,广东省梅州市,116.117213,24.291456,WGS84
441402,441400,COUNTY,广东省,梅州市,梅江区,广东省梅州市梅江区,116.111845,24.313277,WGS84
441403,441400,COUNTY,广东省,梅州市,梅县区,广东省梅州市梅县区,116.076551,24.268810,WGS84
441422,441400,COUNTY,广东省,梅州市,大埔县,广东省梅州市大埔县,116.690273,24.349911,WGS84
441423,441400,COUNTY,广东省,梅州市,丰顺县,广东省梅州市丰顺县,116.177221,23.741874,WGS84
441424,441400,COUNTY,广东省,梅州市,五华县,广东省梅州市五华县,115.771004,23.935239,WGS84
441426,441400,COUNTY,广东省,梅州市,平远县,广东省梅州市平远县,115.886679,24.569969,WGS84
441427,441400,COUNTY,广东省,梅州市,蕉岭县,广东省梅州市蕉岭县,116.166716,24.661720,WGS84
441481,441400,COUNTY,广东省,梅州市,兴宁市,广东省梅州市兴宁市,115.726359,24.140054,WGS84
441500,440000,CITY,广东省,汕尾市,,广东省汕尾市,115.370621,22.789843,WGS84
441502,441500,COUNTY,广东省,汕尾市,城区,广东省汕尾市城区,115.360300,22.781860,WGS84
441521,441500,COUNTY,广东省,汕尾市,海丰县,广东省汕尾市海丰县,115.318125,22.969869,WGS84
441523,441500,COUNTY,广东省,汕尾市,陆河县,广东省汕尾市陆河县,115.655362,23.304284,WGS84
441581,441500,COUNTY,广东省,汕尾市,陆丰市,广东省汕尾市陆丰市,115.647563,22.921630,WGS84
441600,440000,CITY,广东省,河源市,,广东省河源市,114.695523,23.746935,WGS84
441602,441600,COUNTY,广东省,河源市,源城区,广东省河源市源城区,114.698608,23.736706,WGS84
441621,441600,COUNTY,广东省,河源市,紫金县,广东省河源市紫金县,115.178929,23.638098,WGS84
441622,441600,COUNTY,广东省,河源市,龙川县,广东省河源市龙川县,115.255182,24.103335,WGS84
441623,441600,COUNTY,广东省,河源市,连平县,广东省河源市连平县,114.483475,24.372342,WGS84
441624,441600,COUNTY,广东省,河源市,和平县,广东省河源市和平县,114.931005,24.472201,WGS84
441625,441600,COUNTY,广东省,河源市,东源县,广东省河源市东源县,114.741852,23.792701,WGS84
441700,440000,CITY,广东省,阳江市,,广东省阳江市,111.978366,21.859596,WGS84
441702,441700,COUNTY,广东省,阳江市,江城区,广东省阳江市江城区,111.949867,21.865267,WGS84
441704,441700,COUNTY,广东省,阳江市,阳东区,广东省阳江市阳东区,112.000454,21.871764,WGS84
441721,441700,COUNTY,广东省,阳江市,阳西县,广东省阳江市阳西县,111.612757,21.756751,WGS84
441781,441700,COUNTY,广东省,阳江市,阳春市,广东省阳江市阳春市,111.786440,22.173255,WGS84
441800,440000,CITY,广东省,清远市,,广东省清远市,113.050629,23.684535,WGS84
441802,441800,COUNTY,广东省,清远市,清城区,广东省清远市清城区,113.057126,23.700351,WGS84
441803,441800,COUNTY,广东省,清远市,清新区,广东省清远市清新区,113.012392,23.737259,WGS84
441821,441800,COUNTY,广东省,清远市,佛冈县,广东省清远市佛冈县,113.526291,23.882193,WGS84
441823,441800,COUNTY,广东省,清远市,阳山县,广东省清远市阳山县,112.636110,24.468267,WGS84
441825,441800,COUNTY,广东省,清远市,连山壮族瑶族自治县,广东省清远市连山壮族瑶族自治县,112.088236,24.573265,WGS84
441826,441800,COUNTY,广东省,清远市,连南瑶族自治县,广东省清远市连南瑶族自治县,112.281923,24.728828,WGS84
441881,441800,COUNTY,广东省,清远市,英德市,广东省清远市英德市,113.396226,24.209771,WGS84
441882,441800,COUNTY,广东省,清远市,连州市,广东省清远市连州市,112.371808,24.783596,WGS84
441900,440000,CITY,广东省,东莞市,,广东省东莞市,113.746688,23.023737,WGS84
442000,440000,CITY,广东省,中山市,,广东省中山市,113.387037,22.519716,WGS84
445100,440000,CITY,广东省,潮州市,,广东省潮州市,116.617542,23.660413,WGS84
445102,445100,COUNTY,广东省,潮州市,湘桥区,广东省潮州市湘桥区,116.623975,23.677852,WGS84
445103,445100,COUNTY,广东省,潮州市,潮安区,广东省潮州市潮安区,116.672518,23.466256,WGS84
445122,445100,COUNTY,广东省,潮州市,饶平县,广东省潮州市饶平县,116.999789,23.665866,WGS84
445200,440000,CITY,广东省,揭阳市,,广东省揭阳市,116.368028,23.553371,WGS84
445202,445200,COUNTY,广东省,揭阳市,榕城区,广东省揭阳市榕城区,116.362446,23.528329,WGS84
445203,445200,COUNTY,广东省,揭阳市,揭东区,广东省揭阳市揭东区,116.407202,23.569633,WGS84
445222,445200,COUNTY,广东省,揭阳市,揭西县,广东省揭阳市揭西县,115.837166,23.434000,WGS84
445224,445200,COUNTY,广东省,揭阳市,惠来县,广东省揭阳市惠来县,116.290499,23.036556,WGS84
445281,445200,COUNTY,广东省,揭阳市,普宁市,广东省揭阳市普宁市,116.160963,23.300226,WGS84
445300,440000,CITY,广东省,云浮市,,广东省云浮市,112.039216,22.917832,WGS84
445302,445300,COUNTY,广东省,云浮市,云城区,广东省云浮市云城区,112.038637,22.930815,WGS84
445303,445300,COUNTY,广东省,云浮市,云安区,广东省云浮市云安区,111.997748,23.073054,WGS84
445321,445300,COUNTY,广东省,云浮市,新兴县,广东省云浮市新兴县,112.220014,22.698753,WGS84
445322,445300,COUNTY,广东省,云浮市,郁南县,广东省云浮市郁南县,111.530278,23.237303,WGS84
445381,445300,COUNTY,广东省,云浮市,罗定市,广东省云浮市罗定市,111.564777,22.771344,WGS84
450000,,PROVINCE,广西壮族自治区,,,广西壮族自治区,108.323542,22.819419,WGS84
450100,450000,CITY,广西壮族自治区,南宁市,,广西壮族自治区南宁市,108.362341,22.820391,WGS84
450102,450100,COUNTY,广西壮族自治区,南宁市,兴宁区,广西壮族自治区南宁市兴宁区,108.364001,22.856215,WGS84
450103,450100,COUNTY,广西壮族自治区,南宁市,青秀区,广西壮族自治区南宁市青秀区,108.491276,22.788662,WGS84
450105,450100,COUNTY,广西壮族自治区,南宁市,江南区,广西壮族自治区南宁市江南区,108.269290,22.784017,WGS84
450107,450100,COUNTY,广西壮族自治区,南宁市,西乡塘区,广西壮族自治区南宁市西乡塘区,108.309470,22.836632,WGS84
450108,450100,COUNTY,广西壮族自治区,南宁市,良庆区,广西壮族自治区南宁市良庆区,108.389798,22.756297,WGS84
450109,450100,COUNTY,广西壮族自治区,南宁市,邕宁区,广西壮族自治区南宁市邕宁区,108.483487,22.761448,WGS84
450110,450100,COUNTY,广西壮族自治区,南宁市,武鸣区,广西壮族自治区南宁市武鸣区,108.270932,23.161955,WGS84
450123,450100,COUNTY,广西壮族自治区,南宁市,隆安县,广西壮族自治区南宁市隆安县,107.691715,23.169122,WGS84
450124,450100,COUNTY,广西壮族自治区,南宁市,马山县,广西壮族自治区南宁市马山县,108.173688,23.711010,WGS84
450125,450100,COUNTY,广西壮族自治区,南宁市,上林县,广西壮族自治区南宁市上林县,108.601336,23.435268,WGS84
450126,450100,COUNTY,广西壮族自治区,南宁市,宾阳县,广西壮族自治区南宁市宾阳县,108.806375,23.220506,WGS84
450181,450100,COUNTY,广西壮族自治区,南宁市,横州市,广西壮族自治区南宁市横州市,109.258201,22.684135,WGS84
450200,450000,CITY,广西壮族自治区,柳州市,,广西壮族自治区柳州市,109.423467,24.329138,WGS84
450202,450200,COUNTY,广西壮族自治区,柳州市,城中区,广西壮族自治区柳州市城中区,109.422791,24.369671,WGS84
450203,450200,COUNTY,广西壮族自治区,柳州市,鱼峰区,广西壮族自治区柳州市鱼峰区,109.448209,24.321007,WGS84
450204,450200,COUNTY,广西壮族自治区,柳州市,柳南区,广西壮族自治区柳州市柳南区,109.380915,24.338928,WGS84
450205,450200,COUNTY,广西壮族自治区,柳州市,柳北区,广西壮族自治区柳州市柳北区,109.397402,24.365308,WGS84
450206,450200,COUNTY,广西壮族自治区,柳州市,柳江区,广西壮族自治区柳州市柳江区,109.321909,24.258410,WGS84
450222,450200,COUNTY,广西壮族自治区,柳州市,柳城县,广西壮族自治区柳州市柳城县,109.240216,24.652911,WGS84
450223,450200,COUNTY,广西壮族自治区,柳州市,鹿寨县,广西壮族自治区柳州市鹿寨县,109.746040,24.475801,WGS84
450224,450200,COUNTY,广西壮族自治区,柳州市,融安县,广西壮族自治区柳州市融安县,109.392882,25.227238,WGS84
450225,450200,COUNTY,广西壮族自治区,柳州市,融水苗族自治县,广西壮族自治区柳州市融水苗族自治县,109.252230,25.069507,WGS84
450226,450200,COUNTY,广西壮族自治区,柳州市,三江侗族自治县,广西壮族自治区柳州市三江侗族自治县,109.603328,25.786428,WGS84
450300,450000,CITY,广西壮族自治区,桂林市,,广西壮族自治区桂林市,110.175118,25.238391,WGS84
450302,450300,COUNTY,广西壮族自治区,桂林市,秀峰区,广西壮族自治区桂林市秀峰区,110.259552,25.276817,WGS84
450303,450300,COUNTY,广西壮族自治区,桂林市,叠彩区,广西壮族自治区桂林市叠彩区,110.296889,25.316986,WGS84
450304,450300,COUNTY,广西壮族自治区,桂林市,象山区,广西壮族自治区桂林市象山区,110.276658,25.264436,WGS84
450305,450300,COUNTY,广西壮族自治区,桂林市,七星区,广西壮族自治区桂林市七星区,110.312947,25.255891,WGS84
450311,450300,COUNTY,广西壮族自治区,桂林市,雁山区,广西壮族自治区桂林市雁山区,110.282049,25.104649,WGS84
450312,450300,COUNTY,广西壮族自治区,桂林市,临桂区,广西壮族自治区桂林市临桂区,110.207850,25.241388,WGS84
450321,450300,COUNTY,广西壮族自治区,桂林市,阳朔县,广西壮族自治区桂林市阳朔县,110.491692,24.781667,WGS84
450323,450300,COUNTY,广西壮族自治区,桂林市,灵川县,广西壮族自治区桂林市灵川县,110.315194,25.397608,WGS84
450324,450300,COUNTY,广西壮族自治区,桂林市,全州县,广西壮族自治区桂林市全州县,111.081788,25.952352,WGS84
450325,450300,COUNTY,广西壮族自治区,桂林市,兴安县,广西壮族自治区桂林市兴安县,110.667389,25.615622,WGS84
450326,450300,COUNTY,广西壮族自治区,桂林市,永福县,广西壮族自治区桂林市永福县,109.983044,24.977347,WGS84
450327,450300,COUNTY,广西壮族自治区,桂林市,灌阳县,广西壮族自治区桂林市灌阳县,111.155494,25.492186,WGS84
450328,450300,COUNTY,广西壮族自治区,桂林市,龙胜各族自治县,广西壮族自治区桂林市龙胜各族自治县,110.007069,25.801060,WGS84
450329,450300,COUNTY,广西壮族自治区,桂林市,资源县,广西壮族自治区桂林市资源县,110.648012,26.045800,WGS84
450330,450300,COUNTY,广西壮族自治区,桂林市,平乐县,广西壮族自治区桂林市平乐县,110.628400,24.625891,WGS84
450332,450300,COUNTY,广西壮族自治区,桂林市,恭城瑶族自治县,广西壮族自治区桂林市恭城瑶族自治县,110.823699,24.834565,WGS84
450381,450300,COUNTY,广西壮族自治区,桂林市,荔浦市,广西壮族自治区桂林市荔浦市,110.390503,24.491148,WGS84
450400,450000,CITY,广西壮族自治区,梧州市,,广西壮族自治区梧州市,111.273923,23.479329,WGS84
450403,450400,COUNTY,广西壮族自治区,梧州市,万秀区,广西壮族自治区梧州市万秀区,111.312881,23.473084,WGS84
450405,450400,COUNTY,广西壮族自治区,梧州市,长洲区,广西壮族自治区梧州市长洲区,111.269184,23.488879,WGS84
450406,450400,COUNTY,广西壮族自治区,梧州市,龙圩区,广西壮族自治区梧州市龙圩区,111.242451,23.417481,WGS84
450421,450400,COUNTY,广西壮族自治区,梧州市,苍梧县,广西壮族自治区梧州市苍梧县,111.542123,23.870999,WGS84
450422,450400,COUNTY,广西壮族自治区,梧州市,藤县,广西壮族自治区梧州市藤县,110.910019,23.378344,WGS84
450423,450400,COUNTY,广西壮族自治区,梧州市,蒙山县,广西壮族自治区梧州市蒙山县,110.520506,24.196443,WGS84
450481,450400,COUNTY,广西壮族自治区,梧州市,岑溪市,广西壮族自治区梧州市岑溪市,110.990160,22.921143,WGS84
450500,450000,CITY,广西壮族自治区,北海市,,广西壮族自治区北海市,109.115954,21.483690,WGS84
450502,450500,COUNTY,广西壮族自治区,北海市,海城区,广西壮族自治区北海市海城区,109.112962,21.477295,WGS84
450503,450500,COUNTY,广西壮族自治区,北海市,银海区,广西壮族自治区北海市银海区,109.135408,21.452129,WGS84
450512,450500,COUNTY,广西壮族自治区,北海市,铁山港区,广西壮族自治区北海市铁山港区,109.417652,21.532270,WGS84
450521,450500,COUNTY,广西壮族自治区,北海市,合浦县,广西壮族自治区北海市合浦县,109.203032,21.663895,WGS84
450600,450000,CITY,广西壮族自治区,防城港市,,广西壮族自治区防城港市,108.350681,21.689225,WGS84
450602,450600,COUNTY,广西壮族自治区,防城港市,港口区,广西壮族自治区防城港市港口区,108.376250,21.645867,WGS84
450603,450600,COUNTY,广西壮族自治区,防城港市,防城区,广西壮族自治区防城港市防城区,108.349986,21.771354,WGS84
450621,450600,COUNTY,广西壮族自治区,防城港市,上思县,广西壮族自治区防城港市上思县,107.979739,22.156571,WGS84
450681,450600,COUNTY,广西壮族自治区,防城港市,东兴市,广西壮族自治区防城港市东兴市,107.968001,21.550500,WGS84
450700,450000,CITY,广西壮族自治区,钦州市,,广西壮族自治区钦州市,108.650606,21.983787,WGS84
450702,450700,COUNTY,广西壮族自治区,钦州市,钦南区,广西壮族自治区钦州市钦南区,108.653673,21.943307,WGS84
450703,450700,COUNTY,广西壮族自治区,钦州市,钦北区,广西壮族自治区钦州市钦北区,108.635018,22.005328,WGS84
450721,450700,COUNTY,广西壮族自治区,钦州市,灵山县,广西壮族自治区钦州市灵山县,109.286426,22.419546,WGS84
450722,450700,COUNTY,广西壮族自治区,钦州市,浦北县,广西壮族自治区钦州市浦北县,109.552046,22.274910,WGS84
450800,450000,CITY,广西壮族自治区,贵港市,,广西壮族自治区贵港市,109.594712,23.114720,WGS84
450802,450800,COUNTY,广西壮族自治区,贵港市,港北区,广西壮族自治区贵港市港北区,109.568020,23.114240,WGS84
450803,450800,COUNTY,广西壮族自治区,贵港市,港南区,广西壮族自治区贵港市港南区,109.595168,23.078731,WGS84
450804,450800,COUNTY,广西壮族自治区,贵港市,覃塘区,广西壮族自治区贵港市覃塘区,109.448166,23.129976,WGS84
450821,450800,COUNTY,广西壮族自治区,贵港市,平南县,广西壮族自治区贵港市平南县,110.387821,23.542845,WGS84
450881,450800,COUNTY,广西壮族自治区,贵港市,桂平市,广西壮族自治区贵港市桂平市,110.074704,23.396661,WGS84
450900,450000,CITY,广西壮族自治区,玉林市,,广西壮族自治区玉林市,110.176494,22.656794,WGS84
450902,450900,COUNTY,广西壮族自治区,玉林市,玉州区,广西壮族自治区玉林市玉州区,110.146184,22.631219,WGS84
450903,450900,COUNTY,广西壮族自治区,玉林市,福绵区,广西壮族自治区玉林市福绵区,110.055031,22.588063,WGS84
450921,450900,COUNTY,广西壮族自治区,玉林市,容县,广西壮族自治区玉林市容县,110.553746,22.861395,WGS84
450922,450900,COUNTY,广西壮族自治区,玉林市,陆川县,广西壮族自治区玉林市陆川县,110.259744,22.324438,WGS84
450923,450900,COUNTY,广西壮族自治区,玉林市,博白县,广西壮族自治区玉林市博白县,109.971584,22.276489,WGS84
450924,450900,COUNTY,广西壮族自治区,玉林市,兴业县,广西壮族自治区玉林市兴业县,109.871012,22.739421,WGS84
450981,450900,COUNTY,广西壮族自治区,玉林市,北流市,广西壮族自治区玉林市北流市,110.349208,22.711147,WGS84
451000,450000,CITY,广西壮族自治区,百色市,,广西壮族自治区百色市,106.615283,23.905978,WGS84
451002,451000,COUNTY,广西壮族自治区,百色市,右江区,广西壮族自治区百色市右江区,106.614745,23.903711,WGS84
451003,451000,COUNTY,广西壮族自治区,百色市,田阳区,广西壮族自治区百色市田阳区,106.911836,23.738485,WGS84
451022,451000,COUNTY,广西壮族自治区,百色市,田东县,广西壮族自治区百色市田东县,107.121497,23.599176,WGS84
451024,451000,COUNTY,广西壮族自治区,百色市,德保县,广西壮族自治区百色市德保县,106.611712,23.326933,WGS84
451026,451000,COUNTY,广西壮族自治区,百色市,那坡县,广西壮族自治区百色市那坡县,105.829090,23.390755,WGS84
451027,451000,COUNTY,广西壮族自治区,百色市,凌云县,广西壮族自治区百色市凌云县,106.557710,24.350497,WGS84
451028,451000,COUNTY,广西壮族自治区,百色市,乐业县,广西壮族自治区百色市乐业县,106.553106,24.779896,WGS84
451029,451000,COUNTY,广西壮族自治区,百色市,田林县,广西壮族自治区百色市田林县,106.225252,24.297506,WGS84
451030,451000,COUNTY,广西壮族自治区,百色市,西林县,广西壮族自治区百色市西林县,105.094165,24.510387,WGS84
451031,451000,COUNTY,广西壮族自治区,百色市,隆林各族自治县,广西壮族自治区百色市隆林各族自治县,105.340556,24.773487,WGS84
451081,451000,COUNTY,广西壮族自治区,百色市,靖西市,广西壮族自治区百色市靖西市,106.413996,23.136924,WGS84
451082,451000,COUNTY,广西壮族自治区,百色市,平果市,广西壮族自治区百色市平果市,107.585885,23.332655,WGS84
451100,450000,CITY,广西壮族自治区,贺州市,,广西壮族自治区贺州市,111.562096,24.407212,WGS84
451102,451100,COUNTY,广西壮族自治区,贺州市,八步区,广西壮族自治区贺州市八步区,111.546882,24.414826,WGS84
451103,451100,COUNTY,广西壮族自治区,贺州市,平桂区,广西壮族自治区贺州市平桂区,111.474494,24.455904,WGS84
451121,451100,COUNTY,广西壮族自治区,贺州市,昭平县,广西壮族自治区贺州市昭平县,110.806468,24.172533,WGS84
451122,451100,COUNTY,广西壮族自治区,贺州市,钟山县,广西壮族自治区贺州市钟山县,111.297868,24.528898,WGS84
451123,451100,COUNTY,广西壮族自治区,贺州市,富川瑶族自治县,广西壮族自治区贺州市富川瑶族自治县,111.290792,24.814467,WGS84
451200,450000,CITY,广西壮族自治区,河池市,,广西壮族自治区河池市,108.632547,24.488307,WGS84
451202,451200,COUNTY,广西壮族自治区,河池市,金城江区,广西壮族自治区河池市金城江区,108.080915,24.695620,WGS84
451203,451200,COUNTY,广西壮族自治区,河池市,宜州区,广西壮族自治区河池市宜州区,108.607491,24.504083,WGS84
451221,451200,COUNTY,广西壮族自治区,河池市,南丹县,广西壮族自治区河池市南丹县,107.536527,24.978081,WGS84
451222,451200,COUNTY,广西壮族自治区,河池市,天峨县,广西壮族自治区河池市天峨县,107.168149,25.001991,WGS84
451223,451200,COUNTY,广西壮族自治区,河池市,凤山县,广西壮族自治区河池市凤山县,107.038121,24.549744,WGS84
451224,451200,COUNTY,广西壮族自治区,河池市,东兰县,广西壮族自治区河池市东兰县,107.369980,24.513465,WGS84
451225,451200,COUNTY,广西壮族自治区,河池市,罗城仫佬族自治县,广西壮族自治区河池市罗城仫佬族自治县,108.900661,24.780608,WGS84
451226,451200,COUNTY,广西壮族自治区,河池市,环江毛南族自治县,广西壮族自治区河池市环江毛南族自治县,108.254406,24.828845,WGS84
451227,451200,COUNTY,广西壮族自治区,河池市,巴马瑶族自治县,广西壮族自治区河池市巴马瑶族自治县,107.254641,24.145039,WGS84
451228,451200,COUNTY,广西壮族自治区,河池市,都安瑶族自治县,广西壮族自治区河池市都安瑶族自治县,108.101019,23.935246,WGS84
451229,451200,COUNTY,广西壮族自治区,河池市,大化瑶族自治县,广西壮族自治区河池市大化瑶族自治县,107.994140,23.738378,WGS84
451300,450000,CITY,广西壮族自治区,来宾市,,广西壮族自治区来宾市,109.216938,23.752740,WGS84
451302,451300,COUNTY,广西壮族自治区,来宾市,兴宾区,广西壮族自治区来宾市兴宾区,109.178936,23.730215,WGS84
451321,451300,COUNTY,广西壮族自治区,来宾市,忻城县,广西壮族自治区来宾市忻城县,108.661759,24.069068,WGS84
451322,451300,COUNTY,广西壮族自治区,来宾市,象州县,广西壮族自治区来宾市象州县,109.700444,23.976606,WGS84
451323,451300,COUNTY,广西壮族自治区,来宾市,武宣县,广西壮族自治区来宾市武宣县,109.658854,23.597185,WGS84
451324,451300,COUNTY,广西壮族自治区,来宾市,金秀瑶族自治县,广西壮族自治区来宾市金秀瑶族自治县,110.185809,24.133234,WGS84
451381,451300,COUNTY,广西壮族自治区,来宾市,合山市,广西壮族自治区来宾市合山市,108.881930,23.809883,WGS84
451400,450000,CITY,广西壮族自治区,崇左市,,广西壮族自治区崇左市,107.360825,22.379895,WGS84
451402,451400,COUNTY,广西壮族自治区,崇左市,江州区,广西壮族自治区崇左市江州区,107.349568,22.408868,WGS84
451421,451400,COUNTY,广西壮族自治区,崇左市,扶绥县,广西壮族自治区崇左市扶绥县,107.900090,22.638627,WGS84
451422,451400,COUNTY,广西壮族自治区,崇左市,宁明县,广西壮族自治区崇左市宁明县,107.072392,22.142913,WGS84
451423,451400,COUNTY,广西壮族自治区,崇左市,龙州县,广西壮族自治区崇左市龙州县,106.850471,22.346632,WGS84
451424,451400,COUNTY,广西壮族自治区,崇左市,大新县,广西壮族自治区崇左市大新县,107.196671,22.832087,WGS84
451425,451400,COUNTY,广西壮族自治区,崇左市,天等县,广西壮族自治区崇左市天等县,107.139466,23.083413,WGS84
451481,451400,COUNTY,广西壮族自治区,崇左市,凭祥市,广西壮族自治区崇左市凭祥市,106.763114,22.097249,WGS84
460000,,PROVINCE,海南省,,,海南省,110.344382,20.020652,WGS84
460100,460000,CITY,海南省,海口市,,海南省海口市,110.195863,20.048427,WGS84
460105,460100,COUNTY,海南省,海口市,秀英区,海南省海口市秀英区,110.289281,20.009804,WGS84
460106,460100,COUNTY,海南省,海口市,龙华区,海南省海口市龙华区,110.324272,20.032904,WGS84
460107,460100,COUNTY,海南省,海口市,琼山区,海南省海口市琼山区,110.379858,19.986227,WGS84
460108,460100,COUNTY,海南省,海口市,美兰区,海南省海口市美兰区,110.361924,20.030976,WGS84
460200,460000,CITY,海南省,三亚市,,海南省三亚市,109.507612,18.254558,WGS84
460202,460200,COUNTY,海南省,三亚市,海棠区,海南省三亚市海棠区,109.731521,18.385893,WGS84
460203,460200,COUNTY,海南省,三亚市,吉阳区,海南省三亚市吉阳区,109.574282,18.283312,WGS84
460204,460200,COUNTY,海南省,三亚市,天涯区,海南省三亚市天涯区,109.448075,18.300522,WGS84
460205,460200,COUNTY,海南省,三亚市,崖州区,海南省三亚市崖州区,109.168210,18.359175,WGS84
460300,460000,CITY,海南省,三沙市,,海南省三沙市,112.333746,16.832644,WGS84
460302,460300,COUNTY,海南省,三沙市,西沙区,海南省三沙市西沙区,112.342042,16.835994,WGS84
460303,460300,COUNTY,海南省,三沙市,南沙区,海南省三沙市南沙区,112.891873,9.550535,WGS84
460400,460000,CITY,海南省,儋州市,,海南省儋州市,109.576799,19.522919,WGS84
469001,460000,COUNTY,海南省,,五指山市,海南省五指山市,109.512677,18.776611,WGS84
469002,460000,COUNTY,海南省,,琼海市,海南省琼海市,110.470164,19.260748,WGS84
469005,460000,COUNTY,海南省,,文昌市,海南省文昌市,110.793033,19.546068,WGS84
469006,460000,COUNTY,海南省,,万宁市,海南省万宁市,110.388197,18.795257,WGS84
469007,460000,COUNTY,海南省,,东方市,海南省东方市,108.648219,19.097050,WGS84
469021,460000,COUNTY,海南省,,定安县,海南省定安县,110.353600,19.682953,WGS84
469022,460000,COUNTY,海南省,,屯昌县,海南省屯昌县,110.097265,19.353215,WGS84
469023,460000,COUNTY,海南省,,澄迈县,海南省澄迈县,110.003260,19.740794,WGS84
469024,460000,COUNTY,海南省,,临高县,海南省临高县,109.686346,19.914145,WGS84
469025,460000,COUNTY,海南省,,白沙黎族自治县,海南省白沙黎族自治县,109.438590,19.223209,WGS84
469026,460000,COUNTY,海南省,,昌江黎族自治县,海南省昌江黎族自治县,109.051679,19.299734,WGS84
469027,460000,COUNTY,海南省,,乐东黎族自治县,海南省乐东黎族自治县,109.169279,18.751711,WGS84
469028,460000,COUNTY,海南省,,陵水黎族自治县,海南省陵水黎族自治县,110.033287,18.507682,WGS84
469029,460000,COUNTY,海南省,,保亭黎族苗族自治县,海南省保亭黎族苗族自治县,109.696160,18.642135,WGS84
469030,460000,COUNTY,海南省,,琼中黎族苗族自治县,海南省琼中黎族苗族自治县,109.834339,19.035100,WGS84
500000,,PROVINCE,重庆市,,,重庆市,106.548063,29.565521,WGS84
500100,500000,CITY,重庆市,重庆城区,,重庆市重庆城区,106.501117,29.535880,WGS84
500101,500100,COUNTY,重庆市,重庆城区,万州区,重庆市重庆城区万州区,108.404000,30.809881,WGS84
500102,500100,COUNTY,重庆市,重庆城区,涪陵区,重庆市重庆城区涪陵区,107.242163,29.755129,WGS84
500103,500100,COUNTY,重庆市,重庆城区,渝中区,重庆市重庆城区渝中区,106.565258,29.555517,WGS84
500104,500100,COUNTY,重庆市,重庆城区,大渡口区,重庆市重庆城区大渡口区,106.478391,29.487142,WGS84
500106,500100,COUNTY,重庆市,重庆城区,沙坪坝区,重庆市重庆城区沙坪坝区,106.452965,29.543608,WGS84
500107,500100,COUNTY,重庆市,重庆城区,九龙坡区,重庆市重庆城区九龙坡区,106.506689,29.505079,WGS84
500108,500100,COUNTY,重庆市,重庆城区,南岸区,重庆市重庆城区南岸区,106.640503,29.503973,WGS84
500109,500100,COUNTY,重庆市,重庆城区,北碚区,重庆市重庆城区北碚区,106.391564,29.807676,WGS84
500110,500100,COUNTY,重庆市,重庆城区,綦江区,重庆市重庆城区綦江区,106.647473,29.031301,WGS84
500111,500100,COUNTY,重庆市,重庆城区,大足区,重庆市重庆城区大足区,105.718207,29.710258,WGS84
500113,500100,COUNTY,重庆市,重庆城区,巴南区,重庆市重庆城区巴南区,106.536864,29.405235,WGS84
500114,500100,COUNTY,重庆市,重庆城区,黔江区,重庆市重庆城区黔江区,108.766303,29.536305,WGS84
500115,500100,COUNTY,重庆市,重庆城区,长寿区,重庆市重庆城区长寿区,107.076488,29.860389,WGS84
500116,500100,COUNTY,重庆市,重庆城区,江津区,重庆市重庆城区江津区,106.260682,29.322816,WGS84
500117,500100,COUNTY,重庆市,重庆城区,合川区,重庆市重庆城区合川区,106.272367,29.974615,WGS84
500118,500100,COUNTY,重庆市,重庆城区,永川区,重庆市重庆城区永川区,105.923467,29.359375,WGS84
500119,500100,COUNTY,重庆市,重庆城区,南川区,重庆市重庆城区南川区,107.094712,29.160631,WGS84
500120,500100,COUNTY,重庆市,重庆城区,璧山区,重庆市重庆城区璧山区,106.201086,29.580123,WGS84
500151,500100,COUNTY,重庆市,重庆城区,铜梁区,重庆市重庆城区铜梁区,106.052367,29.847772,WGS84
500152,500100,COUNTY,重庆市,重庆城区,潼南区,重庆市重庆城区潼南区,105.836905,30.193849,WGS84
500153,500100,COUNTY,重庆市,重庆城区,荣昌区,重庆市重庆城区荣昌区,105.608441,29.419862,WGS84
500154,500100,COUNTY,重庆市,重庆城区,开州区,重庆市重庆城区开州区,108.388747,31.162482,WGS84
500155,500100,COUNTY,重庆市,重庆城区,梁平区,重庆市重庆城区梁平区,107.765059,30.656768,WGS84
500156,500100,COUNTY,重庆市,重庆城区,武隆区,重庆市重庆城区武隆区,107.755531,29.328518,WGS84
500157,500100,COUNTY,重庆市,重庆城区,两江新区,重庆市重庆城区两江新区,106.562316,29.645569,WGS84
500200,500000,CITY,重庆市,重庆郊县,,重庆市重庆郊县,108.165825,29.294686,WGS84
500229,500200,COUNTY,重庆市,重庆郊县,城口县,重庆市重庆郊县城口县,108.659981,31.949605,WGS84
500230,500200,COUNTY,重庆市,重庆郊县,丰都县,重庆市重庆郊县丰都县,107.726603,29.866434,WGS84
500231,500200,COUNTY,重庆市,重庆郊县,垫江县,重庆市重庆郊县垫江县,107.327965,30.330083,WGS84
500233,500200,COUNTY,重庆市,重庆郊县,忠县,重庆市重庆郊县忠县,108.033546,30.302343,WGS84
500235,500200,COUNTY,重庆市,重庆郊县,云阳县,重庆市重庆郊县云阳县,108.693120,30.933054,WGS84
500236,500200,COUNTY,重庆市,重庆郊县,奉节县,重庆市重庆郊县奉节县,109.395992,31.020630,WGS84
500237,500200,COUNTY,重庆市,重庆郊县,巫山县,重庆市重庆郊县巫山县,109.874250,31.077220,WGS84
500238,500200,COUNTY,重庆市,重庆郊县,巫溪县,重庆市重庆郊县巫溪县,109.565289,31.400915,WGS84
500240,500200,COUNTY,重庆市,重庆郊县,石柱土家族自治县,重庆市重庆郊县石柱土家族自治县,108.109670,30.001514,WGS84
500241,500200,COUNTY,重庆市,重庆郊县,秀山土家族苗族自治县,重庆市重庆郊县秀山土家族苗族自治县,109.002645,28.451611,WGS84
500242,500200,COUNTY,重庆市,重庆郊县,酉阳土家族苗族自治县,重庆市重庆郊县酉阳土家族苗族自治县,108.762932,28.844576,WGS84
500243,500200,COUNTY,重庆市,重庆郊县,彭水苗族土家族自治县,重庆市重庆郊县彭水苗族土家族自治县,108.161130,29.296459,WGS84
510000,,PROVINCE,四川省,,,四川省,104.073931,30.654109,WGS84
510100,510000,CITY,四川省,成都市,,四川省成都市,104.063801,30.575418,WGS84
510104,510100,COUNTY,四川省,成都市,锦江区,四川省成都市锦江区,104.114726,30.601153,WGS84
510105,510100,COUNTY,四川省,成都市,青羊区,四川省成都市青羊区,104.059918,30.677005,WGS84
510106,510100,COUNTY,四川省,成都市,金牛区,四川省成都市金牛区,104.049763,30.693793,WGS84
510107,510100,COUNTY,四川省,成都市,武侯区,四川省成都市武侯区,104.040800,30.644325,WGS84
510108,510100,COUNTY,四川省,成都市,成华区,四川省成都市成华区,104.098910,30.662362,WGS84
510112,510100,COUNTY,四川省,成都市,龙泉驿区,四川省成都市龙泉驿区,104.272970,30.559418,WGS84
510113,510100,COUNTY,四川省,成都市,青白江区,四川省成都市青白江区,104.248958,30.881066,WGS84
510114,510100,COUNTY,四川省,成都市,新都区,四川省成都市新都区,104.156099,30.825943,WGS84
510115,510100,COUNTY,四川省,成都市,温江区,四川省成都市温江区,103.854306,30.684672,WGS84
510116,510100,COUNTY,四川省,成都市,双流区,四川省成都市双流区,103.921336,30.577678,WGS84
510117,510100,COUNTY,四川省,成都市,郫都区,四川省成都市郫都区,103.898406,30.797815,WGS84
510118,510100,COUNTY,四川省,成都市,新津区,四川省成都市新津区,103.808714,30.413128,WGS84
510121,510100,COUNTY,四川省,成都市,金堂县,四川省成都市金堂县,104.409196,30.864320,WGS84
510129,510100,COUNTY,四川省,成都市,大邑县,四川省成都市大邑县,103.510125,30.575658,WGS84
510131,510100,COUNTY,四川省,成都市,蒲江县,四川省成都市蒲江县,103.504341,30.200264,WGS84
510181,510100,COUNTY,四川省,成都市,都江堰市,四川省成都市都江堰市,103.645117,30.991317,WGS84
510182,510100,COUNTY,四川省,成都市,彭州市,四川省成都市彭州市,103.955535,30.992992,WGS84
510183,510100,COUNTY,四川省,成都市,邛崃市,四川省成都市邛崃市,103.461911,30.412852,WGS84
510184,510100,COUNTY,四川省,成都市,崇州市,四川省成都市崇州市,103.670902,30.632878,WGS84
510185,510100,COUNTY,四川省,成都市,简阳市,四川省成都市简阳市,104.545250,30.413717,WGS84
510300,510000,CITY,四川省,自贡市,,四川省自贡市,104.776611,29.342096,WGS84
510302,510300,COUNTY,四川省,自贡市,自流井区,四川省自贡市自流井区,104.774486,29.340150,WGS84
510303,510300,COUNTY,四川省,自贡市,贡井区,四川省自贡市贡井区,104.701594,29.336652,WGS84
510304,510300,COUNTY,四川省,自贡市,大安区,四川省自贡市大安区,104.771285,29.366547,WGS84
510311,510300,COUNTY,四川省,自贡市,沿滩区,四川省自贡市沿滩区,104.871199,29.275131,WGS84
510321,510300,COUNTY,四川省,自贡市,荣县,四川省自贡市荣县,104.414828,29.448068,WGS84
510322,510300,COUNTY,四川省,自贡市,富顺县,四川省自贡市富顺县,104.972353,29.184808,WGS84
510400,510000,CITY,四川省,攀枝花市,,四川省攀枝花市,101.727534,26.562201,WGS84
510402,510400,COUNTY,四川省,攀枝花市,东区,四川省攀枝花市东区,101.702577,26.550068,WGS84
510403,510400,COUNTY,四川省,攀枝花市,西区,四川省攀枝花市西区,101.629135,26.601419,WGS84
510411,510400,COUNTY,四川省,攀枝花市,仁和区,四川省攀枝花市仁和区,101.737030,26.501333,WGS84
510421,510400,COUNTY,四川省,攀枝花市,米易县,四川省攀枝花市米易县,102.109375,26.899718,WGS84
510422,510400,COUNTY,四川省,攀枝花市,盐边县,四川省攀枝花市盐边县,101.852615,26.686305,WGS84
510500,510000,CITY,四川省,泸州市,,四川省泸州市,105.438270,28.874009,WGS84
510502,510500,COUNTY,四川省,泸州市,江阳区,四川省泸州市江阳区,105.431380,28.881824,WGS84
510503,510500,COUNTY,四川省,泸州市,纳溪区,四川省泸州市纳溪区,105.367789,28.775984,WGS84
510504,510500,COUNTY,四川省,泸州市,龙马潭区,四川省泸州市龙马潭区,105.434149,28.916248,WGS84
510521,510500,COUNTY,四川省,泸州市,泸县,四川省泸州市泸县,105.378300,29.154392,WGS84
510522,510500,COUNTY,四川省,泸州市,合江县,四川省泸州市合江县,105.827489,28.814595,WGS84
510524,510500,COUNTY,四川省,泸州市,叙永县,四川省泸州市叙永县,105.441223,28.158923,WGS84
510525,510500,COUNTY,四川省,泸州市,古蔺县,四川省泸州市古蔺县,105.809181,28.042247,WGS84
510600,510000,CITY,四川省,德阳市,,四川省德阳市,104.395115,31.129589,WGS84
510603,510600,COUNTY,四川省,德阳市,旌阳区,四川省德阳市旌阳区,104.414372,31.145469,WGS84
510604,510600,COUNTY,四川省,德阳市,罗江区,四川省德阳市罗江区,104.507934,31.319650,WGS84
510623,510600,COUNTY,四川省,德阳市,中江县,四川省德阳市中江县,104.676015,31.035728,WGS84
510681,510600,COUNTY,四川省,德阳市,广汉市,四川省德阳市广汉市,104.279784,30.979657,WGS84
510682,510600,COUNTY,四川省,德阳市,什邡市,四川省德阳市什邡市,104.164854,31.128770,WGS84
510683,510600,COUNTY,四川省,德阳市,绵竹市,四川省德阳市绵竹市,104.218264,31.341467,WGS84
510700,510000,CITY,四川省,绵阳市,,四川省绵阳市,104.676519,31.469954,WGS84
510703,510700,COUNTY,四川省,绵阳市,涪城区,四川省绵阳市涪城区,104.754128,31.457389,WGS84
510704,510700,COUNTY,四川省,绵阳市,游仙区,四川省绵阳市游仙区,104.763339,31.475984,WGS84
510705,510700,COUNTY,四川省,绵阳市,安州区,四川省绵阳市安州区,104.565124,31.536668,WGS84
510722,510700,COUNTY,四川省,绵阳市,三台县,四川省绵阳市三台县,105.090335,31.097974,WGS84
510723,510700,COUNTY,四川省,绵阳市,盐亭县,四川省绵阳市盐亭县,105.385741,31.210453,WGS84
510725,510700,COUNTY,四川省,绵阳市,梓潼县,四川省绵阳市梓潼县,105.167330,31.644708,WGS84
510726,510700,COUNTY,四川省,绵阳市,北川羌族自治县,四川省绵阳市北川羌族自治县,104.465514,31.619279,WGS84
510727,510700,COUNTY,四川省,绵阳市,平武县,四川省绵阳市平武县,104.553006,32.412124,WGS84
510781,510700,COUNTY,四川省,绵阳市,江油市,四川省绵阳市江油市,104.742848,31.780770,WGS84
510800,510000,CITY,四川省,广元市,,四川省广元市,105.840293,32.438168,WGS84
510802,510800,COUNTY,四川省,广元市,利州区,四川省广元市利州区,105.841598,32.436152,WGS84
510811,510800,COUNTY,四川省,广元市,昭化区,四川省广元市昭化区,105.953888,32.335579,WGS84
510812,510800,COUNTY,四川省,广元市,朝天区,四川省广元市朝天区,105.879179,32.653747,WGS84
510821,510800,COUNTY,四川省,广元市,旺苍县,四川省广元市旺苍县,106.286159,32.231316,WGS84
510822,510800,COUNTY,四川省,广元市,青川县,四川省广元市青川县,105.235064,32.578075,WGS84
510823,510800,COUNTY,四川省,广元市,剑阁县,四川省广元市剑阁县,105.521092,32.291028,WGS84
510824,510800,COUNTY,四川省,广元市,苍溪县,四川省广元市苍溪县,105.931122,31.734046,WGS84
510900,510000,CITY,四川省,遂宁市,,四川省遂宁市,105.589193,30.535473,WGS84
510903,510900,COUNTY,四川省,遂宁市,船山区,四川省遂宁市船山区,105.564940,30.528973,WGS84
510904,510900,COUNTY,四川省,遂宁市,安居区,四川省遂宁市安居区,105.452699,30.357615,WGS84
510921,510900,COUNTY,四川省,遂宁市,蓬溪县,四川省遂宁市蓬溪县,105.703847,30.760179,WGS84
510923,510900,COUNTY,四川省,遂宁市,大英县,四川省遂宁市大英县,105.233533,30.597060,WGS84
510981,510900,COUNTY,四川省,遂宁市,射洪市,四川省遂宁市射洪市,105.384676,30.873355,WGS84
511000,510000,CITY,四川省,内江市,,四川省内江市,105.054776,29.582792,WGS84
511002,511000,COUNTY,四川省,内江市,市中区,四川省内江市市中区,105.064344,29.589654,WGS84
511011,511000,COUNTY,四川省,内江市,东兴区,四川省内江市东兴区,105.072838,29.596078,WGS84
511024,511000,COUNTY,四川省,内江市,威远县,四川省内江市威远县,104.666546,29.530309,WGS84
511025,511000,COUNTY,四川省,内江市,资中县,四川省内江市资中县,104.849213,29.766240,WGS84
511083,511000,COUNTY,四川省,内江市,隆昌市,四川省内江市隆昌市,105.284183,29.342223,WGS84
511100,510000,CITY,四川省,乐山市,,四川省乐山市,103.763875,29.555029,WGS84
511102,511100,COUNTY,四川省,乐山市,市中区,四川省乐山市市中区,103.759118,29.558125,WGS84
511111,511100,COUNTY,四川省,乐山市,沙湾区,四川省乐山市沙湾区,103.548127,29.415350,WGS84
511112,511100,COUNTY,四川省,乐山市,五通桥区,四川省乐山市五通桥区,103.815886,29.409723,WGS84
511113,511100,COUNTY,四川省,乐山市,金口河区,四川省乐山市金口河区,103.076556,29.247096,WGS84
511123,511100,COUNTY,四川省,乐山市,犍为县,四川省乐山市犍为县,103.947155,29.211199,WGS84
511124,511100,COUNTY,四川省,乐山市,井研县,四川省乐山市井研县,104.067215,29.654203,WGS84
511126,511100,COUNTY,四川省,乐山市,夹江县,四川省乐山市夹江县,103.569343,29.741017,WGS84
511129,511100,COUNTY,四川省,乐山市,沐川县,四川省乐山市沐川县,103.900685,28.959717,WGS84
511132,511100,COUNTY,四川省,乐山市,峨边彝族自治县,四川省乐山市峨边彝族自治县,103.260073,29.233357,WGS84
511133,511100,COUNTY,四川省,乐山市,马边彝族自治县,四川省乐山市马边彝族自治县,103.544370,28.838877,WGS84
511181,511100,COUNTY,四川省,乐山市,峨眉山市,四川省乐山市峨眉山市,103.482379,29.603875,WGS84
511300,510000,CITY,四川省,南充市,,四川省南充市,106.106544,30.839514,WGS84
511302,511300,COUNTY,四川省,南充市,顺庆区,四川省南充市顺庆区,106.088313,30.799668,WGS84
511303,511300,COUNTY,四川省,南充市,高坪区,四川省南充市高坪区,106.114917,30.783598,WGS84
511304,511300,COUNTY,四川省,南充市,嘉陵区,四川省南充市嘉陵区,106.068093,30.761171,WGS84
511321,511300,COUNTY,四川省,南充市,南部县,四川省南充市南部县,106.032415,31.350366,WGS84
511322,511300,COUNTY,四川省,南充市,营山县,四川省南充市营山县,106.561730,31.079532,WGS84
511323,511300,COUNTY,四川省,南充市,蓬安县,四川省南充市蓬安县,106.408041,31.030701,WGS84
511324,511300,COUNTY,四川省,南充市,仪陇县,四川省南充市仪陇县,106.299153,31.273879,WGS84
511325,511300,COUNTY,四川省,南充市,西充县,四川省南充市西充县,105.897334,30.998106,WGS84
511381,511300,COUNTY,四川省,南充市,阆中市,四川省南充市阆中市,106.001209,31.560516,WGS84
511400,510000,CITY,四川省,眉山市,,四川省眉山市,103.846311,30.079931,WGS84
511402,511400,COUNTY,四川省,眉山市,东坡区,四川省眉山市东坡区,103.829732,30.044743,WGS84
511403,511400,COUNTY,四川省,眉山市,彭山区,四川省眉山市彭山区,103.870780,30.196131,WGS84
511421,511400,COUNTY,四川省,眉山市,仁寿县,四川省眉山市仁寿县,104.131437,29.998161,WGS84
511423,511400,COUNTY,四川省,眉山市,洪雅县,四川省眉山市洪雅县,103.362792,29.918369,WGS84
511424,511400,COUNTY,四川省,眉山市,丹棱县,四川省眉山市丹棱县,103.510748,30.017124,WGS84
511425,511400,COUNTY,四川省,眉山市,青神县,四川省眉山市青神县,103.844497,29.834120,WGS84
511500,510000,CITY,四川省,宜宾市,,四川省宜宾市,104.640450,28.755784,WGS84
511502,511500,COUNTY,四川省,宜宾市,翠屏区,四川省宜宾市翠屏区,104.617528,28.769985,WGS84
511503,511500,COUNTY,四川省,宜宾市,南溪区,四川省宜宾市南溪区,104.966349,28.849673,WGS84
511504,511500,COUNTY,四川省,宜宾市,叙州区,四川省宜宾市叙州区,104.530896,28.693478,WGS84
511523,511500,COUNTY,四川省,宜宾市,江安县,四川省宜宾市江安县,105.063782,28.726932,WGS84
511524,511500,COUNTY,四川省,宜宾市,长宁县,四川省宜宾市长宁县,104.918008,28.586419,WGS84
511525,511500,COUNTY,四川省,宜宾市,高县,四川省宜宾市高县,104.515373,28.439643,WGS84
511526,511500,COUNTY,四川省,宜宾市,珙县,四川省宜宾市珙县,104.706428,28.442976,WGS84
511527,511500,COUNTY,四川省,宜宾市,筠连县,四川省宜宾市筠连县,104.508778,28.171462,WGS84
511528,511500,COUNTY,四川省,宜宾市,兴文县,四川省宜宾市兴文县,105.233009,28.307109,WGS84
511529,511500,COUNTY,四川省,宜宾市,屏山县,四川省宜宾市屏山县,104.343662,28.831777,WGS84
511600,510000,CITY,四川省,广安市,,四川省广安市,106.628864,30.459135,WGS84
511602,511600,COUNTY,四川省,广安市,广安区,四川省广安市广安区,106.637825,30.476708,WGS84
511603,511600,COUNTY,四川省,广安市,前锋区,四川省广安市前锋区,106.882090,30.498837,WGS84
511621,511600,COUNTY,四川省,广安市,岳池县,四川省广安市岳池县,106.435991,30.541091,WGS84
511622,511600,COUNTY,四川省,广安市,武胜县,四川省广安市武胜县,106.292088,30.352103,WGS84
511623,511600,COUNTY,四川省,广安市,邻水县,四川省广安市邻水县,106.926264,30.337717,WGS84
511681,511600,COUNTY,四川省,广安市,华蓥市,四川省广安市华蓥市,106.779099,30.393082,WGS84
511700,510000,CITY,四川省,达州市,,四川省达州市,107.463111,31.211411,WGS84
511702,511700,COUNTY,四川省,达州市,通川区,四川省达州市通川区,107.500499,31.216901,WGS84
511703,511700,COUNTY,四川省,达州市,达川区,四川省达州市达川区,107.507206,31.198838,WGS84
511722,511700,COUNTY,四川省,达州市,宣汉县,四川省达州市宣汉县,107.722644,31.356035,WGS84
511723,511700,COUNTY,四川省,达州市,开江县,四川省达州市开江县,107.864270,31.085398,WGS84
511724,511700,COUNTY,四川省,达州市,大竹县,四川省达州市大竹县,107.200254,30.738679,WGS84
511725,511700,COUNTY,四川省,达州市,渠县,四川省达州市渠县,106.968976,30.839044,WGS84
511781,511700,COUNTY,四川省,达州市,万源市,四川省达州市万源市,108.029748,32.083823,WGS84
511800,510000,CITY,四川省,雅安市,,四川省雅安市,103.039568,30.012586,WGS84
511802,511800,COUNTY,四川省,雅安市,雨城区,四川省雅安市雨城区,103.030930,30.008328,WGS84
511803,511800,COUNTY,四川省,雅安市,名山区,四川省雅安市名山区,103.107132,30.072353,WGS84
511822,511800,COUNTY,四川省,雅安市,荥经县,四川省雅安市荥经县,102.844984,29.796089,WGS84
511823,511800,COUNTY,四川省,雅安市,汉源县,四川省雅安市汉源县,102.648995,29.347276,WGS84
511824,511800,COUNTY,四川省,雅安市,石棉县,四川省雅安市石棉县,102.356676,29.233761,WGS84
511825,511800,COUNTY,四川省,雅安市,天全县,四川省雅安市天全县,102.770093,30.059991,WGS84
511826,511800,COUNTY,四川省,雅安市,芦山县,四川省雅安市芦山县,102.932039,30.147943,WGS84
511827,511800,COUNTY,四川省,雅安市,宝兴县,四川省雅安市宝兴县,102.823224,30.255253,WGS84
511900,510000,CITY,四川省,巴中市,,四川省巴中市,106.743407,31.870036,WGS84
511902,511900,COUNTY,四川省,巴中市,巴州区,四川省巴中市巴州区,106.764719,31.853640,WGS84
511903,511900,COUNTY,四川省,巴中市,恩阳区,四川省巴中市恩阳区,106.630780,31.798809,WGS84
511921,511900,COUNTY,四川省,巴中市,通江县,四川省巴中市通江县,107.240526,31.913887,WGS84
511922,511900,COUNTY,四川省,巴中市,南江县,四川省巴中市南江县,106.824566,32.348942,WGS84
511923,511900,COUNTY,四川省,巴中市,平昌县,四川省巴中市平昌县,107.099009,31.562397,WGS84
512000,510000,CITY,四川省,资阳市,,四川省资阳市,104.624867,30.132086,WGS84
512002,512000,COUNTY,四川省,资阳市,雁江区,四川省资阳市雁江区,104.674277,30.110547,WGS84
512021,512000,COUNTY,四川省,资阳市,安岳县,四川省资阳市安岳县,105.351943,30.106155,WGS84
512022,512000,COUNTY,四川省,资阳市,乐至县,四川省资阳市乐至县,105.016725,30.278037,WGS84
513200,510000,CITY,四川省,阿坝藏族羌族自治州,,四川省阿坝藏族羌族自治州,102.222857,31.901671,WGS84
513201,513200,COUNTY,四川省,阿坝藏族羌族自治州,马尔康市,四川省阿坝藏族羌族自治州马尔康市,102.204709,31.908022,WGS84
513221,513200,COUNTY,四川省,阿坝藏族羌族自治州,汶川县,四川省阿坝藏族羌族自治州汶川县,103.588157,31.479267,WGS84
513222,513200,COUNTY,四川省,阿坝藏族羌族自治州,理县,四川省阿坝藏族羌族自治州理县,103.161162,31.437939,WGS84
513223,513200,COUNTY,四川省,阿坝藏族羌族自治州,茂县,四川省阿坝藏族羌族自治州茂县,103.851156,31.684060,WGS84
513224,513200,COUNTY,四川省,阿坝藏族羌族自治州,松潘县,四川省阿坝藏族羌族自治州松潘县,103.602199,32.658124,WGS84
513225,513200,COUNTY,四川省,阿坝藏族羌族自治州,九寨沟县,四川省阿坝藏族羌族自治州九寨沟县,104.240106,33.253881,WGS84
513226,513200,COUNTY,四川省,阿坝藏族羌族自治州,金川县,四川省阿坝藏族羌族自治州金川县,102.061980,31.478324,WGS84
513227,513200,COUNTY,四川省,阿坝藏族羌族自治州,小金县,四川省阿坝藏族羌族自治州小金县,102.361225,30.998096,WGS84
513228,513200,COUNTY,四川省,阿坝藏族羌族自治州,黑水县,四川省阿坝藏族羌族自治州黑水县,102.985761,32.071598,WGS84
513230,513200,COUNTY,四川省,阿坝藏族羌族自治州,壤塘县,四川省阿坝藏族羌族自治州壤塘县,100.977043,32.268215,WGS84
513231,513200,COUNTY,四川省,阿坝藏族羌族自治州,阿坝县,四川省阿坝藏族羌族自治州阿坝县,101.704778,32.904574,WGS84
513232,513200,COUNTY,四川省,阿坝藏族羌族自治州,若尔盖县,四川省阿坝藏族羌族自治州若尔盖县,102.965571,33.580327,WGS84
513233,513200,COUNTY,四川省,阿坝藏族羌族自治州,红原县,四川省阿坝藏族羌族自治州红原县,102.542871,32.793165,WGS84
513300,510000,CITY,四川省,甘孜藏族自治州,,四川省甘孜藏族自治州,101.960794,30.052344,WGS84
513301,513300,COUNTY,四川省,甘孜藏族自治州,康定市,四川省甘孜藏族自治州康定市,101.955369,30.001381,WGS84
513322,513300,COUNTY,四川省,甘孜藏族自治州,泸定县,四川省甘孜藏族自治州泸定县,102.233248,29.916808,WGS84
513323,513300,COUNTY,四川省,甘孜藏族自治州,丹巴县,四川省甘孜藏族自治州丹巴县,101.889057,30.881298,WGS84
513324,513300,COUNTY,四川省,甘孜藏族自治州,九龙县,四川省甘孜藏族自治州九龙县,101.505633,29.003495,WGS84
513325,513300,COUNTY,四川省,甘孜藏族自治州,雅江县,四川省甘孜藏族自治州雅江县,101.012811,30.034186,WGS84
513326,513300,COUNTY,四川省,甘孜藏族自治州,道孚县,四川省甘孜藏族自治州道孚县,101.123349,30.981766,WGS84
513327,513300,COUNTY,四川省,甘孜藏族自治州,炉霍县,四川省甘孜藏族自治州炉霍县,100.674762,31.393015,WGS84
513328,513300,COUNTY,四川省,甘孜藏族自治州,甘孜县,四川省甘孜藏族自治州甘孜县,99.990460,31.625010,WGS84
513329,513300,COUNTY,四川省,甘孜藏族自治州,新龙县,四川省甘孜藏族自治州新龙县,100.310262,30.941595,WGS84
513330,513300,COUNTY,四川省,甘孜藏族自治州,德格县,四川省甘孜藏族自治州德格县,98.580643,31.808588,WGS84
513331,513300,COUNTY,四川省,甘孜藏族自治州,白玉县,四川省甘孜藏族自治州白玉县,98.823492,31.212116,WGS84
513332,513300,COUNTY,四川省,甘孜藏族自治州,石渠县,四川省甘孜藏族自治州石渠县,98.102288,32.980701,WGS84
513333,513300,COUNTY,四川省,甘孜藏族自治州,色达县,四川省甘孜藏族自治州色达县,100.331615,32.270801,WGS84
513334,513300,COUNTY,四川省,甘孜藏族自治州,理塘县,四川省甘孜藏族自治州理塘县,100.267932,29.996958,WGS84
513335,513300,COUNTY,四川省,甘孜藏族自治州,巴塘县,四川省甘孜藏族自治州巴塘县,99.109489,30.007899,WGS84
513336,513300,COUNTY,四川省,甘孜藏族自治州,乡城县,四川省甘孜藏族自治州乡城县,99.796981,28.934327,WGS84
513337,513300,COUNTY,四川省,甘孜藏族自治州,稻城县,四川省甘孜藏族自治州稻城县,100.296144,29.040989,WGS84
513338,513300,COUNTY,四川省,甘孜藏族自治州,得荣县,四川省甘孜藏族自治州得荣县,99.285371,28.716431,WGS84
513400,510000,CITY,四川省,凉山彝族自治州,,四川省凉山彝族自治州,102.266219,27.884829,WGS84
513401,513400,COUNTY,四川省,凉山彝族自治州,西昌市,四川省凉山彝族自治州西昌市,102.262673,27.897848,WGS84
513402,513400,COUNTY,四川省,凉山彝族自治州,会理市,四川省凉山彝族自治州会理市,102.243318,26.658597,WGS84
513422,513400,COUNTY,四川省,凉山彝族自治州,木里藏族自治县,四川省凉山彝族自治州木里藏族自治县,101.278612,27.932179,WGS84
513423,513400,COUNTY,四川省,凉山彝族自治州,盐源县,四川省凉山彝族自治州盐源县,101.507433,27.426032,WGS84
513424,513400,COUNTY,四川省,凉山彝族自治州,德昌县,四川省凉山彝族自治州德昌县,102.174068,27.406153,WGS84
513426,513400,COUNTY,四川省,凉山彝族自治州,会东县,四川省凉山彝族自治州会东县,102.576707,26.638466,WGS84
513427,513400,COUNTY,四川省,凉山彝族自治州,宁南县,四川省凉山彝族自治州宁南县,102.750037,27.064912,WGS84
513428,513400,COUNTY,四川省,凉山彝族自治州,普格县,四川省凉山彝族自治州普格县,102.539545,27.379935,WGS84
513429,513400,COUNTY,四川省,凉山彝族自治州,布拖县,四川省凉山彝族自治州布拖县,102.807617,27.715562,WGS84
513430,513400,COUNTY,四川省,凉山彝族自治州,金阳县,四川省凉山彝族自治州金阳县,103.246878,27.700134,WGS84
513431,513400,COUNTY,四川省,凉山彝族自治州,昭觉县,四川省凉山彝族自治州昭觉县,102.838345,28.018870,WGS84
513432,513400,COUNTY,四川省,凉山彝族自治州,喜德县,四川省凉山彝族自治州喜德县,102.410751,28.309723,WGS84
513433,513400,COUNTY,四川省,凉山彝族自治州,冕宁县,四川省凉山彝族自治州冕宁县,102.174994,28.553476,WGS84
513434,513400,COUNTY,四川省,凉山彝族自治州,越西县,四川省凉山彝族自治州越西县,102.505974,28.643264,WGS84
513435,513400,COUNTY,四川省,凉山彝族自治州,甘洛县,四川省凉山彝族自治州甘洛县,102.769826,28.962287,WGS84
513436,513400,COUNTY,四川省,凉山彝族自治州,美姑县,四川省凉山彝族自治州美姑县,103.130326,28.331894,WGS84
513437,513400,COUNTY,四川省,凉山彝族自治州,雷波县,四川省凉山彝族自治州雷波县,103.569791,28.266836,WGS84
520000,,PROVINCE,贵州省,,,贵州省,106.701504,26.603870,WGS84
520100,520000,CITY,贵州省,贵阳市,,贵州省贵阳市,106.624642,26.650370,WGS84
520102,520100,COUNTY,贵州省,贵阳市,南明区,贵州省贵阳市南明区,106.710540,26.571580,WGS84
520103,520100,COUNTY,贵州省,贵阳市,云岩区,贵州省贵阳市云岩区,106.720606,26.608121,WGS84
520111,520100,COUNTY,贵州省,贵阳市,花溪区,贵州省贵阳市花溪区,106.666615,26.413378,WGS84
520112,520100,COUNTY,贵州省,贵阳市,乌当区,贵州省贵阳市乌当区,106.746866,26.634414,WGS84
520113,520100,COUNTY,贵州省,贵阳市,白云区,贵州省贵阳市白云区,106.619517,26.681614,WGS84
520115,520100,COUNTY,贵州省,贵阳市,观山湖区,贵州省贵阳市观山湖区,106.595454,26.619823,WGS84
520121,520100,COUNTY,贵州省,贵阳市,开阳县,贵州省贵阳市开阳县,106.960838,27.061369,WGS84
520122,520100,COUNTY,贵州省,贵阳市,息烽县,贵州省贵阳市息烽县,106.736568,27.093912,WGS84
520123,520100,COUNTY,贵州省,贵阳市,修文县,贵州省贵阳市修文县,106.588424,26.839724,WGS84
520181,520100,COUNTY,贵州省,贵阳市,清镇市,贵州省贵阳市清镇市,106.469366,26.576390,WGS84
520200,520000,CITY,贵州省,六盘水市,,贵州省六盘水市,104.827816,26.596153,WGS84
520201,520200,COUNTY,贵州省,六盘水市,钟山区,贵州省六盘水市钟山区,104.841196,26.578337,WGS84
520203,520200,COUNTY,贵州省,六盘水市,六枝特区,贵州省六盘水市六枝特区,105.473803,26.217655,WGS84
520204,520200,COUNTY,贵州省,六盘水市,水城区,贵州省六盘水市水城区,104.955219,26.551241,WGS84
520281,520200,COUNTY,贵州省,六盘水市,盘州市,贵州省六盘水市盘州市,104.469172,25.712844,WGS84
520300,520000,CITY,贵州省,遵义市,,贵州省遵义市,107.027742,27.725209,WGS84
520302,520300,COUNTY,贵州省,遵义市,红花岗区,贵州省遵义市红花岗区,106.889819,27.648328,WGS84
520303,520300,COUNTY,贵州省,遵义市,汇川区,贵州省遵义市汇川区,106.929897,27.753247,WGS84
520304,520300,COUNTY,贵州省,遵义市,播州区,贵州省遵义市播州区,106.825251,27.539174,WGS84
520322,520300,COUNTY,贵州省,遵义市,桐梓县,贵州省遵义市桐梓县,106.820790,28.136495,WGS84
520323,520300,COUNTY,贵州省,遵义市,绥阳县,贵州省遵义市绥阳县,107.187043,27.949376,WGS84
520324,520300,COUNTY,贵州省,遵义市,正安县,贵州省遵义市正安县,107.449947,28.556726,WGS84
520325,520300,COUNTY,贵州省,遵义市,道真仡佬族苗族自治县,贵州省遵义市道真仡佬族苗族自治县,107.608878,28.865893,WGS84
520326,520300,COUNTY,贵州省,遵义市,务川仡佬族苗族自治县,贵州省遵义市务川仡佬族苗族自治县,107.895219,28.566449,WGS84
520327,520300,COUNTY,贵州省,遵义市,凤冈县,贵州省遵义市凤冈县,107.712147,27.957838,WGS84
520328,520300,COUNTY,贵州省,遵义市,湄潭县,贵州省遵义市湄潭县,107.461053,27.752189,WGS84
520329,520300,COUNTY,贵州省,遵义市,余庆县,贵州省遵义市余庆县,107.901995,27.218699,WGS84
520330,520300,COUNTY,贵州省,遵义市,习水县,贵州省遵义市习水县,106.193410,28.336298,WGS84
520381,520300,COUNTY,贵州省,遵义市,赤水市,贵州省遵义市赤水市,105.693996,28.593887,WGS84
520382,520300,COUNTY,贵州省,遵义市,仁怀市,贵州省遵义市仁怀市,106.397410,27.795074,WGS84
520400,520000,CITY,贵州省,安顺市,,贵州省安顺市,105.944242,26.256641,WGS84
520402,520400,COUNTY,贵州省,安顺市,西秀区,贵州省安顺市西秀区,105.962680,26.247421,WGS84
520403,520400,COUNTY,贵州省,安顺市,平坝区,贵州省安顺市平坝区,106.252181,26.409428,WGS84
520422,520400,COUNTY,贵州省,安顺市,普定县,贵州省安顺市普定县,105.739694,26.305298,WGS84
520423,520400,COUNTY,贵州省,安顺市,镇宁布依族苗族自治县,贵州省安顺市镇宁布依族苗族自治县,105.767087,26.060525,WGS84
520424,520400,COUNTY,贵州省,安顺市,关岭布依族苗族自治县,贵州省安顺市关岭布依族苗族自治县,105.535105,25.956820,WGS84
520425,520400,COUNTY,贵州省,安顺市,紫云苗族布依族自治县,贵州省安顺市紫云苗族布依族自治县,106.080724,25.753931,WGS84
520500,520000,CITY,贵州省,毕节市,,贵州省毕节市,105.288315,27.286987,WGS84
520502,520500,COUNTY,贵州省,毕节市,七星关区,贵州省毕节市七星关区,105.301953,27.301653,WGS84
520521,520500,COUNTY,贵州省,毕节市,大方县,贵州省毕节市大方县,105.598730,27.148044,WGS84
520523,520500,COUNTY,贵州省,毕节市,金沙县,贵州省毕节市金沙县,106.216454,27.461942,WGS84
520524,520500,COUNTY,贵州省,毕节市,织金县,贵州省毕节市织金县,105.766762,26.667170,WGS84
520525,520500,COUNTY,贵州省,毕节市,纳雍县,贵州省毕节市纳雍县,105.411085,26.782675,WGS84
520526,520500,COUNTY,贵州省,毕节市,威宁彝族回族苗族自治县,贵州省毕节市威宁彝族回族苗族自治县,104.250570,26.877383,WGS84
520527,520500,COUNTY,贵州省,毕节市,赫章县,贵州省毕节市赫章县,104.725466,27.121390,WGS84
520581,520500,COUNTY,贵州省,毕节市,黔西市,贵州省毕节市黔西市,106.028609,27.012058,WGS84
520600,520000,CITY,贵州省,铜仁市,,贵州省铜仁市,109.184942,27.734819,WGS84
520602,520600,COUNTY,贵州省,铜仁市,碧江区,贵州省铜仁市碧江区,109.259714,27.818587,WGS84
520603,520600,COUNTY,贵州省,铜仁市,万山区,贵州省铜仁市万山区,109.149050,27.674460,WGS84
520621,520600,COUNTY,贵州省,铜仁市,江口县,贵州省铜仁市江口县,108.839826,27.708334,WGS84
520622,520600,COUNTY,贵州省,铜仁市,玉屏侗族自治县,贵州省铜仁市玉屏侗族自治县,108.902319,27.239368,WGS84
520623,520600,COUNTY,贵州省,铜仁市,石阡县,贵州省铜仁市石阡县,108.219483,27.516816,WGS84
520624,520600,COUNTY,贵州省,铜仁市,思南县,贵州省铜仁市思南县,108.249594,27.940842,WGS84
520625,520600,COUNTY,贵州省,铜仁市,印江土家族苗族自治县,贵州省铜仁市印江土家族苗族自治县,108.405239,27.997643,WGS84
520626,520600,COUNTY,贵州省,铜仁市,德江县,贵州省铜仁市德江县,108.116315,28.267261,WGS84
520627,520600,COUNTY,贵州省,铜仁市,沿河土家族自治县,贵州省铜仁市沿河土家族自治县,108.498916,28.567415,WGS84
520628,520600,COUNTY,贵州省,铜仁市,松桃苗族自治县,贵州省铜仁市松桃苗族自治县,109.198281,28.157619,WGS84
522300,520000,CITY,贵州省,黔西南布依族苗族自治州,,贵州省黔西南布依族苗族自治州,104.903955,25.090842,WGS84
522301,522300,COUNTY,贵州省,黔西南布依族苗族自治州,兴义市,贵州省黔西南布依族苗族自治州兴义市,104.893050,25.095067,WGS84
522302,522300,COUNTY,贵州省,黔西南布依族苗族自治州,兴仁市,贵州省黔西南布依族苗族自治州兴仁市,105.183050,25.437955,WGS84
522323,522300,COUNTY,贵州省,黔西南布依族苗族自治州,普安县,贵州省黔西南布依族苗族自治州普安县,104.950686,25.787454,WGS84
522324,522300,COUNTY,贵州省,黔西南布依族苗族自治州,晴隆县,贵州省黔西南布依族苗族自治州晴隆县,105.215878,25.837833,WGS84
522325,522300,COUNTY,贵州省,黔西南布依族苗族自治州,贞丰县,贵州省黔西南布依族苗族自治州贞丰县,105.646536,25.388643,WGS84
522326,522300,COUNTY,贵州省,黔西南布依族苗族自治州,望谟县,贵州省黔西南布依族苗族自治州望谟县,106.091169,25.176925,WGS84
522327,522300,COUNTY,贵州省,黔西南布依族苗族自治州,册亨县,贵州省黔西南布依族苗族自治州册亨县,105.808232,24.986647,WGS84
522328,522300,COUNTY,贵州省,黔西南布依族苗族自治州,安龙县,贵州省黔西南布依族苗族自治州安龙县,105.439302,25.101777,WGS84
522600,520000,CITY,贵州省,黔东南苗族侗族自治州,,贵州省黔东南苗族侗族自治州,107.978713,26.587307,WGS84
522601,522600,COUNTY,贵州省,黔东南苗族侗族自治州,凯里市,贵州省黔东南苗族侗族自治州凯里市,107.977289,26.569750,WGS84
522622,522600,COUNTY,贵州省,黔东南苗族侗族自治州,黄平县,贵州省黔东南苗族侗族自治州黄平县,107.912621,26.908925,WGS84
522623,522600,COUNTY,贵州省,黔东南苗族侗族自治州,施秉县,贵州省黔东南苗族侗族自治州施秉县,108.120156,27.036362,WGS84
522624,522600,COUNTY,贵州省,黔东南苗族侗族自治州,三穗县,贵州省黔东南苗族侗族自治州三穗县,108.671197,26.956899,WGS84
522625,522600,COUNTY,贵州省,黔东南苗族侗族自治州,镇远县,贵州省黔东南苗族侗族自治州镇远县,108.425209,27.052282,WGS84
522626,522600,COUNTY,贵州省,黔东南苗族侗族自治州,岑巩县,贵州省黔东南苗族侗族自治州岑巩县,108.811677,27.177571,WGS84
522627,522600,COUNTY,贵州省,黔东南苗族侗族自治州,天柱县,贵州省黔东南苗族侗族自治州天柱县,109.203318,26.912958,WGS84
522628,522600,COUNTY,贵州省,黔东南苗族侗族自治州,锦屏县,贵州省黔东南苗族侗族自治州锦屏县,109.196306,26.679347,WGS84
522629,522600,COUNTY,贵州省,黔东南苗族侗族自治州,剑河县,贵州省黔东南苗族侗族自治州剑河县,108.437211,26.731601,WGS84
522630,522600,COUNTY,贵州省,黔东南苗族侗族自治州,台江县,贵州省黔东南苗族侗族自治州台江县,108.317046,26.670939,WGS84
522631,522600,COUNTY,贵州省,黔东南苗族侗族自治州,黎平县,贵州省黔东南苗族侗族自治州黎平县,109.121260,26.216466,WGS84
522632,522600,COUNTY,贵州省,黔东南苗族侗族自治州,榕江县,贵州省黔东南苗族侗族自治州榕江县,108.517864,25.935102,WGS84
522633,522600,COUNTY,贵州省,黔东南苗族侗族自治州,从江县,贵州省黔东南苗族侗族自治州从江县,108.900990,25.757860,WGS84
522634,522600,COUNTY,贵州省,黔东南苗族侗族自治州,雷山县,贵州省黔东南苗族侗族自治州雷山县,108.073872,26.382149,WGS84
522635,522600,COUNTY,贵州省,黔东南苗族侗族自治州,麻江县,贵州省黔东南苗族侗族自治州麻江县,107.585400,26.494944,WGS84
522636,522600,COUNTY,贵州省,黔东南苗族侗族自治州,丹寨县,贵州省黔东南苗族侗族自治州丹寨县,107.785103,26.201934,WGS84
522700,520000,CITY,贵州省,黔南布依族苗族自治州,,贵州省黔南布依族苗族自治州,107.518127,26.256565,WGS84
522701,522700,COUNTY,贵州省,黔南布依族苗族自治州,都匀市,贵州省黔南布依族苗族自治州都匀市,107.514440,26.262878,WGS84
522702,522700,COUNTY,贵州省,黔南布依族苗族自治州,福泉市,贵州省黔南布依族苗族自治州福泉市,107.516163,26.690317,WGS84
522722,522700,COUNTY,贵州省,黔南布依族苗族自治州,荔波县,贵州省黔南布依族苗族自治州荔波县,107.876604,25.405603,WGS84
522723,522700,COUNTY,贵州省,黔南布依族苗族自治州,贵定县,贵州省黔南布依族苗族自治州贵定县,107.228048,26.560686,WGS84
522725,522700,COUNTY,贵州省,黔南布依族苗族自治州,瓮安县,贵州省黔南布依族苗族自治州瓮安县,107.466925,27.081710,WGS84
522726,522700,COUNTY,贵州省,黔南布依族苗族自治州,独山县,贵州省黔南布依族苗族自治州独山县,107.553530,25.868680,WGS84
522727,522700,COUNTY,贵州省,黔南布依族苗族自治州,平塘县,贵州省黔南布依族苗族自治州平塘县,107.318399,25.825414,WGS84
522728,522700,COUNTY,贵州省,黔南布依族苗族自治州,罗甸县,贵州省黔南布依族苗族自治州罗甸县,106.747964,25.429080,WGS84
522729,522700,COUNTY,贵州省,黔南布依族苗族自治州,长顺县,贵州省黔南布依族苗族自治州长顺县,106.436772,26.006255,WGS84
522730,522700,COUNTY,贵州省,黔南布依族苗族自治州,龙里县,贵州省黔南布依族苗族自治州龙里县,106.975281,26.457087,WGS84
522731,522700,COUNTY,贵州省,黔南布依族苗族自治州,惠水县,贵州省黔南布依族苗族自治州惠水县,106.653398,26.135485,WGS84
522732,522700,COUNTY,贵州省,黔南布依族苗族自治州,三都水族自治县,贵州省黔南布依族苗族自治州三都水族自治县,107.865472,25.986929,WGS84
530000,,PROVINCE,云南省,,,云南省,102.707939,25.049410,WGS84
530100,530000,CITY,云南省,昆明市,,云南省昆明市,102.832252,24.884557,WGS84
530102,530100,COUNTY,云南省,昆明市,五华区,云南省昆明市五华区,102.705833,25.046616,WGS84
530103,530100,COUNTY,云南省,昆明市,盘龙区,云南省昆明市盘龙区,102.750152,25.119451,WGS84
530111,530100,COUNTY,云南省,昆明市,官渡区,云南省昆明市官渡区,102.747404,24.953242,WGS84
530112,530100,COUNTY,云南省,昆明市,西山区,云南省昆明市西山区,102.663099,25.041097,WGS84
530113,530100,COUNTY,云南省,昆明市,东川区,云南省昆明市东川区,103.185940,26.086243,WGS84
530114,530100,COUNTY,云南省,昆明市,呈贡区,云南省昆明市呈贡区,102.820669,24.888783,WGS84
530115,530100,COUNTY,云南省,昆明市,晋宁区,云南省昆明市晋宁区,102.594114,24.672245,WGS84
530124,530100,COUNTY,云南省,昆明市,富民县,云南省昆明市富民县,102.496302,25.224850,WGS84
530125,530100,COUNTY,云南省,昆明市,宜良县,云南省昆明市宜良县,103.139769,24.922637,WGS84
530126,530100,COUNTY,云南省,昆明市,石林彝族自治县,云南省昆明市石林彝族自治县,103.288672,24.774707,WGS84
530127,530100,COUNTY,云南省,昆明市,嵩明县,云南省昆明市嵩明县,103.041574,25.330095,WGS84
530128,530100,COUNTY,云南省,昆明市,禄劝彝族苗族自治县,云南省昆明市禄劝彝族苗族自治县,102.470485,25.554680,WGS84
530129,530100,COUNTY,云南省,昆明市,寻甸回族彝族自治县,云南省昆明市寻甸回族彝族自治县,103.254720,25.561156,WGS84
530181,530100,COUNTY,云南省,昆明市,安宁市,云南省昆明市安宁市,102.477180,24.922727,WGS84
530300,530000,CITY,云南省,曲靖市,,云南省曲靖市,103.794262,25.493866,WGS84
530302,530300,COUNTY,云南省,曲靖市,麒麟区,云南省曲靖市麒麟区,103.802392,25.499486,WGS84
530303,530300,COUNTY,云南省,曲靖市,沾益区,云南省曲靖市沾益区,103.820118,25.603509,WGS84
530304,530300,COUNTY,云南省,曲靖市,马龙区,云南省曲靖市马龙区,103.576650,25.431227,WGS84
530322,530300,COUNTY,云南省,曲靖市,陆良县,云南省曲靖市陆良县,103.664811,25.032348,WGS84
530323,530300,COUNTY,云南省,曲靖市,师宗县,云南省曲靖市师宗县,103.983205,24.825484,WGS84
530324,530300,COUNTY,云南省,曲靖市,罗平县,云南省曲靖市罗平县,104.294926,24.868307,WGS84
530325,530300,COUNTY,云南省,曲靖市,富源县,云南省曲靖市富源县,104.252910,25.677255,WGS84
530326,530300,COUNTY,云南省,曲靖市,会泽县,云南省曲靖市会泽县,103.295221,26.420574,WGS84
530381,530300,COUNTY,云南省,曲靖市,宣威市,云南省曲靖市宣威市,104.101902,26.222163,WGS84
530400,530000,CITY,云南省,玉溪市,,云南省玉溪市,102.525367,24.349797,WGS84
530402,530400,COUNTY,云南省,玉溪市,红塔区,云南省玉溪市红塔区,102.538851,24.344260,WGS84
530403,530400,COUNTY,云南省,玉溪市,江川区,云南省玉溪市江川区,102.747034,24.302361,WGS84
530423,530400,COUNTY,云南省,玉溪市,通海县,云南省玉溪市通海县,102.724103,24.114000,WGS84
530424,530400,COUNTY,云南省,玉溪市,华宁县,云南省玉溪市华宁县,102.927531,24.196271,WGS84
530425,530400,COUNTY,云南省,玉溪市,易门县,云南省玉溪市易门县,102.160405,24.675026,WGS84
530426,530400,COUNTY,云南省,玉溪市,峨山彝族自治县,云南省玉溪市峨山彝族自治县,102.404127,24.171588,WGS84
530427,530400,COUNTY,云南省,玉溪市,新平彝族傣族自治县,云南省玉溪市新平彝族傣族自治县,101.989391,24.073304,WGS84
530428,530400,COUNTY,云南省,玉溪市,元江哈尼族彝族傣族自治县,云南省玉溪市元江哈尼族彝族傣族自治县,101.996716,23.598761,WGS84
530481,530400,COUNTY,云南省,玉溪市,澄江市,云南省玉溪市澄江市,102.902817,24.678701,WGS84
530500,530000,CITY,云南省,保山市,,云南省保山市,99.160569,25.114873,WGS84
530502,530500,COUNTY,云南省,保山市,隆阳区,云南省保山市隆阳区,99.164723,25.123999,WGS84
530521,530500,COUNTY,云南省,保山市,施甸县,云南省保山市施甸县,99.188313,24.726030,WGS84
530523,530500,COUNTY,云南省,保山市,龙陵县,云南省保山市龙陵县,98.689067,24.589777,WGS84
530524,530500,COUNTY,云南省,保山市,昌宁县,云南省保山市昌宁县,99.604264,24.830922,WGS84
530581,530500,COUNTY,云南省,保山市,腾冲市,云南省保山市腾冲市,98.489921,25.023238,WGS84
530600,530000,CITY,云南省,昭通市,,云南省昭通市,103.714989,27.341612,WGS84
530602,530600,COUNTY,云南省,昭通市,昭阳区,云南省昭通市昭阳区,103.704254,27.323480,WGS84
530621,530600,COUNTY,云南省,昭通市,鲁甸县,云南省昭通市鲁甸县,103.556075,27.190254,WGS84
530622,530600,COUNTY,云南省,昭通市,巧家县,云南省昭通市巧家县,102.933867,26.900586,WGS84
530623,530600,COUNTY,云南省,昭通市,盐津县,云南省昭通市盐津县,104.232192,28.111922,WGS84
530624,530600,COUNTY,云南省,昭通市,大关县,云南省昭通市大关县,103.889202,27.751635,WGS84
530625,530600,COUNTY,云南省,昭通市,永善县,云南省昭通市永善县,103.635612,28.232642,WGS84
530626,530600,COUNTY,云南省,昭通市,绥江县,云南省昭通市绥江县,103.966889,28.595594,WGS84
530627,530600,COUNTY,云南省,昭通市,镇雄县,云南省昭通市镇雄县,104.870941,27.445072,WGS84
530628,530600,COUNTY,云南省,昭通市,彝良县,云南省昭通市彝良县,104.053640,27.627520,WGS84
530629,530600,COUNTY,云南省,昭通市,威信县,云南省昭通市威信县,105.045915,27.850116,WGS84
530681,530600,COUNTY,云南省,昭通市,水富市,云南省昭通市水富市,104.413391,28.633124,WGS84
530700,530000,CITY,云南省,丽江市,,云南省丽江市,100.224801,26.858709,WGS84
530702,530700,COUNTY,云南省,丽江市,古城区,云南省丽江市古城区,100.224695,26.880008,WGS84
530721,530700,COUNTY,云南省,丽江市,玉龙纳西族自治县,云南省丽江市玉龙纳西族自治县,100.235842,26.825051,WGS84
530722,530700,COUNTY,云南省,丽江市,永胜县,云南省丽江市永胜县,100.749649,26.687782,WGS84
530723,530700,COUNTY,云南省,丽江市,华坪县,云南省丽江市华坪县,101.263828,26.633154,WGS84
530724,530700,COUNTY,云南省,丽江市,宁蒗彝族自治县,云南省丽江市宁蒗彝族自治县,100.849903,27.285787,WGS84
530800,530000,CITY,云南省,普洱市,,云南省普洱市,100.964840,22.828224,WGS84
530802,530800,COUNTY,云南省,普洱市,思茅区,云南省普洱市思茅区,100.975860,22.789748,WGS84
530821,530800,COUNTY,云南省,普洱市,宁洱哈尼族彝族自治县,云南省普洱市宁洱哈尼族彝族自治县,101.044280,23.051490,WGS84
530822,530800,COUNTY,云南省,普洱市,墨江哈尼族自治县,云南省普洱市墨江哈尼族自治县,101.691018,23.434638,WGS84
530823,530800,COUNTY,云南省,普洱市,景东彝族自治县,云南省普洱市景东彝族自治县,100.832745,24.449809,WGS84
530824,530800,COUNTY,云南省,普洱市,景谷傣族彝族自治县,云南省普洱市景谷傣族彝族自治县,100.701698,23.499716,WGS84
530825,530800,COUNTY,云南省,普洱市,镇沅彝族哈尼族拉祜族自治县,云南省普洱市镇沅彝族哈尼族拉祜族自治县,101.107142,24.007080,WGS84
530826,530800,COUNTY,云南省,普洱市,江城哈尼族彝族自治县,云南省普洱市江城哈尼族彝族自治县,101.861061,22.588959,WGS84
530827,530800,COUNTY,云南省,普洱市,孟连傣族拉祜族佤族自治县,云南省普洱市孟连傣族拉祜族佤族自治县,99.583437,22.332183,WGS84
530828,530800,COUNTY,云南省,普洱市,澜沧拉祜族自治县,云南省普洱市澜沧拉祜族自治县,99.931196,22.558929,WGS84
530829,530800,COUNTY,云南省,普洱市,西盟佤族自治县,云南省普洱市西盟佤族自治县,99.589368,22.647375,WGS84
530900,530000,CITY,云南省,临沧市,,云南省临沧市,100.087586,23.886764,WGS84
530902,530900,COUNTY,云南省,临沧市,临翔区,云南省临沧市临翔区,100.080826,23.897895,WGS84
530921,530900,COUNTY,云南省,临沧市,凤庆县,云南省临沧市凤庆县,99.927842,24.583731,WGS84
530922,530900,COUNTY,云南省,临沧市,云县,云南省临沧市云县,100.129055,24.447276,WGS84
530923,530900,COUNTY,云南省,临沧市,永德县,云南省临沧市永德县,99.257855,24.021296,WGS84
530924,530900,COUNTY,云南省,临沧市,镇康县,云南省临沧市镇康县,98.824993,23.765714,WGS84
530925,530900,COUNTY,云南省,临沧市,双江拉祜族佤族布朗族傣族自治县,云南省临沧市双江拉祜族佤族布朗族傣族自治县,99.827278,23.475507,WGS84
530926,530900,COUNTY,云南省,临沧市,耿马傣族佤族自治县,云南省临沧市耿马傣族佤族自治县,99.396001,23.540605,WGS84
530927,530900,COUNTY,云南省,临沧市,沧源佤族自治县,云南省临沧市沧源佤族自治县,99.245075,23.149534,WGS84
532300,530000,CITY,云南省,楚雄彝族自治州,,云南省楚雄彝族自治州,101.526831,25.048713,WGS84
532301,532300,COUNTY,云南省,楚雄彝族自治州,楚雄市,云南省楚雄彝族自治州楚雄市,101.544817,25.036026,WGS84
532302,532300,COUNTY,云南省,楚雄彝族自治州,禄丰市,云南省楚雄彝族自治州禄丰市,102.077437,25.153827,WGS84
532322,532300,COUNTY,云南省,楚雄彝族自治州,双柏县,云南省楚雄彝族自治州双柏县,101.640984,24.691953,WGS84
532323,532300,COUNTY,云南省,楚雄彝族自治州,牟定县,云南省楚雄彝族自治州牟定县,101.545467,25.316013,WGS84
532324,532300,COUNTY,云南省,楚雄彝族自治州,南华县,云南省楚雄彝族自治州南华县,101.281709,25.203092,WGS84
532325,532300,COUNTY,云南省,楚雄彝族自治州,姚安县,云南省楚雄彝族自治州姚安县,101.240132,25.507277,WGS84
532326,532300,COUNTY,云南省,楚雄彝族自治州,大姚县,云南省楚雄彝族自治州大姚县,101.334917,25.732539,WGS84
532327,532300,COUNTY,云南省,楚雄彝族自治州,永仁县,云南省楚雄彝族自治州永仁县,101.665327,26.052934,WGS84
532328,532300,COUNTY,云南省,楚雄彝族自治州,元谋县,云南省楚雄彝族自治州元谋县,101.872994,25.707743,WGS84
532329,532300,COUNTY,云南省,楚雄彝族自治州,武定县,云南省楚雄彝族自治州武定县,102.402337,25.533536,WGS84
532500,530000,CITY,云南省,红河哈尼族彝族自治州,,云南省红河哈尼族彝族自治州,103.372852,23.365645,WGS84
532501,532500,COUNTY,云南省,红河哈尼族彝族自治州,个旧市,云南省红河哈尼族彝族自治州个旧市,103.150819,23.392482,WGS84
532502,532500,COUNTY,云南省,红河哈尼族彝族自治州,开远市,云南省红河哈尼族彝族自治州开远市,103.265118,23.717208,WGS84
532503,532500,COUNTY,云南省,红河哈尼族彝族自治州,蒙自市,云南省红河哈尼族彝族自治州蒙自市,103.362934,23.398634,WGS84
532504,532500,COUNTY,云南省,红河哈尼族彝族自治州,弥勒市,云南省红河哈尼族彝族自治州弥勒市,103.412723,24.414538,WGS84
532523,532500,COUNTY,云南省,红河哈尼族彝族自治州,屏边苗族自治县,云南省红河哈尼族彝族自治州屏边苗族自治县,103.673606,22.989636,WGS84
532524,532500,COUNTY,云南省,红河哈尼族彝族自治州,建水县,云南省红河哈尼族彝族自治州建水县,102.824785,23.638594,WGS84
532525,532500,COUNTY,云南省,红河哈尼族彝族自治州,石屏县,云南省红河哈尼族彝族自治州石屏县,102.494756,23.708389,WGS84
532527,532500,COUNTY,云南省,红河哈尼族彝族自治州,泸西县,云南省红河哈尼族彝族自治州泸西县,103.764130,24.534950,WGS84
532528,532500,COUNTY,云南省,红河哈尼族彝族自治州,元阳县,云南省红河哈尼族彝族自治州元阳县,102.833990,23.222502,WGS84
532529,532500,COUNTY,云南省,红河哈尼族彝族自治州,红河县,云南省红河哈尼族彝族自治州红河县,102.419024,23.371456,WGS84
532530,532500,COUNTY,云南省,红河哈尼族彝族自治州,金平苗族瑶族傣族自治县,云南省红河哈尼族彝族自治州金平苗族瑶族傣族自治县,103.226239,22.772782,WGS84
532531,532500,COUNTY,云南省,红河哈尼族彝族自治州,绿春县,云南省红河哈尼族彝族自治州绿春县,102.391120,22.996289,WGS84
532532,532500,COUNTY,云南省,红河哈尼族彝族自治州,河口瑶族自治县,云南省红河哈尼族彝族自治州河口瑶族自治县,103.937446,22.532535,WGS84
532600,530000,CITY,云南省,文山壮族苗族自治州,,云南省文山壮族苗族自治州,104.213567,23.403630,WGS84
532601,532600,COUNTY,云南省,文山壮族苗族自治州,文山市,云南省文山壮族苗族自治州文山市,104.231147,23.389497,WGS84
532622,532600,COUNTY,云南省,文山壮族苗族自治州,砚山县,云南省文山壮族苗族自治州砚山县,104.334658,23.607635,WGS84
532623,532600,COUNTY,云南省,文山壮族苗族自治州,西畴县,云南省文山壮族苗族自治州西畴县,104.669552,23.440470,WGS84
532624,532600,COUNTY,云南省,文山壮族苗族自治州,麻栗坡县,云南省文山壮族苗族自治州麻栗坡县,104.700404,23.128628,WGS84
532625,532600,COUNTY,云南省,文山壮族苗族自治州,马关县,云南省文山壮族苗族自治州马关县,104.392187,23.015721,WGS84
532626,532600,COUNTY,云南省,文山壮族苗族自治州,丘北县,云南省文山壮族苗族自治州丘北县,104.164510,24.053342,WGS84
532627,532600,COUNTY,云南省,文山壮族苗族自治州,广南县,云南省文山壮族苗族自治州广南县,105.052130,24.049042,WGS84
532628,532600,COUNTY,云南省,文山壮族苗族自治州,富宁县,云南省文山壮族苗族自治州富宁县,105.627816,23.627899,WGS84
532800,530000,CITY,云南省,西双版纳傣族自治州,,云南省西双版纳傣族自治州,100.795877,22.011897,WGS84
532801,532800,COUNTY,云南省,西双版纳傣族自治州,景洪市,云南省西双版纳傣族自治州景洪市,100.798473,22.014657,WGS84
532822,532800,COUNTY,云南省,西双版纳傣族自治州,勐海县,云南省西双版纳傣族自治州勐海县,100.451272,21.959990,WGS84
532823,532800,COUNTY,云南省,西双版纳傣族自治州,勐腊县,云南省西双版纳傣族自治州勐腊县,101.563342,21.461995,WGS84
532900,530000,CITY,云南省,大理白族自治州,,云南省大理白族自治州,100.266510,25.609584,WGS84
532901,532900,COUNTY,云南省,大理白族自治州,大理市,云南省大理白族自治州大理市,100.300469,25.681498,WGS84
532922,532900,COUNTY,云南省,大理白族自治州,漾濞彝族自治县,云南省大理白族自治州漾濞彝族自治县,99.957121,25.673138,WGS84
532923,532900,COUNTY,云南省,大理白族自治州,祥云县,云南省大理白族自治州祥云县,100.548967,25.486851,WGS84
532924,532900,COUNTY,云南省,大理白族自治州,宾川县,云南省大理白族自治州宾川县,100.589314,25.833839,WGS84
532925,532900,COUNTY,云南省,大理白族自治州,弥渡县,云南省大理白族自治州弥渡县,100.489885,25.346710,WGS84
532926,532900,COUNTY,云南省,大理白族自治州,南涧彝族自治县,云南省大理白族自治州南涧彝族自治县,100.509247,25.035347,WGS84
532927,532900,COUNTY,云南省,大理白族自治州,巍山彝族回族自治县,云南省大理白族自治州巍山彝族回族自治县,100.305833,25.229967,WGS84
532928,532900,COUNTY,云南省,大理白族自治州,永平县,云南省大理白族自治州永平县,99.539717,25.467241,WGS84
532929,532900,COUNTY,云南省,大理白族自治州,云龙县,云南省大理白族自治州云龙县,99.369879,25.888782,WGS84
532930,532900,COUNTY,云南省,大理白族自治州,洱源县,云南省大理白族自治州洱源县,99.961305,26.116844,WGS84
532931,532900,COUNTY,云南省,大理白族自治州,剑川县,云南省大理白族自治州剑川县,99.904125,26.540635,WGS84
532932,532900,COUNTY,云南省,大理白族自治州,鹤庆县,云南省大理白族自治州鹤庆县,100.175119,26.563596,WGS84
533100,530000,CITY,云南省,德宏傣族景颇族自治州,,云南省德宏傣族景颇族自治州,98.585468,24.436319,WGS84
533102,533100,COUNTY,云南省,德宏傣族景颇族自治州,瑞丽市,云南省德宏傣族景颇族自治州瑞丽市,97.855250,24.021365,WGS84
533103,533100,COUNTY,云南省,德宏傣族景颇族自治州,芒市,云南省德宏傣族景颇族自治州芒市,98.587937,24.436940,WGS84
533122,533100,COUNTY,云南省,德宏傣族景颇族自治州,梁河县,云南省德宏傣族景颇族自治州梁河县,98.296261,24.807249,WGS84
533123,533100,COUNTY,云南省,德宏傣族景颇族自治州,盈江县,云南省德宏傣族景颇族自治州盈江县,97.943315,24.694494,WGS84
533124,533100,COUNTY,云南省,德宏傣族景颇族自治州,陇川县,云南省德宏傣族景颇族自治州陇川县,97.793051,24.185296,WGS84
533300,530000,CITY,云南省,怒江傈僳族自治州,,云南省怒江傈僳族自治州,98.856207,25.820872,WGS84
533301,533300,COUNTY,云南省,怒江傈僳族自治州,泸水市,云南省怒江傈僳族自治州泸水市,98.857331,25.825901,WGS84
533323,533300,COUNTY,云南省,怒江傈僳族自治州,福贡县,云南省怒江傈僳族自治州福贡县,98.868730,26.905554,WGS84
533324,533300,COUNTY,云南省,怒江傈僳族自治州,贡山独龙族怒族自治县,云南省怒江傈僳族自治州贡山独龙族怒族自治县,98.665946,27.744400,WGS84
533325,533300,COUNTY,云南省,怒江傈僳族自治州,兰坪白族普米族自治县,云南省怒江傈僳族自治州兰坪白族普米族自治县,99.415426,26.456985,WGS84
533400,530000,CITY,云南省,迪庆藏族自治州,,云南省迪庆藏族自治州,99.701019,27.822647,WGS84
533401,533400,COUNTY,云南省,迪庆藏族自治州,香格里拉市,云南省迪庆藏族自治州香格里拉市,99.742438,27.845646,WGS84
533422,533400,COUNTY,云南省,迪庆藏族自治州,德钦县,云南省迪庆藏族自治州德钦县,98.917400,28.467881,WGS84
533423,533400,COUNTY,云南省,迪庆藏族自治州,维西傈僳族自治县,云南省迪庆藏族自治州维西傈僳族自治县,99.299945,27.167254,WGS84
540000,,PROVINCE,西藏自治区,,,西藏自治区,91.115887,29.651400,WGS84
540100,540000,CITY,西藏自治区,拉萨市,,西藏自治区拉萨市,91.170453,29.656276,WGS84
540102,540100,COUNTY,西藏自治区,拉萨市,城关区,西藏自治区拉萨市城关区,91.138835,29.657543,WGS84
540103,540100,COUNTY,西藏自治区,拉萨市,堆龙德庆区,西藏自治区拉萨市堆龙德庆区,91.001510,29.649697,WGS84
540104,540100,COUNTY,西藏自治区,拉萨市,达孜区,西藏自治区拉萨市达孜区,91.347996,29.672918,WGS84
540121,540100,COUNTY,西藏自治区,拉萨市,林周县,西藏自治区拉萨市林周县,91.263917,29.896396,WGS84
540122,540100,COUNTY,西藏自治区,拉萨市,当雄县,西藏自治区拉萨市当雄县,91.099599,30.475772,WGS84
540123,540100,COUNTY,西藏自治区,拉萨市,尼木县,西藏自治区拉萨市尼木县,90.162670,29.434883,WGS84
540124,540100,COUNTY,西藏自治区,拉萨市,曲水县,西藏自治区拉萨市曲水县,90.742005,29.357304,WGS84
540127,540100,COUNTY,西藏自治区,拉萨市,墨竹工卡县,西藏自治区拉萨市墨竹工卡县,91.737886,29.853197,WGS84
540200,540000,CITY,西藏自治区,日喀则市,,西藏自治区日喀则市,88.878386,29.270099,WGS84
540202,540200,COUNTY,西藏自治区,日喀则市,桑珠孜区,西藏自治区日喀则市桑珠孜区,88.896477,29.251011,WGS84
540221,540200,COUNTY,西藏自治区,日喀则市,南木林县,西藏自治区日喀则市南木林县,89.096764,29.685049,WGS84
540222,540200,COUNTY,西藏自治区,日喀则市,江孜县,西藏自治区日喀则市江孜县,89.603740,28.915391,WGS84
540223,540200,COUNTY,西藏自治区,日喀则市,定日县,西藏自治区日喀则市定日县,87.123566,28.662118,WGS84
540224,540200,COUNTY,西藏自治区,日喀则市,萨迦县,西藏自治区日喀则市萨迦县,88.019213,28.902982,WGS84
540225,540200,COUNTY,西藏自治区,日喀则市,拉孜县,西藏自治区日喀则市拉孜县,87.634598,29.085277,WGS84
540226,540200,COUNTY,西藏自治区,日喀则市,昂仁县,西藏自治区日喀则市昂仁县,87.225296,29.302520,WGS84
540227,540200,COUNTY,西藏自治区,日喀则市,谢通门县,西藏自治区日喀则市谢通门县,88.253474,29.428457,WGS84
540228,540200,COUNTY,西藏自治区,日喀则市,白朗县,西藏自治区日喀则市白朗县,89.259726,29.110885,WGS84
540229,540200,COUNTY,西藏自治区,日喀则市,仁布县,西藏自治区日喀则市仁布县,89.840163,29.234150,WGS84
540230,540200,COUNTY,西藏自治区,日喀则市,康马县,西藏自治区日喀则市康马县,89.679688,28.559272,WGS84
540231,540200,COUNTY,西藏自治区,日喀则市,定结县,西藏自治区日喀则市定结县,87.763400,28.367805,WGS84
540232,540200,COUNTY,西藏自治区,日喀则市,仲巴县,西藏自治区日喀则市仲巴县,84.035430,29.760878,WGS84
540233,540200,COUNTY,西藏自治区,日喀则市,亚东县,西藏自治区日喀则市亚东县,88.905150,27.489829,WGS84
540234,540200,COUNTY,西藏自治区,日喀则市,吉隆县,西藏自治区日喀则市吉隆县,85.295832,28.859946,WGS84
540235,540200,COUNTY,西藏自治区,日喀则市,聂拉木县,西藏自治区日喀则市聂拉木县,85.980183,28.158912,WGS84
540236,540200,COUNTY,西藏自治区,日喀则市,萨嘎县,西藏自治区日喀则市萨嘎县,85.230701,29.331906,WGS84
540237,540200,COUNTY,西藏自治区,日喀则市,岗巴县,西藏自治区日喀则市岗巴县,88.513153,28.274870,WGS84
540300,540000,CITY,西藏自治区,昌都市,,西藏自治区昌都市,97.169885,31.145199,WGS84
540302,540300,COUNTY,西藏自治区,昌都市,卡若区,西藏自治区昌都市卡若区,97.195529,31.114469,WGS84
540321,540300,COUNTY,西藏自治区,昌都市,江达县,西藏自治区昌都市江达县,98.217922,31.501440,WGS84
540322,540300,COUNTY,西藏自治区,昌都市,贡觉县,西藏自治区昌都市贡觉县,98.270581,30.862650,WGS84
540323,540300,COUNTY,西藏自治区,昌都市,类乌齐县,西藏自治区昌都市类乌齐县,96.599274,31.213956,WGS84
540324,540300,COUNTY,西藏自治区,昌都市,丁青县,西藏自治区昌都市丁青县,95.619137,31.411537,WGS84
540325,540300,COUNTY,西藏自治区,昌都市,察雅县,西藏自治区昌都市察雅县,97.568465,30.656781,WGS84
540326,540300,COUNTY,西藏自治区,昌都市,八宿县,西藏自治区昌都市八宿县,96.917708,30.056169,WGS84
540327,540300,COUNTY,西藏自治区,昌都市,左贡县,西藏自治区昌都市左贡县,97.840887,29.674398,WGS84
540328,540300,COUNTY,西藏自治区,昌都市,芒康县,西藏自治区昌都市芒康县,98.593259,29.682922,WGS84
540329,540300,COUNTY,西藏自治区,昌都市,洛隆县,西藏自治区昌都市洛隆县,95.824482,30.744731,WGS84
540330,540300,COUNTY,西藏自治区,昌都市,边坝县,西藏自治区昌都市边坝县,94.706869,30.936253,WGS84
540400,540000,CITY,西藏自治区,林芝市,,西藏自治区林芝市,94.360272,29.651441,WGS84
540402,540400,COUNTY,西藏自治区,林芝市,巴宜区,西藏自治区林芝市巴宜区,94.359931,29.639271,WGS84
540421,540400,COUNTY,西藏自治区,林芝市,工布江达县,西藏自治区林芝市工布江达县,93.244842,29.888108,WGS84
540423,540400,COUNTY,西藏自治区,林芝市,墨脱县,西藏自治区林芝市墨脱县,95.331007,29.328294,WGS84
540424,540400,COUNTY,西藏自治区,林芝市,波密县,西藏自治区林芝市波密县,95.767633,29.862553,WGS84
540425,540400,COUNTY,西藏自治区,林芝市,察隅县,西藏自治区林芝市察隅县,97.466368,28.664604,WGS84
540426,540400,COUNTY,西藏自治区,林芝市,朗县,西藏自治区林芝市朗县,93.071206,29.049921,WGS84
540481,540400,COUNTY,西藏自治区,林芝市,米林市,西藏自治区林芝市米林市,94.211990,29.219001,WGS84
540500,540000,CITY,西藏自治区,山南市,,西藏自治区山南市,91.770211,29.240801,WGS84
540502,540500,COUNTY,西藏自治区,山南市,乃东区,西藏自治区山南市乃东区,91.760312,29.227986,WGS84
540521,540500,COUNTY,西藏自治区,山南市,扎囊县,西藏自治区山南市扎囊县,91.335776,29.248076,WGS84
540522,540500,COUNTY,西藏自治区,山南市,贡嘎县,西藏自治区山南市贡嘎县,90.977159,29.293282,WGS84
540523,540500,COUNTY,西藏自治区,山南市,桑日县,西藏自治区山南市桑日县,92.016570,29.262443,WGS84
540524,540500,COUNTY,西藏自治区,山南市,琼结县,西藏自治区山南市琼结县,91.683131,29.027798,WGS84
540525,540500,COUNTY,西藏自治区,山南市,曲松县,西藏自治区山南市曲松县,92.202687,29.065983,WGS84
540526,540500,COUNTY,西藏自治区,山南市,措美县,西藏自治区山南市措美县,91.431999,28.441621,WGS84
540527,540500,COUNTY,西藏自治区,山南市,洛扎县,西藏自治区山南市洛扎县,90.858816,28.389562,WGS84
540528,540500,COUNTY,西藏自治区,山南市,加查县,西藏自治区山南市加查县,92.596772,29.141483,WGS84
540529,540500,COUNTY,西藏自治区,山南市,隆子县,西藏自治区山南市隆子县,92.460712,28.410898,WGS84
540531,540500,COUNTY,西藏自治区,山南市,浪卡子县,西藏自治区山南市浪卡子县,90.398568,28.970039,WGS84
540581,540500,COUNTY,西藏自治区,山南市,错那市,西藏自治区山南市错那市,91.956186,27.994817,WGS84
540600,540000,CITY,西藏自治区,那曲市,,西藏自治区那曲市,92.050232,31.480146,WGS84
540602,540600,COUNTY,西藏自治区,那曲市,色尼区,西藏自治区那曲市色尼区,92.052217,31.471883,WGS84
540621,540600,COUNTY,西藏自治区,那曲市,嘉黎县,西藏自治区那曲市嘉黎县,93.231094,30.644274,WGS84
540622,540600,COUNTY,西藏自治区,那曲市,比如县,西藏自治区那曲市比如县,93.680085,31.480345,WGS84
540623,540600,COUNTY,西藏自治区,那曲市,聂荣县,西藏自治区那曲市聂荣县,92.302294,32.110159,WGS84
540624,540600,COUNTY,西藏自治区,那曲市,安多县,西藏自治区那曲市安多县,91.680715,32.267587,WGS84
540625,540600,COUNTY,西藏自治区,那曲市,申扎县,西藏自治区那曲市申扎县,88.707707,30.933136,WGS84
540626,540600,COUNTY,西藏自治区,那曲市,索县,西藏自治区那曲市索县,93.783803,31.890446,WGS84
540627,540600,COUNTY,西藏自治区,那曲市,班戈县,西藏自治区那曲市班戈县,90.007943,31.394556,WGS84
540628,540600,COUNTY,西藏自治区,那曲市,巴青县,西藏自治区那曲市巴青县,94.052105,31.920715,WGS84
540629,540600,COUNTY,西藏自治区,那曲市,尼玛县,西藏自治区那曲市尼玛县,87.234264,31.787152,WGS84
540630,540600,COUNTY,西藏自治区,那曲市,双湖县,西藏自治区那曲市双湖县,88.835806,33.190627,WGS84
542500,540000,CITY,西藏自治区,阿里地区,,西藏自治区阿里地区,80.103569,32.503468,WGS84
542521,542500,COUNTY,西藏自治区,阿里地区,普兰县,西藏自治区阿里地区普兰县,81.174611,30.293366,WGS84
542522,542500,COUNTY,西藏自治区,阿里地区,札达县,西藏自治区阿里地区札达县,79.805097,31.482489,WGS84
542523,542500,COUNTY,西藏自治区,阿里地区,噶尔县,西藏自治区阿里地区噶尔县,80.094372,32.494560,WGS84
542524,542500,COUNTY,西藏自治区,阿里地区,日土县,西藏自治区阿里地区日土县,79.731450,33.384219,WGS84
542525,542500,COUNTY,西藏自治区,阿里地区,革吉县,西藏自治区阿里地区革吉县,81.142837,32.389747,WGS84
542526,542500,COUNTY,西藏自治区,阿里地区,改则县,西藏自治区阿里地区改则县,84.054534,32.299635,WGS84
542527,542500,COUNTY,西藏自治区,阿里地区,措勤县,西藏自治区阿里地区措勤县,85.150368,31.018385,WGS84
610000,,PROVINCE,陕西省,,,陕西省,108.949262,34.268182,WGS84
610100,610000,CITY,陕西省,西安市,,陕西省西安市,108.935001,34.344769,WGS84
610102,610100,COUNTY,陕西省,西安市,新城区,陕西省西安市新城区,108.956008,34.268157,WGS84
610103,610100,COUNTY,陕西省,西安市,碑林区,陕西省西安市碑林区,108.936042,34.258325,WGS84
610104,610100,COUNTY,陕西省,西安市,莲湖区,陕西省西安市莲湖区,108.939512,34.266939,WGS84
610111,610100,COUNTY,陕西省,西安市,灞桥区,陕西省西安市灞桥区,109.059576,34.274389,WGS84
610112,610100,COUNTY,陕西省,西安市,未央区,陕西省西安市未央区,108.942007,34.294682,WGS84
610113,610100,COUNTY,陕西省,西安市,雁塔区,陕西省西安市雁塔区,108.943935,34.224115,WGS84
610114,610100,COUNTY,陕西省,西安市,阎良区,陕西省西安市阎良区,109.221051,34.663388,WGS84
610115,610100,COUNTY,陕西省,西安市,临潼区,陕西省西安市临潼区,109.209191,34.368535,WGS84
610116,610100,COUNTY,陕西省,西安市,长安区,陕西省西安市长安区,108.902365,34.160327,WGS84
610117,610100,COUNTY,陕西省,西安市,高陵区,陕西省西安市高陵区,109.083098,34.536119,WGS84
610118,610100,COUNTY,陕西省,西安市,鄠邑区,陕西省西安市鄠邑区,108.600343,34.110385,WGS84
610122,610100,COUNTY,陕西省,西安市,蓝田县,陕西省西安市蓝田县,109.318316,34.152649,WGS84
610124,610100,COUNTY,陕西省,西安市,周至县,陕西省西安市周至县,108.217545,34.165057,WGS84
610200,610000,CITY,陕西省,铜川市,,陕西省铜川市,108.940413,34.898225,WGS84
610202,610200,COUNTY,陕西省,铜川市,王益区,陕西省铜川市王益区,109.070420,35.069504,WGS84
610203,610200,COUNTY,陕西省,铜川市,印台区,陕西省铜川市印台区,109.094612,35.115052,WGS84
610204,610200,COUNTY,陕西省,铜川市,耀州区,陕西省铜川市耀州区,108.975271,34.910683,WGS84
610222,610200,COUNTY,陕西省,铜川市,宜君县,陕西省铜川市宜君县,109.111794,35.398862,WGS84
610300,610000,CITY,陕西省,宝鸡市,,陕西省宝鸡市,107.232989,34.364278,WGS84
610302,610300,COUNTY,陕西省,宝鸡市,渭滨区,陕西省宝鸡市渭滨区,107.150551,34.356361,WGS84
610303,610300,COUNTY,陕西省,宝鸡市,金台区,陕西省宝鸡市金台区,107.228036,34.398465,WGS84
610304,610300,COUNTY,陕西省,宝鸡市,陈仓区,陕西省宝鸡市陈仓区,107.364052,34.351999,WGS84
610305,610300,COUNTY,陕西省,宝鸡市,凤翔区,陕西省宝鸡市凤翔区,107.396027,34.523302,WGS84
610323,610300,COUNTY,陕西省,宝鸡市,岐山县,陕西省宝鸡市岐山县,107.616797,34.445276,WGS84
610324,610300,COUNTY,陕西省,宝鸡市,扶风县,陕西省宝鸡市扶风县,107.895615,34.377223,WGS84
610326,610300,COUNTY,陕西省,宝鸡市,眉县,陕西省宝鸡市眉县,107.745249,34.276228,WGS84
610327,610300,COUNTY,陕西省,宝鸡市,陇县,陕西省宝鸡市陇县,106.860137,34.894118,WGS84
610328,610300,COUNTY,陕西省,宝鸡市,千阳县,陕西省宝鸡市千阳县,107.127580,34.643435,WGS84
610329,610300,COUNTY,陕西省,宝鸡市,麟游县,陕西省宝鸡市麟游县,107.788741,34.679113,WGS84
610330,610300,COUNTY,陕西省,宝鸡市,凤县,陕西省宝鸡市凤县,106.511742,33.912407,WGS84
610331,610300,COUNTY,陕西省,宝鸡市,太白县,陕西省宝鸡市太白县,107.314144,34.059760,WGS84
610400,610000,CITY,陕西省,咸阳市,,陕西省咸阳市,108.704175,34.331345,WGS84
610402,610400,COUNTY,陕西省,咸阳市,秦都区,陕西省咸阳市秦都区,108.701690,34.330931,WGS84
610403,610400,COUNTY,陕西省,咸阳市,杨陵区,陕西省咸阳市杨陵区,108.079750,34.273355,WGS84
610404,610400,COUNTY,陕西省,咸阳市,渭城区,陕西省咸阳市渭城区,108.732346,34.363421,WGS84
610422,610400,COUNTY,陕西省,咸阳市,三原县,陕西省咸阳市三原县,108.936085,34.618657,WGS84
610423,610400,COUNTY,陕西省,咸阳市,泾阳县,陕西省咸阳市泾阳县,108.838373,34.527961,WGS84
610424,610400,COUNTY,陕西省,咸阳市,乾县,陕西省咸阳市乾县,108.234635,34.529557,WGS84
610425,610400,COUNTY,陕西省,咸阳市,礼泉县,陕西省咸阳市礼泉县,108.419814,34.483026,WGS84
610426,610400,COUNTY,陕西省,咸阳市,永寿县,陕西省咸阳市永寿县,108.137296,34.692890,WGS84
610428,610400,COUNTY,陕西省,咸阳市,长武县,陕西省咸阳市长武县,107.794244,35.206931,WGS84
610429,610400,COUNTY,陕西省,咸阳市,旬邑县,陕西省咸阳市旬邑县,108.328990,35.112405,WGS84
610430,610400,COUNTY,陕西省,咸阳市,淳化县,陕西省咸阳市淳化县,108.575674,34.799821,WGS84
610431,610400,COUNTY,陕西省,咸阳市,武功县,陕西省咸阳市武功县,108.195550,34.262426,WGS84
610481,610400,COUNTY,陕西省,咸阳市,兴平市,陕西省咸阳市兴平市,108.485803,34.300586,WGS84
610482,610400,COUNTY,陕西省,咸阳市,彬州市,陕西省咸阳市彬州市,108.076918,35.036329,WGS84
610500,610000,CITY,陕西省,渭南市,,陕西省渭南市,109.465678,34.521817,WGS84
610502,610500,COUNTY,陕西省,渭南市,临渭区,陕西省渭南市临渭区,109.504891,34.500215,WGS84
610503,610500,COUNTY,陕西省,渭南市,华州区,陕西省渭南市华州区,109.770549,34.498321,WGS84
610522,610500,COUNTY,陕西省,渭南市,潼关县,陕西省渭南市潼关县,110.240860,34.545544,WGS84
610523,610500,COUNTY,陕西省,渭南市,大荔县,陕西省渭南市大荔县,109.936722,34.798259,WGS84
610524,610500,COUNTY,陕西省,渭南市,合阳县,陕西省渭南市合阳县,110.143940,35.238284,WGS84
610525,610500,COUNTY,陕西省,渭南市,澄城县,陕西省渭南市澄城县,109.927357,35.191027,WGS84
610526,610500,COUNTY,陕西省,渭南市,蒲城县,陕西省渭南市蒲城县,109.581240,34.956797,WGS84
610527,610500,COUNTY,陕西省,渭南市,白水县,陕西省渭南市白水县,109.585461,35.178299,WGS84
610528,610500,COUNTY,陕西省,渭南市,富平县,陕西省渭南市富平县,109.174763,34.752598,WGS84
610581,610500,COUNTY,陕西省,渭南市,韩城市,陕西省渭南市韩城市,110.437373,35.477320,WGS84
610582,610500,COUNTY,陕西省,渭南市,华阴市,陕西省渭南市华阴市,110.086833,34.567607,WGS84
610600,610000,CITY,陕西省,延安市,,陕西省延安市,109.489269,36.649974,WGS84
610602,610600,COUNTY,陕西省,延安市,宝塔区,陕西省延安市宝塔区,109.484305,36.585025,WGS84
610603,610600,COUNTY,陕西省,延安市,安塞区,陕西省延安市安塞区,109.323812,36.864244,WGS84
610621,610600,COUNTY,陕西省,延安市,延长县,陕西省延安市延长县,110.007008,36.579260,WGS84
610622,610600,COUNTY,陕西省,延安市,延川县,陕西省延安市延川县,110.187966,36.877991,WGS84
610625,610600,COUNTY,陕西省,延安市,志丹县,陕西省延安市志丹县,108.762870,36.822035,WGS84
610626,610600,COUNTY,陕西省,延安市,吴起县,陕西省延安市吴起县,108.171487,36.927102,WGS84
610627,610600,COUNTY,陕西省,延安市,甘泉县,陕西省延安市甘泉县,109.345617,36.276581,WGS84
610628,610600,COUNTY,陕西省,延安市,富县,陕西省延安市富县,109.373374,35.988074,WGS84
610629,610600,COUNTY,陕西省,延安市,洛川县,陕西省延安市洛川县,109.427017,35.762650,WGS84
610630,610600,COUNTY,陕西省,延安市,宜川县,陕西省延安市宜川县,110.163454,36.050178,WGS84
610631,610600,COUNTY,陕西省,延安市,黄龙县,陕西省延安市黄龙县,109.835095,35.585035,WGS84
610632,610600,COUNTY,陕西省,延安市,黄陵县,陕西省延安市黄陵县,109.257759,35.579707,WGS84
610681,610600,COUNTY,陕西省,延安市,子长市,陕西省延安市子长市,109.669941,37.142119,WGS84
610700,610000,CITY,陕西省,汉中市,,陕西省汉中市,107.018687,33.068272,WGS84
610702,610700,COUNTY,陕西省,汉中市,汉台区,陕西省汉中市汉台区,107.027471,33.069397,WGS84
610703,610700,COUNTY,陕西省,汉中市,南郑区,陕西省汉中市南郑区,106.932066,33.002201,WGS84
610722,610700,COUNTY,陕西省,汉中市,城固县,陕西省汉中市城固县,107.329030,33.158728,WGS84
610723,610700,COUNTY,陕西省,汉中市,洋县,陕西省汉中市洋县,107.541103,33.224761,WGS84
610724,610700,COUNTY,陕西省,汉中市,西乡县,陕西省汉中市西乡县,107.761794,32.985285,WGS84
610725,610700,COUNTY,陕西省,汉中市,勉县,陕西省汉中市勉县,106.669155,33.155635,WGS84
610726,610700,COUNTY,陕西省,汉中市,宁强县,陕西省汉中市宁强县,106.253667,32.832156,WGS84
610727,610700,COUNTY,陕西省,汉中市,略阳县,陕西省汉中市略阳县,106.152446,33.328959,WGS84
610728,610700,COUNTY,陕西省,汉中市,镇巴县,陕西省汉中市镇巴县,107.890609,32.539113,WGS84
610729,610700,COUNTY,陕西省,汉中市,留坝县,陕西省汉中市留坝县,106.916599,33.619462,WGS84
610730,610700,COUNTY,陕西省,汉中市,佛坪县,陕西省汉中市佛坪县,107.985934,33.525966,WGS84
610800,610000,CITY,陕西省,榆林市,,陕西省榆林市,109.728526,38.285246,WGS84
610802,610800,COUNTY,陕西省,榆林市,榆阳区,陕西省榆林市榆阳区,109.714982,38.276577,WGS84
610803,610800,COUNTY,陕西省,榆林市,横山区,陕西省榆林市横山区,109.288705,37.961879,WGS84
610822,610800,COUNTY,陕西省,榆林市,府谷县,陕西省榆林市府谷县,111.010171,39.014842,WGS84
610824,610800,COUNTY,陕西省,榆林市,靖边县,陕西省榆林市靖边县,108.789151,37.599783,WGS84
610825,610800,COUNTY,陕西省,榆林市,定边县,陕西省榆林市定边县,107.596190,37.594590,WGS84
610826,610800,COUNTY,陕西省,榆林市,绥德县,陕西省榆林市绥德县,110.257695,37.502371,WGS84
610827,610800,COUNTY,陕西省,榆林市,米脂县,陕西省榆林市米脂县,110.178336,37.754429,WGS84
610828,610800,COUNTY,陕西省,榆林市,佳县,陕西省榆林市佳县,110.485629,38.018883,WGS84
610829,610800,COUNTY,陕西省,榆林市,吴堡县,陕西省榆林市吴堡县,110.733956,37.451575,WGS84
610830,610800,COUNTY,陕西省,榆林市,清涧县,陕西省榆林市清涧县,110.115486,37.088328,WGS84
610831,610800,COUNTY,陕西省,榆林市,子洲县,陕西省榆林市子洲县,110.029493,37.609846,WGS84
610881,610800,COUNTY,陕西省,榆林市,神木市,陕西省榆林市神木市,110.460982,38.898928,WGS84
610900,610000,CITY,陕西省,安康市,,陕西省安康市,109.024171,32.687518,WGS84
610902,610900,COUNTY,陕西省,安康市,汉滨区,陕西省安康市汉滨区,109.022089,32.697520,WGS84
610921,610900,COUNTY,陕西省,安康市,汉阴县,陕西省安康市汉阴县,108.504272,32.895117,WGS84
610922,610900,COUNTY,陕西省,安康市,石泉县,陕西省安康市石泉县,108.243503,33.040003,WGS84
610923,610900,COUNTY,陕西省,安康市,宁陕县,陕西省安康市宁陕县,108.309661,33.311994,WGS84
610924,610900,COUNTY,陕西省,安康市,紫阳县,陕西省安康市紫阳县,108.529882,32.522514,WGS84
610925,610900,COUNTY,陕西省,安康市,岚皋县,陕西省安康市岚皋县,108.897615,32.309416,WGS84
610926,610900,COUNTY,陕西省,安康市,平利县,陕西省安康市平利县,109.356808,32.391138,WGS84
610927,610900,COUNTY,陕西省,安康市,镇坪县,陕西省安康市镇坪县,109.521986,31.885879,WGS84
610929,610900,COUNTY,陕西省,安康市,白河县,陕西省安康市白河县,110.107311,32.810899,WGS84
610981,610900,COUNTY,陕西省,安康市,旬阳市,陕西省安康市旬阳市,109.356636,32.834139,WGS84
611000,610000,CITY,陕西省,商洛市,,陕西省商洛市,109.913692,33.875063,WGS84
611002,611000,COUNTY,陕西省,商洛市,商州区,陕西省商洛市商州区,109.936471,33.864663,WGS84
611021,611000,COUNTY,陕西省,商洛市,洛南县,陕西省商洛市洛南县,110.143159,34.092140,WGS84
611022,611000,COUNTY,陕西省,商洛市,丹凤县,陕西省商洛市丹凤县,110.322259,33.697731,WGS84
611023,611000,COUNTY,陕西省,商洛市,商南县,陕西省商洛市商南县,110.876426,33.532853,WGS84
611024,611000,COUNTY,陕西省,商洛市,山阳县,陕西省商洛市山阳县,109.877352,33.533971,WGS84
611025,611000,COUNTY,陕西省,商洛市,镇安县,陕西省商洛市镇安县,109.147765,33.425317,WGS84
611026,611000,COUNTY,陕西省,商洛市,柞水县,陕西省商洛市柞水县,109.108889,33.687450,WGS84
620000,,PROVINCE,甘肃省,,,甘肃省,103.824353,36.060943,WGS84
620100,620000,CITY,甘肃省,兰州市,,甘肃省兰州市,103.831820,36.061121,WGS84
620102,620100,COUNTY,甘肃省,兰州市,城关区,甘肃省兰州市城关区,103.822888,36.057255,WGS84
620103,620100,COUNTY,甘肃省,兰州市,七里河区,甘肃省兰州市七里河区,103.783765,36.066491,WGS84
620104,620100,COUNTY,甘肃省,兰州市,西固区,甘肃省兰州市西固区,103.625699,36.088838,WGS84
620105,620100,COUNTY,甘肃省,兰州市,安宁区,甘肃省兰州市安宁区,103.716472,36.104728,WGS84
620111,620100,COUNTY,甘肃省,兰州市,红古区,甘肃省兰州市红古区,102.857553,36.346082,WGS84
620121,620100,COUNTY,甘肃省,兰州市,永登县,甘肃省兰州市永登县,103.257972,36.736422,WGS84
620122,620100,COUNTY,甘肃省,兰州市,皋兰县,甘肃省兰州市皋兰县,103.944952,36.332730,WGS84
620123,620100,COUNTY,甘肃省,兰州市,榆中县,甘肃省兰州市榆中县,104.109735,35.843442,WGS84
620200,620000,CITY,甘肃省,嘉峪关市,,甘肃省嘉峪关市,98.287604,39.772420,WGS84
620300,620000,CITY,甘肃省,金昌市,,甘肃省金昌市,102.185978,38.521027,WGS84
620302,620300,COUNTY,甘肃省,金昌市,金川区,甘肃省金昌市金川区,102.191921,38.519942,WGS84
620321,620300,COUNTY,甘肃省,金昌市,永昌县,甘肃省金昌市永昌县,101.982747,38.243222,WGS84
620400,620000,CITY,甘肃省,白银市,,甘肃省白银市,104.136051,36.545028,WGS84
620402,620400,COUNTY,甘肃省,白银市,白银区,甘肃省白银市白银区,104.146757,36.534616,WGS84
620403,620400,COUNTY,甘肃省,白银市,平川区,甘肃省白银市平川区,104.822211,36.728519,WGS84
620421,620400,COUNTY,甘肃省,白银市,靖远县,甘肃省白银市靖远县,104.673331,36.571865,WGS84
620422,620400,COUNTY,甘肃省,白银市,会宁县,甘肃省白银市会宁县,105.049326,35.693417,WGS84
620423,620400,COUNTY,甘肃省,白银市,景泰县,甘肃省白银市景泰县,104.060290,37.183005,WGS84
620500,620000,CITY,甘肃省,天水市,,甘肃省天水市,105.720897,34.582834,WGS84
620502,620500,COUNTY,甘肃省,天水市,秦州区,甘肃省天水市秦州区,105.720983,34.582508,WGS84
620503,620500,COUNTY,甘肃省,天水市,麦积区,甘肃省天水市麦积区,105.885662,34.572632,WGS84
620521,620500,COUNTY,甘肃省,天水市,清水县,甘肃省天水市清水县,106.133050,34.750891,WGS84
620522,620500,COUNTY,甘肃省,天水市,秦安县,甘肃省天水市秦安县,105.671968,34.860229,WGS84
620523,620500,COUNTY,甘肃省,天水市,甘谷县,甘肃省天水市甘谷县,105.336979,34.746501,WGS84
620524,620500,COUNTY,甘肃省,天水市,武山县,甘肃省天水市武山县,104.888302,34.723207,WGS84
620525,620500,COUNTY,甘肃省,天水市,张家川回族自治县,甘肃省天水市张家川回族自治县,106.200972,34.989523,WGS84
620600,620000,CITY,甘肃省,武威市,,甘肃省武威市,102.636108,37.928697,WGS84
620602,620600,COUNTY,甘肃省,武威市,凉州区,甘肃省武威市凉州区,102.640237,37.927928,WGS84
620621,620600,COUNTY,甘肃省,武威市,民勤县,甘肃省武威市民勤县,103.091174,38.623691,WGS84
620622,620600,COUNTY,甘肃省,武威市,古浪县,甘肃省武威市古浪县,102.895726,37.470612,WGS84
620623,620600,COUNTY,甘肃省,武威市,天祝藏族自治县,甘肃省武威市天祝藏族自治县,103.140010,36.971633,WGS84
620700,620000,CITY,甘肃省,张掖市,,甘肃省张掖市,100.448152,38.924125,WGS84
620702,620700,COUNTY,甘肃省,张掖市,甘州区,甘肃省张掖市甘州区,100.413570,38.943620,WGS84
620721,620700,COUNTY,甘肃省,张掖市,肃南裕固族自治县,甘肃省张掖市肃南裕固族自治县,99.626519,38.838951,WGS84
620722,620700,COUNTY,甘肃省,张掖市,民乐县,甘肃省张掖市民乐县,100.810441,38.430046,WGS84
620723,620700,COUNTY,甘肃省,张掖市,临泽县,甘肃省张掖市临泽县,100.162685,39.151497,WGS84
620724,620700,COUNTY,甘肃省,张掖市,高台县,甘肃省张掖市高台县,99.817846,39.377628,WGS84
620725,620700,COUNTY,甘肃省,张掖市,山丹县,甘肃省张掖市山丹县,101.086489,38.783977,WGS84
620800,620000,CITY,甘肃省,平凉市,,甘肃省平凉市,106.660703,35.542891,WGS84
620802,620800,COUNTY,甘肃省,平凉市,崆峒区,甘肃省平凉市崆峒区,106.670650,35.542892,WGS84
620821,620800,COUNTY,甘肃省,平凉市,泾川县,甘肃省平凉市泾川县,107.362587,35.333347,WGS84
620822,620800,COUNTY,甘肃省,平凉市,灵台县,甘肃省平凉市灵台县,107.591232,35.070984,WGS84
620823,620800,COUNTY,甘肃省,平凉市,崇信县,甘肃省平凉市崇信县,107.021074,35.306126,WGS84
620825,620800,COUNTY,甘肃省,平凉市,庄浪县,甘肃省平凉市庄浪县,106.032002,35.203229,WGS84
620826,620800,COUNTY,甘肃省,平凉市,静宁县,甘肃省平凉市静宁县,105.728156,35.522434,WGS84
620881,620800,COUNTY,甘肃省,平凉市,华亭市,甘肃省平凉市华亭市,106.624804,35.208509,WGS84
620900,620000,CITY,甘肃省,酒泉市,,甘肃省酒泉市,98.493683,39.732591,WGS84
620902,620900,COUNTY,甘肃省,酒泉市,肃州区,甘肃省酒泉市肃州区,98.507244,39.744325,WGS84
620921,620900,COUNTY,甘肃省,酒泉市,金塔县,甘肃省酒泉市金塔县,98.900841,39.983504,WGS84
620922,620900,COUNTY,甘肃省,酒泉市,瓜州县,甘肃省酒泉市瓜州县,95.781228,40.519611,WGS84
620923,620900,COUNTY,甘肃省,酒泉市,肃北蒙古族自治县,甘肃省酒泉市肃北蒙古族自治县,94.875558,39.511645,WGS84
620924,620900,COUNTY,甘肃省,酒泉市,阿克塞哈萨克族自治县,甘肃省酒泉市阿克塞哈萨克族自治县,94.338820,39.633129,WGS84
620981,620900,COUNTY,甘肃省,酒泉市,玉门市,甘肃省酒泉市玉门市,97.044891,40.291407,WGS84
620982,620900,COUNTY,甘肃省,酒泉市,敦煌市,甘肃省酒泉市敦煌市,94.660968,40.141516,WGS84
621000,620000,CITY,甘肃省,庆阳市,,甘肃省庆阳市,107.638699,35.709862,WGS84
621002,621000,COUNTY,甘肃省,庆阳市,西峰区,甘肃省庆阳市西峰区,107.645814,35.730701,WGS84
621021,621000,COUNTY,甘肃省,庆阳市,庆城县,甘肃省庆阳市庆城县,107.877010,36.016450,WGS84
621022,621000,COUNTY,甘肃省,庆阳市,环县,甘肃省庆阳市环县,107.303815,36.568503,WGS84
621023,621000,COUNTY,甘肃省,庆阳市,华池县,甘肃省庆阳市华池县,107.984863,36.461543,WGS84
621024,621000,COUNTY,甘肃省,庆阳市,合水县,甘肃省庆阳市合水县,108.016949,35.834055,WGS84
621025,621000,COUNTY,甘肃省,庆阳市,正宁县,甘肃省庆阳市正宁县,108.355051,35.492376,WGS84
621026,621000,COUNTY,甘肃省,庆阳市,宁县,甘肃省庆阳市宁县,107.908834,35.509793,WGS84
621027,621000,COUNTY,甘肃省,庆阳市,镇原县,甘肃省庆阳市镇原县,107.196056,35.677929,WGS84
621100,620000,CITY,甘肃省,定西市,,甘肃省定西市,104.589723,35.608490,WGS84
621102,621100,COUNTY,甘肃省,定西市,安定区,甘肃省定西市安定区,104.608012,35.581475,WGS84
621121,621100,COUNTY,甘肃省,定西市,通渭县,甘肃省定西市通渭县,105.238711,35.211976,WGS84
621122,621100,COUNTY,甘肃省,定西市,陇西县,甘肃省定西市陇西县,104.632274,35.004962,WGS84
621123,621100,COUNTY,甘肃省,定西市,渭源县,甘肃省定西市渭源县,104.212484,35.137765,WGS84
621124,621100,COUNTY,甘肃省,定西市,临洮县,甘肃省定西市临洮县,103.857121,35.395659,WGS84
621125,621100,COUNTY,甘肃省,定西市,漳县,甘肃省定西市漳县,104.468913,34.849524,WGS84
621126,621100,COUNTY,甘肃省,定西市,岷县,甘肃省定西市岷县,104.034122,34.439668,WGS84
621200,620000,CITY,甘肃省,陇南市,,甘肃省陇南市,104.957302,33.372085,WGS84
621202,621200,COUNTY,甘肃省,陇南市,武都区,甘肃省陇南市武都区,104.918985,33.402640,WGS84
621221,621200,COUNTY,甘肃省,陇南市,成县,甘肃省陇南市成县,105.725688,33.742186,WGS84
621222,621200,COUNTY,甘肃省,陇南市,文县,甘肃省陇南市文县,104.680804,32.946187,WGS84
621223,621200,COUNTY,甘肃省,陇南市,宕昌县,甘肃省陇南市宕昌县,104.390561,34.048662,WGS84
621224,621200,COUNTY,甘肃省,陇南市,康县,甘肃省陇南市康县,105.605025,33.331201,WGS84
621225,621200,COUNTY,甘肃省,陇南市,西和县,甘肃省陇南市西和县,105.295129,34.015754,WGS84
621226,621200,COUNTY,甘肃省,陇南市,礼县,甘肃省陇南市礼县,105.175077,34.190788,WGS84
621227,621200,COUNTY,甘肃省,陇南市,徽县,甘肃省陇南市徽县,106.082946,33.771361,WGS84
621228,621200,COUNTY,甘肃省,陇南市,两当县,甘肃省陇南市两当县,106.300863,33.910486,WGS84
622900,620000,CITY,甘肃省,临夏回族自治州,,甘肃省临夏回族自治州,103.208141,35.602148,WGS84
622901,622900,COUNTY,甘肃省,临夏回族自治州,临夏市,甘肃省临夏回族自治州临夏市,103.239987,35.605065,WGS84
622921,622900,COUNTY,甘肃省,临夏回族自治州,临夏县,甘肃省临夏回族自治州临夏县,103.038481,35.479087,WGS84
622922,622900,COUNTY,甘肃省,临夏回族自治州,康乐县,甘肃省临夏回族自治州康乐县,103.706084,35.370874,WGS84
622923,622900,COUNTY,甘肃省,临夏回族自治州,永靖县,甘肃省临夏回族自治州永靖县,103.283548,35.958539,WGS84
622924,622900,COUNTY,甘肃省,临夏回族自治州,广河县,甘肃省临夏回族自治州广河县,103.573368,35.488872,WGS84
622925,622900,COUNTY,甘肃省,临夏回族自治州,和政县,甘肃省临夏回族自治州和政县,103.348536,35.424975,WGS84
622926,622900,COUNTY,甘肃省,临夏回族自治州,东乡族自治县,甘肃省临夏回族自治州东乡族自治县,103.385568,35.664581,WGS84
622927,622900,COUNTY,甘肃省,临夏回族自治州,积石山保安族东乡族撒拉族自治县,甘肃省临夏回族自治州积石山保安族东乡族撒拉族自治县,102.874196,35.718203,WGS84
623000,620000,CITY,甘肃省,甘南藏族自治州,,甘肃省甘南藏族自治州,102.910014,34.984403,WGS84
623001,623000,COUNTY,甘肃省,甘南藏族自治州,合作市,甘肃省甘南藏族自治州合作市,102.908584,35.001347,WGS84
623021,623000,COUNTY,甘肃省,甘南藏族自治州,临潭县,甘肃省甘南藏族自治州临潭县,103.351235,34.694122,WGS84
623022,623000,COUNTY,甘肃省,甘南藏族自治州,卓尼县,甘肃省甘南藏族自治州卓尼县,103.504518,34.590826,WGS84
623023,623000,COUNTY,甘肃省,甘南藏族自治州,舟曲县,甘肃省甘南藏族自治州舟曲县,104.249021,33.795335,WGS84
623024,623000,COUNTY,甘肃省,甘南藏族自治州,迭部县,甘肃省甘南藏族自治州迭部县,103.219571,34.057471,WGS84
623025,623000,COUNTY,甘肃省,甘南藏族自治州,玛曲县,甘肃省甘南藏族自治州玛曲县,102.070656,33.999609,WGS84
623026,623000,COUNTY,甘肃省,甘南藏族自治州,碌曲县,甘肃省甘南藏族自治州碌曲县,102.485738,34.592394,WGS84
623027,623000,COUNTY,甘肃省,甘南藏族自治州,夏河县,甘肃省甘南藏族自治州夏河县,102.546698,35.204706,WGS84
630000,,PROVINCE,青海省,,,青海省,101.778550,36.622617,WGS84
630100,630000,CITY,青海省,西宁市,,青海省西宁市,101.756292,36.676061,WGS84
630102,630100,COUNTY,青海省,西宁市,城东区,青海省西宁市城东区,101.801831,36.599867,WGS84
630103,630100,COUNTY,青海省,西宁市,城中区,青海省西宁市城中区,101.703442,36.545690,WGS84
630104,630100,COUNTY,青海省,西宁市,城西区,青海省西宁市城西区,101.763965,36.628353,WGS84
630105,630100,COUNTY,青海省,西宁市,城北区,青海省西宁市城北区,101.764357,36.650116,WGS84
630106,630100,COUNTY,青海省,西宁市,湟中区,青海省西宁市湟中区,101.569920,36.501589,WGS84
630121,630100,COUNTY,青海省,西宁市,大通回族土族自治县,青海省西宁市大通回族土族自治县,101.683610,36.926810,WGS84
630123,630100,COUNTY,青海省,西宁市,湟源县,青海省西宁市湟源县,101.254568,36.682464,WGS84
630200,630000,CITY,青海省,海东市,,青海省海东市,102.408620,36.473391,WGS84
630202,630200,COUNTY,青海省,海东市,乐都区,青海省海东市乐都区,102.399593,36.482180,WGS84
630203,630200,COUNTY,青海省,海东市,平安区,青海省海东市平安区,102.106470,36.500103,WGS84
630222,630200,COUNTY,青海省,海东市,民和回族土族自治县,青海省海东市民和回族土族自治县,102.828948,36.320310,WGS84
630223,630200,COUNTY,青海省,海东市,互助土族自治县,青海省海东市互助土族自治县,101.956762,36.844065,WGS84
630224,630200,COUNTY,青海省,海东市,化隆回族自治县,青海省海东市化隆回族自治县,102.029344,36.011437,WGS84
630225,630200,COUNTY,青海省,海东市,循化撒拉族自治县,青海省海东市循化撒拉族自治县,102.487137,35.851337,WGS84
632200,630000,CITY,青海省,海北藏族自治州,,青海省海北藏族自治州,100.899491,36.954658,WGS84
632221,632200,COUNTY,青海省,海北藏族自治州,门源回族自治县,青海省海北藏族自治州门源回族自治县,101.609742,37.388346,WGS84
632222,632200,COUNTY,青海省,海北藏族自治州,祁连县,青海省海北藏族自治州祁连县,100.251741,38.176774,WGS84
632223,632200,COUNTY,青海省,海北藏族自治州,海晏县,青海省海北藏族自治州海晏县,100.992803,36.896589,WGS84
632224,632200,COUNTY,青海省,海北藏族自治州,刚察县,青海省海北藏族自治州刚察县,100.144045,37.324603,WGS84
632300,630000,CITY,青海省,黄南藏族自治州,,青海省黄南藏族自治州,102.013517,35.519736,WGS84
632301,632300,COUNTY,青海省,黄南藏族自治州,同仁市,青海省黄南藏族自治州同仁市,102.016773,35.516181,WGS84
632322,632300,COUNTY,青海省,黄南藏族自治州,尖扎县,青海省黄南藏族自治州尖扎县,102.038122,35.943426,WGS84
632323,632300,COUNTY,青海省,黄南藏族自治州,泽库县,青海省黄南藏族自治州泽库县,101.464545,35.036143,WGS84
632324,632300,COUNTY,青海省,黄南藏族自治州,河南蒙古族自治县,青海省黄南藏族自治州河南蒙古族自治县,101.616040,34.736194,WGS84
632500,630000,CITY,青海省,海南藏族自治州,,青海省海南藏族自治州,100.621367,36.296797,WGS84
632521,632500,COUNTY,青海省,海南藏族自治州,共和县,青海省海南藏族自治州共和县,100.618131,36.284563,WGS84
632522,632500,COUNTY,青海省,海南藏族自治州,同德县,青海省海南藏族自治州同德县,100.576635,35.255178,WGS84
632523,632500,COUNTY,青海省,海南藏族自治州,贵德县,青海省海南藏族自治州贵德县,101.431894,36.039777,WGS84
632524,632500,COUNTY,青海省,海南藏族自治州,兴海县,青海省海南藏族自治州兴海县,99.986468,35.589579,WGS84
632525,632500,COUNTY,青海省,海南藏族自治州,贵南县,青海省海南藏族自治州贵南县,100.746197,35.587679,WGS84
632600,630000,CITY,青海省,果洛藏族自治州,,青海省果洛藏族自治州,100.243820,34.473657,WGS84
632621,632600,COUNTY,青海省,果洛藏族自治州,玛沁县,青海省果洛藏族自治州玛沁县,100.237530,34.479521,WGS84
632622,632600,COUNTY,青海省,果洛藏族自治州,班玛县,青海省果洛藏族自治州班玛县,100.735707,32.934874,WGS84
632623,632600,COUNTY,青海省,果洛藏族自治州,甘德县,青海省果洛藏族自治州甘德县,99.899816,33.971075,WGS84
632624,632600,COUNTY,青海省,果洛藏族自治州,达日县,青海省果洛藏族自治州达日县,99.650730,33.741155,WGS84
632625,632600,COUNTY,青海省,果洛藏族自治州,久治县,青海省果洛藏族自治州久治县,101.480927,33.431230,WGS84
632626,632600,COUNTY,青海省,果洛藏族自治州,玛多县,青海省果洛藏族自治州玛多县,98.208723,34.916725,WGS84
632700,630000,CITY,青海省,玉树藏族自治州,,青海省玉树藏族自治州,97.005863,33.008447,WGS84
632701,632700,COUNTY,青海省,玉树藏族自治州,玉树市,青海省玉树藏族自治州玉树市,97.008744,32.995073,WGS84
632722,632700,COUNTY,青海省,玉树藏族自治州,杂多县,青海省玉树藏族自治州杂多县,95.299605,32.895400,WGS84
632723,632700,COUNTY,青海省,玉树藏族自治州,称多县,青海省玉树藏族自治州称多县,97.108823,33.379236,WGS84
632724,632700,COUNTY,青海省,玉树藏族自治州,治多县,青海省玉树藏族自治州治多县,95.618175,33.846801,WGS84
632725,632700,COUNTY,青海省,玉树藏族自治州,囊谦县,青海省玉树藏族自治州囊谦县,96.489132,32.205572,WGS84
632726,632700,COUNTY,青海省,玉树藏族自治州,曲麻莱县,青海省玉树藏族自治州曲麻莱县,95.804651,34.139108,WGS84
632800,630000,CITY,青海省,海西蒙古族藏族自治州,,青海省海西蒙古族藏族自治州,97.331256,37.347711,WGS84
632801,632800,COUNTY,青海省,海西蒙古族藏族自治州,格尔木市,青海省海西蒙古族藏族自治州格尔木市,94.927384,36.407738,WGS84
632802,632800,COUNTY,青海省,海西蒙古族藏族自治州,德令哈市,青海省海西蒙古族藏族自治州德令哈市,97.360743,37.369401,WGS84
632803,632800,COUNTY,青海省,海西蒙古族藏族自治州,茫崖市,青海省海西蒙古族藏族自治州茫崖市,90.855005,38.247546,WGS84
632821,632800,COUNTY,青海省,海西蒙古族藏族自治州,乌兰县,青海省海西蒙古族藏族自治州乌兰县,98.479263,36.941135,WGS84
632822,632800,COUNTY,青海省,海西蒙古族藏族自治州,都兰县,青海省海西蒙古族藏族自治州都兰县,98.095163,36.302184,WGS84
632823,632800,COUNTY,青海省,海西蒙古族藏族自治州,天峻县,青海省海西蒙古族藏族自治州天峻县,99.021926,37.300825,WGS84
632825,632800,COUNTY,青海省,海西蒙古族藏族自治州,大柴旦行政委员会,青海省海西蒙古族藏族自治州大柴旦行政委员会,95.355865,37.853180,WGS84
640000,,PROVINCE,宁夏回族自治区,,,宁夏回族自治区,106.254493,38.471822,WGS84
640100,640000,CITY,宁夏回族自治区,银川市,,宁夏回族自治区银川市,106.226575,38.487320,WGS84
640104,640100,COUNTY,宁夏回族自治区,银川市,兴庆区,宁夏回族自治区银川市兴庆区,106.284021,38.473499,WGS84
640105,640100,COUNTY,宁夏回族自治区,银川市,西夏区,宁夏回族自治区银川市西夏区,106.156679,38.501749,WGS84
640106,640100,COUNTY,宁夏回族自治区,银川市,金凤区,宁夏回族自治区银川市金凤区,106.234943,38.473822,WGS84
640121,640100,COUNTY,宁夏回族自治区,银川市,永宁县,宁夏回族自治区银川市永宁县,106.248993,38.276928,WGS84
640122,640100,COUNTY,宁夏回族自治区,银川市,贺兰县,宁夏回族自治区银川市贺兰县,106.360442,38.578522,WGS84
640181,640100,COUNTY,宁夏回族自治区,银川市,灵武市,宁夏回族自治区银川市灵武市,106.335451,38.101870,WGS84
640200,640000,CITY,宁夏回族自治区,石嘴山市,,宁夏回族自治区石嘴山市,106.378088,38.983795,WGS84
640202,640200,COUNTY,宁夏回族自治区,石嘴山市,大武口区,宁夏回族自治区石嘴山市大武口区,106.374622,39.017555,WGS84
640205,640200,COUNTY,宁夏回族自治区,石嘴山市,惠农区,宁夏回族自治区石嘴山市惠农区,106.776278,39.238481,WGS84
640221,640200,COUNTY,宁夏回族自治区,石嘴山市,平罗县,宁夏回族自治区石嘴山市平罗县,106.518940,38.913354,WGS84
640300,640000,CITY,宁夏回族自治区,吴忠市,,宁夏回族自治区吴忠市,106.194206,37.997205,WGS84
640302,640300,COUNTY,宁夏回族自治区,吴忠市,利通区,宁夏回族自治区吴忠市利通区,106.231484,38.002477,WGS84
640303,640300,COUNTY,宁夏回族自治区,吴忠市,红寺堡区,宁夏回族自治区吴忠市红寺堡区,106.057711,37.424841,WGS84
640323,640300,COUNTY,宁夏回族自治区,吴忠市,盐池县,宁夏回族自治区吴忠市盐池县,107.401885,37.782529,WGS84
640324,640300,COUNTY,宁夏回族自治区,吴忠市,同心县,宁夏回族自治区吴忠市同心县,105.891454,36.954582,WGS84
640381,640300,COUNTY,宁夏回族自治区,吴忠市,青铜峡市,宁夏回族自治区吴忠市青铜峡市,106.074527,38.020917,WGS84
640400,640000,CITY,宁夏回族自治区,固原市,,宁夏回族自治区固原市,106.238474,36.016463,WGS84
640402,640400,COUNTY,宁夏回族自治区,固原市,原州区,宁夏回族自治区固原市原州区,106.283610,36.003944,WGS84
640422,640400,COUNTY,宁夏回族自治区,固原市,西吉县,宁夏回族自治区固原市西吉县,105.725152,35.964104,WGS84
640423,640400,COUNTY,宁夏回族自治区,固原市,隆德县,宁夏回族自治区固原市隆德县,106.106963,35.626058,WGS84
640424,640400,COUNTY,宁夏回族自治区,固原市,泾源县,宁夏回族自治区固原市泾源县,106.326279,35.498192,WGS84
640425,640400,COUNTY,宁夏回族自治区,固原市,彭阳县,宁夏回族自治区固原市彭阳县,106.628001,35.860450,WGS84
640500,640000,CITY,宁夏回族自治区,中卫市,,宁夏回族自治区中卫市,105.192999,37.499624,WGS84
640502,640500,COUNTY,宁夏回族自治区,中卫市,沙坡头区,宁夏回族自治区中卫市沙坡头区,105.170078,37.516253,WGS84
640521,640500,COUNTY,宁夏回族自治区,中卫市,中宁县,宁夏回族自治区中卫市中宁县,105.680681,37.491655,WGS84
640522,640500,COUNTY,宁夏回族自治区,中卫市,海原县,宁夏回族自治区中卫市海原县,105.639585,36.565362,WGS84
650000,,PROVINCE,新疆维吾尔自治区,,,新疆维吾尔自治区,87.625720,43.792068,WGS84
650100,650000,CITY,新疆维吾尔自治区,乌鲁木齐市,,新疆维吾尔自治区乌鲁木齐市,87.613977,43.824173,WGS84
650102,650100,COUNTY,新疆维吾尔自治区,乌鲁木齐市,天山区,新疆维吾尔自治区乌鲁木齐市天山区,87.629122,43.793076,WGS84
650103,650100,COUNTY,新疆维吾尔自治区,乌鲁木齐市,沙依巴克区,新疆维吾尔自治区乌鲁木齐市沙依巴克区,87.595204,43.799782,WGS84
650104,650100,COUNTY,新疆维吾尔自治区,乌鲁木齐市,新市区,新疆维吾尔自治区乌鲁木齐市新市区,87.589838,43.891864,WGS84
650105,650100,COUNTY,新疆维吾尔自治区,乌鲁木齐市,水磨沟区,新疆维吾尔自治区乌鲁木齐市水磨沟区,87.639196,43.831486,WGS84
650106,650100,COUNTY,新疆维吾尔自治区,乌鲁木齐市,头屯河区,新疆维吾尔自治区乌鲁木齐市头屯河区,87.422509,43.874528,WGS84
650107,650100,COUNTY,新疆维吾尔自治区,乌鲁木齐市,达坂城区,新疆维吾尔自治区乌鲁木齐市达坂城区,88.308222,43.362063,WGS84
650109,650100,COUNTY,新疆维吾尔自治区,乌鲁木齐市,米东区,新疆维吾尔自治区乌鲁木齐市米东区,87.652202,43.973278,WGS84
650121,650100,COUNTY,新疆维吾尔自治区,乌鲁木齐市,乌鲁木齐县,新疆维吾尔自治区乌鲁木齐市乌鲁木齐县,87.461044,43.507397,WGS84
650200,650000,CITY,新疆维吾尔自治区,克拉玛依市,,新疆维吾尔自治区克拉玛依市,84.886833,45.576906,WGS84
650202,650200,COUNTY,新疆维吾尔自治区,克拉玛依市,独山子区,新疆维吾尔自治区克拉玛依市独山子区,84.884617,44.327263,WGS84
650203,650200,COUNTY,新疆维吾尔自治区,克拉玛依市,克拉玛依区,新疆维吾尔自治区克拉玛依市克拉玛依区,84.865431,45.601524,WGS84
650204,650200,COUNTY,新疆维吾尔自治区,克拉玛依市,白碱滩区,新疆维吾尔自治区克拉玛依市白碱滩区,85.116045,45.684269,WGS84
650205,650200,COUNTY,新疆维吾尔自治区,克拉玛依市,乌尔禾区,新疆维吾尔自治区克拉玛依市乌尔禾区,85.684774,46.092675,WGS84
650400,650000,CITY,新疆维吾尔自治区,吐鲁番市,,新疆维吾尔自治区吐鲁番市,89.247504,42.971237,WGS84
650402,650400,COUNTY,新疆维吾尔自治区,吐鲁番市,高昌区,新疆维吾尔自治区吐鲁番市高昌区,89.183033,42.941167,WGS84
650421,650400,COUNTY,新疆维吾尔自治区,吐鲁番市,鄯善县,新疆维吾尔自治区吐鲁番市鄯善县,90.240858,42.899072,WGS84
650422,650400,COUNTY,新疆维吾尔自治区,吐鲁番市,托克逊县,新疆维吾尔自治区吐鲁番市托克逊县,88.641240,42.801302,WGS84
650500,650000,CITY,新疆维吾尔自治区,哈密市,,新疆维吾尔自治区哈密市,93.513449,42.817829,WGS84
650502,650500,COUNTY,新疆维吾尔自治区,哈密市,伊州区,新疆维吾尔自治区哈密市伊州区,93.424049,42.833758,WGS84
650521,650500,COUNTY,新疆维吾尔自治区,哈密市,巴里坤哈萨克自治县,新疆维吾尔自治区哈密市巴里坤哈萨克自治县,93.015013,43.597085,WGS84
650522,650500,COUNTY,新疆维吾尔自治区,哈密市,伊吾县,新疆维吾尔自治区哈密市伊吾县,94.695855,43.253326,WGS84
652300,650000,CITY,新疆维吾尔自治区,昌吉回族自治州,,新疆维吾尔自治区昌吉回族自治州,87.305891,44.009730,WGS84
652301,652300,COUNTY,新疆维吾尔自治区,昌吉回族自治州,昌吉市,新疆维吾尔自治区昌吉回族自治州昌吉市,87.264418,44.013207,WGS84
652302,652300,COUNTY,新疆维吾尔自治区,昌吉回族自治州,阜康市,新疆维吾尔自治区昌吉回族自治州阜康市,87.950996,44.163477,WGS84
652323,652300,COUNTY,新疆维吾尔自治区,昌吉回族自治州,呼图壁县,新疆维吾尔自治区昌吉回族自治州呼图壁县,86.869026,44.178382,WGS84
652324,652300,COUNTY,新疆维吾尔自治区,昌吉回族自治州,玛纳斯县,新疆维吾尔自治区昌吉回族自治州玛纳斯县,86.202271,44.283494,WGS84
652325,652300,COUNTY,新疆维吾尔自治区,昌吉回族自治州,奇台县,新疆维吾尔自治区昌吉回族自治州奇台县,89.588502,44.020253,WGS84
652327,652300,COUNTY,新疆维吾尔自治区,昌吉回族自治州,吉木萨尔县,新疆维吾尔自治区昌吉回族自治州吉木萨尔县,89.176768,43.999003,WGS84
652328,652300,COUNTY,新疆维吾尔自治区,昌吉回族自治州,木垒哈萨克自治县,新疆维吾尔自治区昌吉回族自治州木垒哈萨克自治县,90.284005,43.833163,WGS84
652700,650000,CITY,新疆维吾尔自治区,博尔塔拉蒙古自治州,,新疆维吾尔自治区博尔塔拉蒙古自治州,82.063087,44.905023,WGS84
652701,652700,COUNTY,新疆维吾尔自治区,博尔塔拉蒙古自治州,博乐市,新疆维吾尔自治区博尔塔拉蒙古自治州博乐市,82.048194,44.852900,WGS84
652702,652700,COUNTY,新疆维吾尔自治区,博尔塔拉蒙古自治州,阿拉山口市,新疆维吾尔自治区博尔塔拉蒙古自治州阿拉山口市,82.551792,45.172494,WGS84
652722,652700,COUNTY,新疆维吾尔自治区,博尔塔拉蒙古自治州,精河县,新疆维吾尔自治区博尔塔拉蒙古自治州精河县,82.887869,44.598508,WGS84
652723,652700,COUNTY,新疆维吾尔自治区,博尔塔拉蒙古自治州,温泉县,新疆维吾尔自治区博尔塔拉蒙古自治州温泉县,81.022020,44.967951,WGS84
652800,650000,CITY,新疆维吾尔自治区,巴音郭楞蒙古自治州,,新疆维吾尔自治区巴音郭楞蒙古自治州,86.142639,41.762607,WGS84
652801,652800,COUNTY,新疆维吾尔自治区,巴音郭楞蒙古自治州,库尔勒市,新疆维吾尔自治区巴音郭楞蒙古自治州库尔勒市,86.172054,41.724437,WGS84
652822,652800,COUNTY,新疆维吾尔自治区,巴音郭楞蒙古自治州,轮台县,新疆维吾尔自治区巴音郭楞蒙古自治州轮台县,84.248906,41.776726,WGS84
652823,652800,COUNTY,新疆维吾尔自治区,巴音郭楞蒙古自治州,尉犁县,新疆维吾尔自治区巴音郭楞蒙古自治州尉犁县,86.259191,41.342632,WGS84
652824,652800,COUNTY,新疆维吾尔自治区,巴音郭楞蒙古自治州,若羌县,新疆维吾尔自治区巴音郭楞蒙古自治州若羌县,88.164423,39.022219,WGS84
652825,652800,COUNTY,新疆维吾尔自治区,巴音郭楞蒙古自治州,且末县,新疆维吾尔自治区巴音郭楞蒙古自治州且末县,85.527211,38.145787,WGS84
652826,652800,COUNTY,新疆维吾尔自治区,巴音郭楞蒙古自治州,焉耆回族自治县,新疆维吾尔自治区巴音郭楞蒙古自治州焉耆回族自治县,86.572096,42.058330,WGS84
652827,652800,COUNTY,新疆维吾尔自治区,巴音郭楞蒙古自治州,和静县,新疆维吾尔自治区巴音郭楞蒙古自治州和静县,86.381379,42.322135,WGS84
652828,652800,COUNTY,新疆维吾尔自治区,巴音郭楞蒙古自治州,和硕县,新疆维吾尔自治区巴音郭楞蒙古自治州和硕县,86.875268,42.282451,WGS84
652829,652800,COUNTY,新疆维吾尔自治区,巴音郭楞蒙古自治州,博湖县,新疆维吾尔自治区巴音郭楞蒙古自治州博湖县,86.629845,41.979548,WGS84
652900,650000,CITY,新疆维吾尔自治区,阿克苏地区,,新疆维吾尔自治区阿克苏地区,80.262898,41.169729,WGS84
652901,652900,COUNTY,新疆维吾尔自治区,阿克苏地区,阿克苏市,新疆维吾尔自治区阿克苏地区阿克苏市,80.261218,41.166570,WGS84
652902,652900,COUNTY,新疆维吾尔自治区,阿克苏地区,库车市,新疆维吾尔自治区阿克苏地区库车市,82.995560,41.717802,WGS84
652922,652900,COUNTY,新疆维吾尔自治区,阿克苏地区,温宿县,新疆维吾尔自治区阿克苏地区温宿县,80.229382,41.272501,WGS84
652924,652900,COUNTY,新疆维吾尔自治区,阿克苏地区,沙雅县,新疆维吾尔自治区阿克苏地区沙雅县,82.778901,41.220352,WGS84
652925,652900,COUNTY,新疆维吾尔自治区,阿克苏地区,新和县,新疆维吾尔自治区阿克苏地区新和县,82.617746,41.551030,WGS84
652926,652900,COUNTY,新疆维吾尔自治区,阿克苏地区,拜城县,新疆维吾尔自治区阿克苏地区拜城县,81.848503,41.794161,WGS84
652927,652900,COUNTY,新疆维吾尔自治区,阿克苏地区,乌什县,新疆维吾尔自治区阿克苏地区乌什县,79.218890,41.221695,WGS84
652928,652900,COUNTY,新疆维吾尔自治区,阿克苏地区,阿瓦提县,新疆维吾尔自治区阿克苏地区阿瓦提县,80.372678,40.642899,WGS84
652929,652900,COUNTY,新疆维吾尔自治区,阿克苏地区,柯坪县,新疆维吾尔自治区阿克苏地区柯坪县,79.051647,40.501033,WGS84
653000,650000,CITY,新疆维吾尔自治区,克孜勒苏柯尔克孜自治州,,新疆维吾尔自治区克孜勒苏柯尔克孜自治州,76.165110,39.715817,WGS84
653001,653000,COUNTY,新疆维吾尔自治区,克孜勒苏柯尔克孜自治州,阿图什市,新疆维吾尔自治区克孜勒苏柯尔克孜自治州阿图什市,76.081358,39.667236,WGS84
653022,653000,COUNTY,新疆维吾尔自治区,克孜勒苏柯尔克孜自治州,阿克陶县,新疆维吾尔自治区克孜勒苏柯尔克孜自治州阿克陶县,75.952215,39.147613,WGS84
653023,653000,COUNTY,新疆维吾尔自治区,克孜勒苏柯尔克孜自治州,阿合奇县,新疆维吾尔自治区克孜勒苏柯尔克孜自治州阿合奇县,78.399638,40.936645,WGS84
653024,653000,COUNTY,新疆维吾尔自治区,克孜勒苏柯尔克孜自治州,乌恰县,新疆维吾尔自治区克孜勒苏柯尔克孜自治州乌恰县,75.256122,39.720207,WGS84
653100,650000,CITY,新疆维吾尔自治区,喀什地区,,新疆维吾尔自治区喀什地区,75.987670,39.469994,WGS84
653101,653100,COUNTY,新疆维吾尔自治区,喀什地区,喀什市,新疆维吾尔自治区喀什地区喀什市,75.990977,39.468000,WGS84
653121,653100,COUNTY,新疆维吾尔自治区,喀什地区,疏附县,新疆维吾尔自治区喀什地区疏附县,75.859976,39.374983,WGS84
653122,653100,COUNTY,新疆维吾尔自治区,喀什地区,疏勒县,新疆维吾尔自治区喀什地区疏勒县,76.044049,39.400817,WGS84
653123,653100,COUNTY,新疆维吾尔自治区,喀什地区,英吉沙县,新疆维吾尔自治区喀什地区英吉沙县,76.172730,38.930300,WGS84
653124,653100,COUNTY,新疆维吾尔自治区,喀什地区,泽普县,新疆维吾尔自治区喀什地区泽普县,77.257569,38.184776,WGS84
653125,653100,COUNTY,新疆维吾尔自治区,喀什地区,莎车县,新疆维吾尔自治区喀什地区莎车县,77.220366,38.391024,WGS84
653126,653100,COUNTY,新疆维吾尔自治区,喀什地区,叶城县,新疆维吾尔自治区喀什地区叶城县,77.410659,37.882876,WGS84
653127,653100,COUNTY,新疆维吾尔自治区,喀什地区,麦盖提县,新疆维吾尔自治区喀什地区麦盖提县,77.606601,38.899167,WGS84
653128,653100,COUNTY,新疆维吾尔自治区,喀什地区,岳普湖县,新疆维吾尔自治区喀什地区岳普湖县,76.818593,39.219766,WGS84
653129,653100,COUNTY,新疆维吾尔自治区,喀什地区,伽师县,新疆维吾尔自治区喀什地区伽师县,76.720969,39.487917,WGS84
653130,653100,COUNTY,新疆维吾尔自治区,喀什地区,巴楚县,新疆维吾尔自治区喀什地区巴楚县,78.546042,39.798986,WGS84
653131,653100,COUNTY,新疆维吾尔自治区,喀什地区,塔什库尔干塔吉克自治县,新疆维吾尔自治区喀什地区塔什库尔干塔吉克自治县,75.226844,37.772174,WGS84
653200,650000,CITY,新疆维吾尔自治区,和田地区,,新疆维吾尔自治区和田地区,79.919731,37.114748,WGS84
653201,653200,COUNTY,新疆维吾尔自治区,和田地区,和田市,新疆维吾尔自治区和田地区和田市,79.910970,37.112595,WGS84
653221,653200,COUNTY,新疆维吾尔自治区,和田地区,和田县,新疆维吾尔自治区和田地区和田县,79.846007,37.248993,WGS84
653222,653200,COUNTY,新疆维吾尔自治区,和田地区,墨玉县,新疆维吾尔自治区和田地区墨玉县,79.726256,37.277606,WGS84
653223,653200,COUNTY,新疆维吾尔自治区,和田地区,皮山县,新疆维吾尔自治区和田地区皮山县,78.283274,37.578264,WGS84
653224,653200,COUNTY,新疆维吾尔自治区,和田地区,洛浦县,新疆维吾尔自治区和田地区洛浦县,80.177734,37.066333,WGS84
653225,653200,COUNTY,新疆维吾尔自治区,和田地区,策勒县,新疆维吾尔自治区和田地区策勒县,80.799226,36.998116,WGS84
653226,653200,COUNTY,新疆维吾尔自治区,和田地区,于田县,新疆维吾尔自治区和田地区于田县,81.674741,36.857472,WGS84
653227,653200,COUNTY,新疆维吾尔自治区,和田地区,民丰县,新疆维吾尔自治区和田地区民丰县,82.693302,37.064625,WGS84
654000,650000,CITY,新疆维吾尔自治区,伊犁哈萨克自治州,,新疆维吾尔自治区伊犁哈萨克自治州,81.320653,43.915860,WGS84
654002,654000,COUNTY,新疆维吾尔自治区,伊犁哈萨克自治州,伊宁市,新疆维吾尔自治区伊犁哈萨克自治州伊宁市,81.274806,43.906839,WGS84
654003,654000,COUNTY,新疆维吾尔自治区,伊犁哈萨克自治州,奎屯市,新疆维吾尔自治区伊犁哈萨克自治州奎屯市,84.900860,44.425666,WGS84
654004,654000,COUNTY,新疆维吾尔自治区,伊犁哈萨克自治州,霍尔果斯市,新疆维吾尔自治区伊犁哈萨克自治州霍尔果斯市,80.412093,44.217246,WGS84
654021,654000,COUNTY,新疆维吾尔自治区,伊犁哈萨克自治州,伊宁县,新疆维吾尔自治区伊犁哈萨克自治州伊宁县,81.524513,43.976058,WGS84
654022,654000,COUNTY,新疆维吾尔自治区,伊犁哈萨克自治州,察布查尔锡伯自治县,新疆维吾尔自治区伊犁哈萨克自治州察布查尔锡伯自治县,81.148362,43.839381,WGS84
654023,654000,COUNTY,新疆维吾尔自治区,伊犁哈萨克自治州,霍城县,新疆维吾尔自治区伊犁哈萨克自治州霍城县,80.876541,44.055436,WGS84
654024,654000,COUNTY,新疆维吾尔自治区,伊犁哈萨克自治州,巩留县,新疆维吾尔自治区伊犁哈萨克自治州巩留县,82.228261,43.481740,WGS84
654025,654000,COUNTY,新疆维吾尔自治区,伊犁哈萨克自治州,新源县,新疆维吾尔自治区伊犁哈萨克自治州新源县,83.229830,43.433381,WGS84
654026,654000,COUNTY,新疆维吾尔自治区,伊犁哈萨克自治州,昭苏县,新疆维吾尔自治区伊犁哈萨克自治州昭苏县,81.128007,43.155782,WGS84
654027,654000,COUNTY,新疆维吾尔自治区,伊犁哈萨克自治州,特克斯县,新疆维吾尔自治区伊犁哈萨克自治州特克斯县,81.832846,43.217165,WGS84
654028,654000,COUNTY,新疆维吾尔自治区,伊犁哈萨克自治州,尼勒克县,新疆维吾尔自治区伊犁哈萨克自治州尼勒克县,82.508981,43.797387,WGS84
654200,650000,CITY,新疆维吾尔自治区,塔城地区,,新疆维吾尔自治区塔城地区,82.977166,46.744663,WGS84
654201,654200,COUNTY,新疆维吾尔自治区,塔城地区,塔城市,新疆维吾尔自治区塔城地区塔城市,82.983742,46.750947,WGS84
654202,654200,COUNTY,新疆维吾尔自治区,塔城地区,乌苏市,新疆维吾尔自治区塔城地区乌苏市,84.711226,44.417751,WGS84
654203,654200,COUNTY,新疆维吾尔自治区,塔城地区,沙湾市,新疆维吾尔自治区塔城地区沙湾市,85.616979,44.325413,WGS84
654221,654200,COUNTY,新疆维吾尔自治区,塔城地区,额敏县,新疆维吾尔自治区塔城地区额敏县,83.625263,46.524111,WGS84
654224,654200,COUNTY,新疆维吾尔自治区,塔城地区,托里县,新疆维吾尔自治区塔城地区托里县,83.603374,45.948280,WGS84
654225,654200,COUNTY,新疆维吾尔自治区,塔城地区,裕民县,新疆维吾尔自治区塔城地区裕民县,82.979123,46.200372,WGS84
654226,654200,COUNTY,新疆维吾尔自治区,塔城地区,和布克赛尔蒙古自治县,新疆维吾尔自治区塔城地区和布克赛尔蒙古自治县,85.725495,46.792381,WGS84
654300,650000,CITY,新疆维吾尔自治区,阿勒泰地区,,新疆维吾尔自治区阿勒泰地区,88.137891,47.843616,WGS84
654301,654300,COUNTY,新疆维吾尔自治区,阿勒泰地区,阿勒泰市,新疆维吾尔自治区阿勒泰地区阿勒泰市,88.128458,47.825982,WGS84
654321,654300,COUNTY,新疆维吾尔自治区,阿勒泰地区,布尔津县,新疆维吾尔自治区阿勒泰地区布尔津县,86.872367,47.700905,WGS84
654322,654300,COUNTY,新疆维吾尔自治区,阿勒泰地区,富蕴县,新疆维吾尔自治区阿勒泰地区富蕴县,89.522674,46.993046,WGS84
654323,654300,COUNTY,新疆维吾尔自治区,阿勒泰地区,福海县,新疆维吾尔自治区阿勒泰地区福海县,87.483351,47.110803,WGS84
654324,654300,COUNTY,新疆维吾尔自治区,阿勒泰地区,哈巴河县,新疆维吾尔自治区阿勒泰地区哈巴河县,86.415631,48.059642,WGS84
654325,654300,COUNTY,新疆维吾尔自治区,阿勒泰地区,青河县,新疆维吾尔自治区阿勒泰地区青河县,90.372895,46.677410,WGS84
654326,654300,COUNTY,新疆维吾尔自治区,阿勒泰地区,吉木乃县,新疆维吾尔自治区阿勒泰地区吉木乃县,85.871508,47.442138,WGS84
659001,650000,COUNTY,新疆维吾尔自治区,,石河子市,新疆维吾尔自治区石河子市,86.077560,44.304139,WGS84
659002,650000,COUNTY,新疆维吾尔自治区,,阿拉尔市,新疆维吾尔自治区阿拉尔市,81.277752,40.546644,WGS84
659003,650000,COUNTY,新疆维吾尔自治区,,图木舒克市,新疆维吾尔自治区图木舒克市,79.072560,39.867221,WGS84
659004,650000,COUNTY,新疆维吾尔自治区,,五家渠市,新疆维吾尔自治区五家渠市,87.539895,44.165432,WGS84
659005,650000,COUNTY,新疆维吾尔自治区,,北屯市,新疆维吾尔自治区北屯市,87.831310,47.325673,WGS84
659006,650000,COUNTY,新疆维吾尔自治区,,铁门关市,新疆维吾尔自治区铁门关市,85.667797,41.861747,WGS84
659007,650000,COUNTY,新疆维吾尔自治区,,双河市,新疆维吾尔自治区双河市,82.350476,44.839531,WGS84
659008,650000,COUNTY,新疆维吾尔自治区,,可克达拉市,新疆维吾尔自治区可克达拉市,80.991544,43.939264,WGS84
659009,650000,COUNTY,新疆维吾尔自治区,,昆玉市,新疆维吾尔自治区昆玉市,79.268005,37.215484,WGS84
659010,650000,COUNTY,新疆维吾尔自治区,,胡杨河市,新疆维吾尔自治区胡杨河市,84.825112,44.692064,WGS84
659011,650000,COUNTY,新疆维吾尔自治区,,新星市,新疆维吾尔自治区新星市,93.746689,42.795487,WGS84
659012,650000,COUNTY,新疆维吾尔自治区,,白杨市,新疆维吾尔自治区白杨市,82.893994,46.727383,WGS84
